dgm,sample_size,noise_level,effect_type,effect_size,repeat,ci_test,rejected_null
linear_gaussian,100,0.5,null,0.0,0,pearsonr,False
linear_gaussian,100,0.5,null,0.0,0,gcm,False
linear_gaussian,100,0.5,null,0.0,0,pillai,False
linear_gaussian,100,0.5,null,0.0,1,pearsonr,False
linear_gaussian,100,0.5,null,0.0,1,gcm,False
linear_gaussian,100,0.5,null,0.0,1,pillai,False
linear_gaussian,100,0.5,null,0.0,2,pearsonr,False
linear_gaussian,100,0.5,null,0.0,2,gcm,False
linear_gaussian,100,0.5,null,0.0,2,pillai,False
linear_gaussian,100,0.5,null,0.0,3,pearsonr,False
linear_gaussian,100,0.5,null,0.0,3,gcm,False
linear_gaussian,100,0.5,null,0.0,3,pillai,False
linear_gaussian,100,0.5,null,0.0,4,pearsonr,False
linear_gaussian,100,0.5,null,0.0,4,gcm,False
linear_gaussian,100,0.5,null,0.0,4,pillai,True
linear_gaussian,100,0.5,null,0.0,5,pearsonr,False
linear_gaussian,100,0.5,null,0.0,5,gcm,False
linear_gaussian,100,0.5,null,0.0,5,pillai,True
linear_gaussian,100,0.5,null,0.0,6,pearsonr,False
linear_gaussian,100,0.5,null,0.0,6,gcm,False
linear_gaussian,100,0.5,null,0.0,6,pillai,False
linear_gaussian,100,0.5,null,0.0,7,pearsonr,False
linear_gaussian,100,0.5,null,0.0,7,gcm,False
linear_gaussian,100,0.5,null,0.0,7,pillai,True
linear_gaussian,100,0.5,null,0.0,8,pearsonr,False
linear_gaussian,100,0.5,null,0.0,8,gcm,False
linear_gaussian,100,0.5,null,0.0,8,pillai,True
linear_gaussian,100,0.5,null,0.0,9,pearsonr,False
linear_gaussian,100,0.5,null,0.0,9,gcm,False
linear_gaussian,100,0.5,null,0.0,9,pillai,True
linear_gaussian,100,0.5,null,0.0,10,pearsonr,False
linear_gaussian,100,0.5,null,0.0,10,gcm,False
linear_gaussian,100,0.5,null,0.0,10,pillai,False
linear_gaussian,100,0.5,null,0.0,11,pearsonr,False
linear_gaussian,100,0.5,null,0.0,11,gcm,False
linear_gaussian,100,0.5,null,0.0,11,pillai,False
linear_gaussian,100,0.5,null,0.0,12,pearsonr,False
linear_gaussian,100,0.5,null,0.0,12,gcm,False
linear_gaussian,100,0.5,null,0.0,12,pillai,False
linear_gaussian,100,0.5,null,0.0,13,pearsonr,False
linear_gaussian,100,0.5,null,0.0,13,gcm,False
linear_gaussian,100,0.5,null,0.0,13,pillai,False
linear_gaussian,100,0.5,null,0.0,14,pearsonr,False
linear_gaussian,100,0.5,null,0.0,14,gcm,False
linear_gaussian,100,0.5,null,0.0,14,pillai,False
linear_gaussian,100,0.5,null,0.0,15,pearsonr,False
linear_gaussian,100,0.5,null,0.0,15,gcm,False
linear_gaussian,100,0.5,null,0.0,15,pillai,False
linear_gaussian,100,0.5,null,0.0,16,pearsonr,False
linear_gaussian,100,0.5,null,0.0,16,gcm,False
linear_gaussian,100,0.5,null,0.0,16,pillai,False
linear_gaussian,100,0.5,null,0.0,17,pearsonr,False
linear_gaussian,100,0.5,null,0.0,17,gcm,False
linear_gaussian,100,0.5,null,0.0,17,pillai,False
linear_gaussian,100,0.5,null,0.0,18,pearsonr,False
linear_gaussian,100,0.5,null,0.0,18,gcm,False
linear_gaussian,100,0.5,null,0.0,18,pillai,False
linear_gaussian,100,0.5,null,0.0,19,pearsonr,False
linear_gaussian,100,0.5,null,0.0,19,gcm,False
linear_gaussian,100,0.5,null,0.0,19,pillai,False
linear_gaussian,100,0.5,null,0.0,20,pearsonr,False
linear_gaussian,100,0.5,null,0.0,20,gcm,False
linear_gaussian,100,0.5,null,0.0,20,pillai,False
linear_gaussian,100,0.5,null,0.0,21,pearsonr,False
linear_gaussian,100,0.5,null,0.0,21,gcm,False
linear_gaussian,100,0.5,null,0.0,21,pillai,False
linear_gaussian,100,0.5,null,0.0,22,pearsonr,False
linear_gaussian,100,0.5,null,0.0,22,gcm,False
linear_gaussian,100,0.5,null,0.0,22,pillai,False
linear_gaussian,100,0.5,null,0.0,23,pearsonr,False
linear_gaussian,100,0.5,null,0.0,23,gcm,False
linear_gaussian,100,0.5,null,0.0,23,pillai,False
linear_gaussian,100,0.5,null,0.0,24,pearsonr,False
linear_gaussian,100,0.5,null,0.0,24,gcm,False
linear_gaussian,100,0.5,null,0.0,24,pillai,False
linear_gaussian,100,0.5,null,0.0,25,pearsonr,False
linear_gaussian,100,0.5,null,0.0,25,gcm,False
linear_gaussian,100,0.5,null,0.0,25,pillai,False
linear_gaussian,100,0.5,null,0.0,26,pearsonr,False
linear_gaussian,100,0.5,null,0.0,26,gcm,False
linear_gaussian,100,0.5,null,0.0,26,pillai,False
linear_gaussian,100,0.5,null,0.0,27,pearsonr,False
linear_gaussian,100,0.5,null,0.0,27,gcm,False
linear_gaussian,100,0.5,null,0.0,27,pillai,False
linear_gaussian,100,0.5,null,0.0,28,pearsonr,False
linear_gaussian,100,0.5,null,0.0,28,gcm,False
linear_gaussian,100,0.5,null,0.0,28,pillai,False
linear_gaussian,100,0.5,null,0.0,29,pearsonr,False
linear_gaussian,100,0.5,null,0.0,29,gcm,False
linear_gaussian,100,0.5,null,0.0,29,pillai,False
linear_gaussian,100,0.5,null,0.0,30,pearsonr,False
linear_gaussian,100,0.5,null,0.0,30,gcm,False
linear_gaussian,100,0.5,null,0.0,30,pillai,False
linear_gaussian,100,0.5,null,0.0,31,pearsonr,False
linear_gaussian,100,0.5,null,0.0,31,gcm,False
linear_gaussian,100,0.5,null,0.0,31,pillai,False
linear_gaussian,100,0.5,null,0.0,32,pearsonr,False
linear_gaussian,100,0.5,null,0.0,32,gcm,False
linear_gaussian,100,0.5,null,0.0,32,pillai,True
linear_gaussian,100,0.5,null,0.0,33,pearsonr,False
linear_gaussian,100,0.5,null,0.0,33,gcm,False
linear_gaussian,100,0.5,null,0.0,33,pillai,False
linear_gaussian,100,0.5,null,0.0,34,pearsonr,False
linear_gaussian,100,0.5,null,0.0,34,gcm,False
linear_gaussian,100,0.5,null,0.0,34,pillai,False
linear_gaussian,100,0.5,null,0.0,35,pearsonr,False
linear_gaussian,100,0.5,null,0.0,35,gcm,False
linear_gaussian,100,0.5,null,0.0,35,pillai,True
linear_gaussian,100,0.5,null,0.0,36,pearsonr,False
linear_gaussian,100,0.5,null,0.0,36,gcm,False
linear_gaussian,100,0.5,null,0.0,36,pillai,False
linear_gaussian,100,0.5,null,0.0,37,pearsonr,False
linear_gaussian,100,0.5,null,0.0,37,gcm,False
linear_gaussian,100,0.5,null,0.0,37,pillai,False
linear_gaussian,100,0.5,null,0.0,38,pearsonr,False
linear_gaussian,100,0.5,null,0.0,38,gcm,False
linear_gaussian,100,0.5,null,0.0,38,pillai,False
linear_gaussian,100,0.5,null,0.0,39,pearsonr,False
linear_gaussian,100,0.5,null,0.0,39,gcm,False
linear_gaussian,100,0.5,null,0.0,39,pillai,False
linear_gaussian,100,0.5,null,0.0,40,pearsonr,False
linear_gaussian,100,0.5,null,0.0,40,gcm,False
linear_gaussian,100,0.5,null,0.0,40,pillai,False
linear_gaussian,100,0.5,null,0.0,41,pearsonr,False
linear_gaussian,100,0.5,null,0.0,41,gcm,False
linear_gaussian,100,0.5,null,0.0,41,pillai,False
linear_gaussian,100,0.5,null,0.0,42,pearsonr,False
linear_gaussian,100,0.5,null,0.0,42,gcm,False
linear_gaussian,100,0.5,null,0.0,42,pillai,False
linear_gaussian,100,0.5,null,0.0,43,pearsonr,False
linear_gaussian,100,0.5,null,0.0,43,gcm,False
linear_gaussian,100,0.5,null,0.0,43,pillai,False
linear_gaussian,100,0.5,null,0.0,44,pearsonr,False
linear_gaussian,100,0.5,null,0.0,44,gcm,False
linear_gaussian,100,0.5,null,0.0,44,pillai,False
linear_gaussian,100,0.5,null,0.0,45,pearsonr,False
linear_gaussian,100,0.5,null,0.0,45,gcm,False
linear_gaussian,100,0.5,null,0.0,45,pillai,False
linear_gaussian,100,0.5,null,0.0,46,pearsonr,False
linear_gaussian,100,0.5,null,0.0,46,gcm,False
linear_gaussian,100,0.5,null,0.0,46,pillai,True
linear_gaussian,100,0.5,null,0.0,47,pearsonr,False
linear_gaussian,100,0.5,null,0.0,47,gcm,False
linear_gaussian,100,0.5,null,0.0,47,pillai,False
linear_gaussian,100,0.5,null,0.0,48,pearsonr,False
linear_gaussian,100,0.5,null,0.0,48,gcm,False
linear_gaussian,100,0.5,null,0.0,48,pillai,False
linear_gaussian,100,0.5,null,0.0,49,pearsonr,True
linear_gaussian,100,0.5,null,0.0,49,gcm,True
linear_gaussian,100,0.5,null,0.0,49,pillai,False
linear_gaussian,100,0.5,alt,1.0,0,pearsonr,False
linear_gaussian,100,0.5,alt,1.0,0,gcm,False
linear_gaussian,100,0.5,alt,1.0,0,pillai,False
linear_gaussian,100,0.5,alt,1.0,1,pearsonr,False
linear_gaussian,100,0.5,alt,1.0,1,gcm,False
linear_gaussian,100,0.5,alt,1.0,1,pillai,False
linear_gaussian,100,0.5,alt,1.0,2,pearsonr,False
linear_gaussian,100,0.5,alt,1.0,2,gcm,False
linear_gaussian,100,0.5,alt,1.0,2,pillai,False
linear_gaussian,100,0.5,alt,1.0,3,pearsonr,False
linear_gaussian,100,0.5,alt,1.0,3,gcm,False
linear_gaussian,100,0.5,alt,1.0,3,pillai,False
linear_gaussian,100,0.5,alt,1.0,4,pearsonr,False
linear_gaussian,100,0.5,alt,1.0,4,gcm,False
linear_gaussian,100,0.5,alt,1.0,4,pillai,True
linear_gaussian,100,0.5,alt,1.0,5,pearsonr,False
linear_gaussian,100,0.5,alt,1.0,5,gcm,False
linear_gaussian,100,0.5,alt,1.0,5,pillai,False
linear_gaussian,100,0.5,alt,1.0,6,pearsonr,False
linear_gaussian,100,0.5,alt,1.0,6,gcm,False
linear_gaussian,100,0.5,alt,1.0,6,pillai,False
linear_gaussian,100,0.5,alt,1.0,7,pearsonr,False
linear_gaussian,100,0.5,alt,1.0,7,gcm,False
linear_gaussian,100,0.5,alt,1.0,7,pillai,True
linear_gaussian,100,0.5,alt,1.0,8,pearsonr,False
linear_gaussian,100,0.5,alt,1.0,8,gcm,False
linear_gaussian,100,0.5,alt,1.0,8,pillai,False
linear_gaussian,100,0.5,alt,1.0,9,pearsonr,False
linear_gaussian,100,0.5,alt,1.0,9,gcm,False
linear_gaussian,100,0.5,alt,1.0,9,pillai,True
linear_gaussian,100,0.5,alt,1.0,10,pearsonr,False
linear_gaussian,100,0.5,alt,1.0,10,gcm,False
linear_gaussian,100,0.5,alt,1.0,10,pillai,False
linear_gaussian,100,0.5,alt,1.0,11,pearsonr,False
linear_gaussian,100,0.5,alt,1.0,11,gcm,False
linear_gaussian,100,0.5,alt,1.0,11,pillai,False
linear_gaussian,100,0.5,alt,1.0,12,pearsonr,False
linear_gaussian,100,0.5,alt,1.0,12,gcm,False
linear_gaussian,100,0.5,alt,1.0,12,pillai,False
linear_gaussian,100,0.5,alt,1.0,13,pearsonr,False
linear_gaussian,100,0.5,alt,1.0,13,gcm,False
linear_gaussian,100,0.5,alt,1.0,13,pillai,False
linear_gaussian,100,0.5,alt,1.0,14,pearsonr,False
linear_gaussian,100,0.5,alt,1.0,14,gcm,False
linear_gaussian,100,0.5,alt,1.0,14,pillai,False
linear_gaussian,100,0.5,alt,1.0,15,pearsonr,False
linear_gaussian,100,0.5,alt,1.0,15,gcm,False
linear_gaussian,100,0.5,alt,1.0,15,pillai,True
linear_gaussian,100,0.5,alt,1.0,16,pearsonr,False
linear_gaussian,100,0.5,alt,1.0,16,gcm,False
linear_gaussian,100,0.5,alt,1.0,16,pillai,False
linear_gaussian,100,0.5,alt,1.0,17,pearsonr,False
linear_gaussian,100,0.5,alt,1.0,17,gcm,False
linear_gaussian,100,0.5,alt,1.0,17,pillai,False
linear_gaussian,100,0.5,alt,1.0,18,pearsonr,False
linear_gaussian,100,0.5,alt,1.0,18,gcm,False
linear_gaussian,100,0.5,alt,1.0,18,pillai,False
linear_gaussian,100,0.5,alt,1.0,19,pearsonr,False
linear_gaussian,100,0.5,alt,1.0,19,gcm,False
linear_gaussian,100,0.5,alt,1.0,19,pillai,False
linear_gaussian,100,0.5,alt,1.0,20,pearsonr,False
linear_gaussian,100,0.5,alt,1.0,20,gcm,False
linear_gaussian,100,0.5,alt,1.0,20,pillai,False
linear_gaussian,100,0.5,alt,1.0,21,pearsonr,False
linear_gaussian,100,0.5,alt,1.0,21,gcm,False
linear_gaussian,100,0.5,alt,1.0,21,pillai,False
linear_gaussian,100,0.5,alt,1.0,22,pearsonr,False
linear_gaussian,100,0.5,alt,1.0,22,gcm,False
linear_gaussian,100,0.5,alt,1.0,22,pillai,False
linear_gaussian,100,0.5,alt,1.0,23,pearsonr,False
linear_gaussian,100,0.5,alt,1.0,23,gcm,False
linear_gaussian,100,0.5,alt,1.0,23,pillai,False
linear_gaussian,100,0.5,alt,1.0,24,pearsonr,False
linear_gaussian,100,0.5,alt,1.0,24,gcm,False
linear_gaussian,100,0.5,alt,1.0,24,pillai,False
linear_gaussian,100,0.5,alt,1.0,25,pearsonr,False
linear_gaussian,100,0.5,alt,1.0,25,gcm,False
linear_gaussian,100,0.5,alt,1.0,25,pillai,False
linear_gaussian,100,0.5,alt,1.0,26,pearsonr,False
linear_gaussian,100,0.5,alt,1.0,26,gcm,False
linear_gaussian,100,0.5,alt,1.0,26,pillai,False
linear_gaussian,100,0.5,alt,1.0,27,pearsonr,False
linear_gaussian,100,0.5,alt,1.0,27,gcm,False
linear_gaussian,100,0.5,alt,1.0,27,pillai,False
linear_gaussian,100,0.5,alt,1.0,28,pearsonr,False
linear_gaussian,100,0.5,alt,1.0,28,gcm,False
linear_gaussian,100,0.5,alt,1.0,28,pillai,False
linear_gaussian,100,0.5,alt,1.0,29,pearsonr,False
linear_gaussian,100,0.5,alt,1.0,29,gcm,False
linear_gaussian,100,0.5,alt,1.0,29,pillai,False
linear_gaussian,100,0.5,alt,1.0,30,pearsonr,False
linear_gaussian,100,0.5,alt,1.0,30,gcm,False
linear_gaussian,100,0.5,alt,1.0,30,pillai,False
linear_gaussian,100,0.5,alt,1.0,31,pearsonr,False
linear_gaussian,100,0.5,alt,1.0,31,gcm,False
linear_gaussian,100,0.5,alt,1.0,31,pillai,False
linear_gaussian,100,0.5,alt,1.0,32,pearsonr,False
linear_gaussian,100,0.5,alt,1.0,32,gcm,False
linear_gaussian,100,0.5,alt,1.0,32,pillai,False
linear_gaussian,100,0.5,alt,1.0,33,pearsonr,False
linear_gaussian,100,0.5,alt,1.0,33,gcm,False
linear_gaussian,100,0.5,alt,1.0,33,pillai,False
linear_gaussian,100,0.5,alt,1.0,34,pearsonr,False
linear_gaussian,100,0.5,alt,1.0,34,gcm,False
linear_gaussian,100,0.5,alt,1.0,34,pillai,False
linear_gaussian,100,0.5,alt,1.0,35,pearsonr,False
linear_gaussian,100,0.5,alt,1.0,35,gcm,False
linear_gaussian,100,0.5,alt,1.0,35,pillai,True
linear_gaussian,100,0.5,alt,1.0,36,pearsonr,False
linear_gaussian,100,0.5,alt,1.0,36,gcm,False
linear_gaussian,100,0.5,alt,1.0,36,pillai,False
linear_gaussian,100,0.5,alt,1.0,37,pearsonr,False
linear_gaussian,100,0.5,alt,1.0,37,gcm,False
linear_gaussian,100,0.5,alt,1.0,37,pillai,False
linear_gaussian,100,0.5,alt,1.0,38,pearsonr,False
linear_gaussian,100,0.5,alt,1.0,38,gcm,False
linear_gaussian,100,0.5,alt,1.0,38,pillai,False
linear_gaussian,100,0.5,alt,1.0,39,pearsonr,False
linear_gaussian,100,0.5,alt,1.0,39,gcm,False
linear_gaussian,100,0.5,alt,1.0,39,pillai,False
linear_gaussian,100,0.5,alt,1.0,40,pearsonr,False
linear_gaussian,100,0.5,alt,1.0,40,gcm,False
linear_gaussian,100,0.5,alt,1.0,40,pillai,False
linear_gaussian,100,0.5,alt,1.0,41,pearsonr,False
linear_gaussian,100,0.5,alt,1.0,41,gcm,False
linear_gaussian,100,0.5,alt,1.0,41,pillai,False
linear_gaussian,100,0.5,alt,1.0,42,pearsonr,False
linear_gaussian,100,0.5,alt,1.0,42,gcm,False
linear_gaussian,100,0.5,alt,1.0,42,pillai,False
linear_gaussian,100,0.5,alt,1.0,43,pearsonr,False
linear_gaussian,100,0.5,alt,1.0,43,gcm,False
linear_gaussian,100,0.5,alt,1.0,43,pillai,False
linear_gaussian,100,0.5,alt,1.0,44,pearsonr,False
linear_gaussian,100,0.5,alt,1.0,44,gcm,False
linear_gaussian,100,0.5,alt,1.0,44,pillai,False
linear_gaussian,100,0.5,alt,1.0,45,pearsonr,False
linear_gaussian,100,0.5,alt,1.0,45,gcm,False
linear_gaussian,100,0.5,alt,1.0,45,pillai,False
linear_gaussian,100,0.5,alt,1.0,46,pearsonr,False
linear_gaussian,100,0.5,alt,1.0,46,gcm,False
linear_gaussian,100,0.5,alt,1.0,46,pillai,True
linear_gaussian,100,0.5,alt,1.0,47,pearsonr,False
linear_gaussian,100,0.5,alt,1.0,47,gcm,False
linear_gaussian,100,0.5,alt,1.0,47,pillai,True
linear_gaussian,100,0.5,alt,1.0,48,pearsonr,False
linear_gaussian,100,0.5,alt,1.0,48,gcm,False
linear_gaussian,100,0.5,alt,1.0,48,pillai,False
linear_gaussian,100,0.5,alt,1.0,49,pearsonr,True
linear_gaussian,100,0.5,alt,1.0,49,gcm,True
linear_gaussian,100,0.5,alt,1.0,49,pillai,False
linear_gaussian,100,1.0,null,0.0,0,pearsonr,False
linear_gaussian,100,1.0,null,0.0,0,gcm,False
linear_gaussian,100,1.0,null,0.0,0,pillai,False
linear_gaussian,100,1.0,null,0.0,1,pearsonr,False
linear_gaussian,100,1.0,null,0.0,1,gcm,False
linear_gaussian,100,1.0,null,0.0,1,pillai,False
linear_gaussian,100,1.0,null,0.0,2,pearsonr,False
linear_gaussian,100,1.0,null,0.0,2,gcm,False
linear_gaussian,100,1.0,null,0.0,2,pillai,False
linear_gaussian,100,1.0,null,0.0,3,pearsonr,False
linear_gaussian,100,1.0,null,0.0,3,gcm,False
linear_gaussian,100,1.0,null,0.0,3,pillai,False
linear_gaussian,100,1.0,null,0.0,4,pearsonr,False
linear_gaussian,100,1.0,null,0.0,4,gcm,False
linear_gaussian,100,1.0,null,0.0,4,pillai,True
linear_gaussian,100,1.0,null,0.0,5,pearsonr,False
linear_gaussian,100,1.0,null,0.0,5,gcm,False
linear_gaussian,100,1.0,null,0.0,5,pillai,True
linear_gaussian,100,1.0,null,0.0,6,pearsonr,False
linear_gaussian,100,1.0,null,0.0,6,gcm,False
linear_gaussian,100,1.0,null,0.0,6,pillai,False
linear_gaussian,100,1.0,null,0.0,7,pearsonr,False
linear_gaussian,100,1.0,null,0.0,7,gcm,False
linear_gaussian,100,1.0,null,0.0,7,pillai,True
linear_gaussian,100,1.0,null,0.0,8,pearsonr,False
linear_gaussian,100,1.0,null,0.0,8,gcm,False
linear_gaussian,100,1.0,null,0.0,8,pillai,True
linear_gaussian,100,1.0,null,0.0,9,pearsonr,False
linear_gaussian,100,1.0,null,0.0,9,gcm,False
linear_gaussian,100,1.0,null,0.0,9,pillai,True
linear_gaussian,100,1.0,null,0.0,10,pearsonr,False
linear_gaussian,100,1.0,null,0.0,10,gcm,False
linear_gaussian,100,1.0,null,0.0,10,pillai,False
linear_gaussian,100,1.0,null,0.0,11,pearsonr,False
linear_gaussian,100,1.0,null,0.0,11,gcm,False
linear_gaussian,100,1.0,null,0.0,11,pillai,False
linear_gaussian,100,1.0,null,0.0,12,pearsonr,False
linear_gaussian,100,1.0,null,0.0,12,gcm,False
linear_gaussian,100,1.0,null,0.0,12,pillai,False
linear_gaussian,100,1.0,null,0.0,13,pearsonr,False
linear_gaussian,100,1.0,null,0.0,13,gcm,False
linear_gaussian,100,1.0,null,0.0,13,pillai,False
linear_gaussian,100,1.0,null,0.0,14,pearsonr,False
linear_gaussian,100,1.0,null,0.0,14,gcm,False
linear_gaussian,100,1.0,null,0.0,14,pillai,False
linear_gaussian,100,1.0,null,0.0,15,pearsonr,False
linear_gaussian,100,1.0,null,0.0,15,gcm,False
linear_gaussian,100,1.0,null,0.0,15,pillai,False
linear_gaussian,100,1.0,null,0.0,16,pearsonr,False
linear_gaussian,100,1.0,null,0.0,16,gcm,False
linear_gaussian,100,1.0,null,0.0,16,pillai,False
linear_gaussian,100,1.0,null,0.0,17,pearsonr,False
linear_gaussian,100,1.0,null,0.0,17,gcm,False
linear_gaussian,100,1.0,null,0.0,17,pillai,False
linear_gaussian,100,1.0,null,0.0,18,pearsonr,False
linear_gaussian,100,1.0,null,0.0,18,gcm,False
linear_gaussian,100,1.0,null,0.0,18,pillai,False
linear_gaussian,100,1.0,null,0.0,19,pearsonr,False
linear_gaussian,100,1.0,null,0.0,19,gcm,False
linear_gaussian,100,1.0,null,0.0,19,pillai,False
linear_gaussian,100,1.0,null,0.0,20,pearsonr,False
linear_gaussian,100,1.0,null,0.0,20,gcm,False
linear_gaussian,100,1.0,null,0.0,20,pillai,False
linear_gaussian,100,1.0,null,0.0,21,pearsonr,False
linear_gaussian,100,1.0,null,0.0,21,gcm,False
linear_gaussian,100,1.0,null,0.0,21,pillai,False
linear_gaussian,100,1.0,null,0.0,22,pearsonr,False
linear_gaussian,100,1.0,null,0.0,22,gcm,False
linear_gaussian,100,1.0,null,0.0,22,pillai,False
linear_gaussian,100,1.0,null,0.0,23,pearsonr,False
linear_gaussian,100,1.0,null,0.0,23,gcm,False
linear_gaussian,100,1.0,null,0.0,23,pillai,False
linear_gaussian,100,1.0,null,0.0,24,pearsonr,False
linear_gaussian,100,1.0,null,0.0,24,gcm,False
linear_gaussian,100,1.0,null,0.0,24,pillai,False
linear_gaussian,100,1.0,null,0.0,25,pearsonr,False
linear_gaussian,100,1.0,null,0.0,25,gcm,False
linear_gaussian,100,1.0,null,0.0,25,pillai,False
linear_gaussian,100,1.0,null,0.0,26,pearsonr,False
linear_gaussian,100,1.0,null,0.0,26,gcm,False
linear_gaussian,100,1.0,null,0.0,26,pillai,False
linear_gaussian,100,1.0,null,0.0,27,pearsonr,False
linear_gaussian,100,1.0,null,0.0,27,gcm,False
linear_gaussian,100,1.0,null,0.0,27,pillai,False
linear_gaussian,100,1.0,null,0.0,28,pearsonr,False
linear_gaussian,100,1.0,null,0.0,28,gcm,False
linear_gaussian,100,1.0,null,0.0,28,pillai,False
linear_gaussian,100,1.0,null,0.0,29,pearsonr,False
linear_gaussian,100,1.0,null,0.0,29,gcm,False
linear_gaussian,100,1.0,null,0.0,29,pillai,False
linear_gaussian,100,1.0,null,0.0,30,pearsonr,False
linear_gaussian,100,1.0,null,0.0,30,gcm,False
linear_gaussian,100,1.0,null,0.0,30,pillai,False
linear_gaussian,100,1.0,null,0.0,31,pearsonr,False
linear_gaussian,100,1.0,null,0.0,31,gcm,False
linear_gaussian,100,1.0,null,0.0,31,pillai,False
linear_gaussian,100,1.0,null,0.0,32,pearsonr,False
linear_gaussian,100,1.0,null,0.0,32,gcm,False
linear_gaussian,100,1.0,null,0.0,32,pillai,True
linear_gaussian,100,1.0,null,0.0,33,pearsonr,False
linear_gaussian,100,1.0,null,0.0,33,gcm,False
linear_gaussian,100,1.0,null,0.0,33,pillai,False
linear_gaussian,100,1.0,null,0.0,34,pearsonr,False
linear_gaussian,100,1.0,null,0.0,34,gcm,False
linear_gaussian,100,1.0,null,0.0,34,pillai,False
linear_gaussian,100,1.0,null,0.0,35,pearsonr,False
linear_gaussian,100,1.0,null,0.0,35,gcm,False
linear_gaussian,100,1.0,null,0.0,35,pillai,True
linear_gaussian,100,1.0,null,0.0,36,pearsonr,False
linear_gaussian,100,1.0,null,0.0,36,gcm,False
linear_gaussian,100,1.0,null,0.0,36,pillai,False
linear_gaussian,100,1.0,null,0.0,37,pearsonr,False
linear_gaussian,100,1.0,null,0.0,37,gcm,False
linear_gaussian,100,1.0,null,0.0,37,pillai,False
linear_gaussian,100,1.0,null,0.0,38,pearsonr,False
linear_gaussian,100,1.0,null,0.0,38,gcm,False
linear_gaussian,100,1.0,null,0.0,38,pillai,False
linear_gaussian,100,1.0,null,0.0,39,pearsonr,False
linear_gaussian,100,1.0,null,0.0,39,gcm,False
linear_gaussian,100,1.0,null,0.0,39,pillai,False
linear_gaussian,100,1.0,null,0.0,40,pearsonr,False
linear_gaussian,100,1.0,null,0.0,40,gcm,False
linear_gaussian,100,1.0,null,0.0,40,pillai,False
linear_gaussian,100,1.0,null,0.0,41,pearsonr,False
linear_gaussian,100,1.0,null,0.0,41,gcm,False
linear_gaussian,100,1.0,null,0.0,41,pillai,False
linear_gaussian,100,1.0,null,0.0,42,pearsonr,False
linear_gaussian,100,1.0,null,0.0,42,gcm,False
linear_gaussian,100,1.0,null,0.0,42,pillai,False
linear_gaussian,100,1.0,null,0.0,43,pearsonr,False
linear_gaussian,100,1.0,null,0.0,43,gcm,False
linear_gaussian,100,1.0,null,0.0,43,pillai,False
linear_gaussian,100,1.0,null,0.0,44,pearsonr,False
linear_gaussian,100,1.0,null,0.0,44,gcm,False
linear_gaussian,100,1.0,null,0.0,44,pillai,False
linear_gaussian,100,1.0,null,0.0,45,pearsonr,False
linear_gaussian,100,1.0,null,0.0,45,gcm,False
linear_gaussian,100,1.0,null,0.0,45,pillai,False
linear_gaussian,100,1.0,null,0.0,46,pearsonr,False
linear_gaussian,100,1.0,null,0.0,46,gcm,False
linear_gaussian,100,1.0,null,0.0,46,pillai,True
linear_gaussian,100,1.0,null,0.0,47,pearsonr,False
linear_gaussian,100,1.0,null,0.0,47,gcm,False
linear_gaussian,100,1.0,null,0.0,47,pillai,False
linear_gaussian,100,1.0,null,0.0,48,pearsonr,False
linear_gaussian,100,1.0,null,0.0,48,gcm,False
linear_gaussian,100,1.0,null,0.0,48,pillai,False
linear_gaussian,100,1.0,null,0.0,49,pearsonr,True
linear_gaussian,100,1.0,null,0.0,49,gcm,True
linear_gaussian,100,1.0,null,0.0,49,pillai,False
linear_gaussian,100,1.0,alt,1.0,0,pearsonr,False
linear_gaussian,100,1.0,alt,1.0,0,gcm,False
linear_gaussian,100,1.0,alt,1.0,0,pillai,False
linear_gaussian,100,1.0,alt,1.0,1,pearsonr,False
linear_gaussian,100,1.0,alt,1.0,1,gcm,False
linear_gaussian,100,1.0,alt,1.0,1,pillai,False
linear_gaussian,100,1.0,alt,1.0,2,pearsonr,False
linear_gaussian,100,1.0,alt,1.0,2,gcm,False
linear_gaussian,100,1.0,alt,1.0,2,pillai,False
linear_gaussian,100,1.0,alt,1.0,3,pearsonr,False
linear_gaussian,100,1.0,alt,1.0,3,gcm,False
linear_gaussian,100,1.0,alt,1.0,3,pillai,False
linear_gaussian,100,1.0,alt,1.0,4,pearsonr,False
linear_gaussian,100,1.0,alt,1.0,4,gcm,False
linear_gaussian,100,1.0,alt,1.0,4,pillai,True
linear_gaussian,100,1.0,alt,1.0,5,pearsonr,False
linear_gaussian,100,1.0,alt,1.0,5,gcm,False
linear_gaussian,100,1.0,alt,1.0,5,pillai,False
linear_gaussian,100,1.0,alt,1.0,6,pearsonr,False
linear_gaussian,100,1.0,alt,1.0,6,gcm,False
linear_gaussian,100,1.0,alt,1.0,6,pillai,False
linear_gaussian,100,1.0,alt,1.0,7,pearsonr,False
linear_gaussian,100,1.0,alt,1.0,7,gcm,False
linear_gaussian,100,1.0,alt,1.0,7,pillai,True
linear_gaussian,100,1.0,alt,1.0,8,pearsonr,False
linear_gaussian,100,1.0,alt,1.0,8,gcm,False
linear_gaussian,100,1.0,alt,1.0,8,pillai,True
linear_gaussian,100,1.0,alt,1.0,9,pearsonr,False
linear_gaussian,100,1.0,alt,1.0,9,gcm,False
linear_gaussian,100,1.0,alt,1.0,9,pillai,True
linear_gaussian,100,1.0,alt,1.0,10,pearsonr,False
linear_gaussian,100,1.0,alt,1.0,10,gcm,False
linear_gaussian,100,1.0,alt,1.0,10,pillai,False
linear_gaussian,100,1.0,alt,1.0,11,pearsonr,False
linear_gaussian,100,1.0,alt,1.0,11,gcm,False
linear_gaussian,100,1.0,alt,1.0,11,pillai,False
linear_gaussian,100,1.0,alt,1.0,12,pearsonr,False
linear_gaussian,100,1.0,alt,1.0,12,gcm,False
linear_gaussian,100,1.0,alt,1.0,12,pillai,False
linear_gaussian,100,1.0,alt,1.0,13,pearsonr,False
linear_gaussian,100,1.0,alt,1.0,13,gcm,False
linear_gaussian,100,1.0,alt,1.0,13,pillai,False
linear_gaussian,100,1.0,alt,1.0,14,pearsonr,False
linear_gaussian,100,1.0,alt,1.0,14,gcm,False
linear_gaussian,100,1.0,alt,1.0,14,pillai,False
linear_gaussian,100,1.0,alt,1.0,15,pearsonr,False
linear_gaussian,100,1.0,alt,1.0,15,gcm,False
linear_gaussian,100,1.0,alt,1.0,15,pillai,False
linear_gaussian,100,1.0,alt,1.0,16,pearsonr,False
linear_gaussian,100,1.0,alt,1.0,16,gcm,False
linear_gaussian,100,1.0,alt,1.0,16,pillai,False
linear_gaussian,100,1.0,alt,1.0,17,pearsonr,False
linear_gaussian,100,1.0,alt,1.0,17,gcm,False
linear_gaussian,100,1.0,alt,1.0,17,pillai,False
linear_gaussian,100,1.0,alt,1.0,18,pearsonr,False
linear_gaussian,100,1.0,alt,1.0,18,gcm,False
linear_gaussian,100,1.0,alt,1.0,18,pillai,False
linear_gaussian,100,1.0,alt,1.0,19,pearsonr,False
linear_gaussian,100,1.0,alt,1.0,19,gcm,False
linear_gaussian,100,1.0,alt,1.0,19,pillai,False
linear_gaussian,100,1.0,alt,1.0,20,pearsonr,False
linear_gaussian,100,1.0,alt,1.0,20,gcm,False
linear_gaussian,100,1.0,alt,1.0,20,pillai,False
linear_gaussian,100,1.0,alt,1.0,21,pearsonr,False
linear_gaussian,100,1.0,alt,1.0,21,gcm,False
linear_gaussian,100,1.0,alt,1.0,21,pillai,False
linear_gaussian,100,1.0,alt,1.0,22,pearsonr,False
linear_gaussian,100,1.0,alt,1.0,22,gcm,False
linear_gaussian,100,1.0,alt,1.0,22,pillai,False
linear_gaussian,100,1.0,alt,1.0,23,pearsonr,False
linear_gaussian,100,1.0,alt,1.0,23,gcm,False
linear_gaussian,100,1.0,alt,1.0,23,pillai,False
linear_gaussian,100,1.0,alt,1.0,24,pearsonr,False
linear_gaussian,100,1.0,alt,1.0,24,gcm,False
linear_gaussian,100,1.0,alt,1.0,24,pillai,False
linear_gaussian,100,1.0,alt,1.0,25,pearsonr,False
linear_gaussian,100,1.0,alt,1.0,25,gcm,False
linear_gaussian,100,1.0,alt,1.0,25,pillai,False
linear_gaussian,100,1.0,alt,1.0,26,pearsonr,False
linear_gaussian,100,1.0,alt,1.0,26,gcm,False
linear_gaussian,100,1.0,alt,1.0,26,pillai,False
linear_gaussian,100,1.0,alt,1.0,27,pearsonr,False
linear_gaussian,100,1.0,alt,1.0,27,gcm,False
linear_gaussian,100,1.0,alt,1.0,27,pillai,False
linear_gaussian,100,1.0,alt,1.0,28,pearsonr,False
linear_gaussian,100,1.0,alt,1.0,28,gcm,False
linear_gaussian,100,1.0,alt,1.0,28,pillai,False
linear_gaussian,100,1.0,alt,1.0,29,pearsonr,False
linear_gaussian,100,1.0,alt,1.0,29,gcm,False
linear_gaussian,100,1.0,alt,1.0,29,pillai,False
linear_gaussian,100,1.0,alt,1.0,30,pearsonr,False
linear_gaussian,100,1.0,alt,1.0,30,gcm,False
linear_gaussian,100,1.0,alt,1.0,30,pillai,False
linear_gaussian,100,1.0,alt,1.0,31,pearsonr,False
linear_gaussian,100,1.0,alt,1.0,31,gcm,False
linear_gaussian,100,1.0,alt,1.0,31,pillai,False
linear_gaussian,100,1.0,alt,1.0,32,pearsonr,False
linear_gaussian,100,1.0,alt,1.0,32,gcm,False
linear_gaussian,100,1.0,alt,1.0,32,pillai,False
linear_gaussian,100,1.0,alt,1.0,33,pearsonr,False
linear_gaussian,100,1.0,alt,1.0,33,gcm,False
linear_gaussian,100,1.0,alt,1.0,33,pillai,False
linear_gaussian,100,1.0,alt,1.0,34,pearsonr,False
linear_gaussian,100,1.0,alt,1.0,34,gcm,False
linear_gaussian,100,1.0,alt,1.0,34,pillai,False
linear_gaussian,100,1.0,alt,1.0,35,pearsonr,False
linear_gaussian,100,1.0,alt,1.0,35,gcm,False
linear_gaussian,100,1.0,alt,1.0,35,pillai,True
linear_gaussian,100,1.0,alt,1.0,36,pearsonr,False
linear_gaussian,100,1.0,alt,1.0,36,gcm,False
linear_gaussian,100,1.0,alt,1.0,36,pillai,False
linear_gaussian,100,1.0,alt,1.0,37,pearsonr,False
linear_gaussian,100,1.0,alt,1.0,37,gcm,False
linear_gaussian,100,1.0,alt,1.0,37,pillai,False
linear_gaussian,100,1.0,alt,1.0,38,pearsonr,False
linear_gaussian,100,1.0,alt,1.0,38,gcm,False
linear_gaussian,100,1.0,alt,1.0,38,pillai,False
linear_gaussian,100,1.0,alt,1.0,39,pearsonr,False
linear_gaussian,100,1.0,alt,1.0,39,gcm,False
linear_gaussian,100,1.0,alt,1.0,39,pillai,False
linear_gaussian,100,1.0,alt,1.0,40,pearsonr,False
linear_gaussian,100,1.0,alt,1.0,40,gcm,False
linear_gaussian,100,1.0,alt,1.0,40,pillai,False
linear_gaussian,100,1.0,alt,1.0,41,pearsonr,False
linear_gaussian,100,1.0,alt,1.0,41,gcm,False
linear_gaussian,100,1.0,alt,1.0,41,pillai,False
linear_gaussian,100,1.0,alt,1.0,42,pearsonr,False
linear_gaussian,100,1.0,alt,1.0,42,gcm,False
linear_gaussian,100,1.0,alt,1.0,42,pillai,False
linear_gaussian,100,1.0,alt,1.0,43,pearsonr,False
linear_gaussian,100,1.0,alt,1.0,43,gcm,False
linear_gaussian,100,1.0,alt,1.0,43,pillai,False
linear_gaussian,100,1.0,alt,1.0,44,pearsonr,False
linear_gaussian,100,1.0,alt,1.0,44,gcm,False
linear_gaussian,100,1.0,alt,1.0,44,pillai,False
linear_gaussian,100,1.0,alt,1.0,45,pearsonr,False
linear_gaussian,100,1.0,alt,1.0,45,gcm,False
linear_gaussian,100,1.0,alt,1.0,45,pillai,False
linear_gaussian,100,1.0,alt,1.0,46,pearsonr,False
linear_gaussian,100,1.0,alt,1.0,46,gcm,False
linear_gaussian,100,1.0,alt,1.0,46,pillai,False
linear_gaussian,100,1.0,alt,1.0,47,pearsonr,False
linear_gaussian,100,1.0,alt,1.0,47,gcm,False
linear_gaussian,100,1.0,alt,1.0,47,pillai,True
linear_gaussian,100,1.0,alt,1.0,48,pearsonr,False
linear_gaussian,100,1.0,alt,1.0,48,gcm,False
linear_gaussian,100,1.0,alt,1.0,48,pillai,False
linear_gaussian,100,1.0,alt,1.0,49,pearsonr,True
linear_gaussian,100,1.0,alt,1.0,49,gcm,True
linear_gaussian,100,1.0,alt,1.0,49,pillai,False
linear_gaussian,500,0.5,null,0.0,0,pearsonr,False
linear_gaussian,500,0.5,null,0.0,0,gcm,False
linear_gaussian,500,0.5,null,0.0,0,pillai,False
linear_gaussian,500,0.5,null,0.0,1,pearsonr,True
linear_gaussian,500,0.5,null,0.0,1,gcm,True
linear_gaussian,500,0.5,null,0.0,1,pillai,False
linear_gaussian,500,0.5,null,0.0,2,pearsonr,False
linear_gaussian,500,0.5,null,0.0,2,gcm,False
linear_gaussian,500,0.5,null,0.0,2,pillai,True
linear_gaussian,500,0.5,null,0.0,3,pearsonr,False
linear_gaussian,500,0.5,null,0.0,3,gcm,False
linear_gaussian,500,0.5,null,0.0,3,pillai,False
linear_gaussian,500,0.5,null,0.0,4,pearsonr,False
linear_gaussian,500,0.5,null,0.0,4,gcm,False
linear_gaussian,500,0.5,null,0.0,4,pillai,False
linear_gaussian,500,0.5,null,0.0,5,pearsonr,False
linear_gaussian,500,0.5,null,0.0,5,gcm,False
linear_gaussian,500,0.5,null,0.0,5,pillai,False
linear_gaussian,500,0.5,null,0.0,6,pearsonr,False
linear_gaussian,500,0.5,null,0.0,6,gcm,False
linear_gaussian,500,0.5,null,0.0,6,pillai,False
linear_gaussian,500,0.5,null,0.0,7,pearsonr,False
linear_gaussian,500,0.5,null,0.0,7,gcm,False
linear_gaussian,500,0.5,null,0.0,7,pillai,False
linear_gaussian,500,0.5,null,0.0,8,pearsonr,False
linear_gaussian,500,0.5,null,0.0,8,gcm,False
linear_gaussian,500,0.5,null,0.0,8,pillai,False
linear_gaussian,500,0.5,null,0.0,9,pearsonr,False
linear_gaussian,500,0.5,null,0.0,9,gcm,False
linear_gaussian,500,0.5,null,0.0,9,pillai,False
linear_gaussian,500,0.5,null,0.0,10,pearsonr,False
linear_gaussian,500,0.5,null,0.0,10,gcm,False
linear_gaussian,500,0.5,null,0.0,10,pillai,False
linear_gaussian,500,0.5,null,0.0,11,pearsonr,False
linear_gaussian,500,0.5,null,0.0,11,gcm,False
linear_gaussian,500,0.5,null,0.0,11,pillai,True
linear_gaussian,500,0.5,null,0.0,12,pearsonr,False
linear_gaussian,500,0.5,null,0.0,12,gcm,False
linear_gaussian,500,0.5,null,0.0,12,pillai,False
linear_gaussian,500,0.5,null,0.0,13,pearsonr,False
linear_gaussian,500,0.5,null,0.0,13,gcm,False
linear_gaussian,500,0.5,null,0.0,13,pillai,False
linear_gaussian,500,0.5,null,0.0,14,pearsonr,False
linear_gaussian,500,0.5,null,0.0,14,gcm,False
linear_gaussian,500,0.5,null,0.0,14,pillai,False
linear_gaussian,500,0.5,null,0.0,15,pearsonr,False
linear_gaussian,500,0.5,null,0.0,15,gcm,False
linear_gaussian,500,0.5,null,0.0,15,pillai,False
linear_gaussian,500,0.5,null,0.0,16,pearsonr,False
linear_gaussian,500,0.5,null,0.0,16,gcm,False
linear_gaussian,500,0.5,null,0.0,16,pillai,False
linear_gaussian,500,0.5,null,0.0,17,pearsonr,False
linear_gaussian,500,0.5,null,0.0,17,gcm,False
linear_gaussian,500,0.5,null,0.0,17,pillai,False
linear_gaussian,500,0.5,null,0.0,18,pearsonr,False
linear_gaussian,500,0.5,null,0.0,18,gcm,False
linear_gaussian,500,0.5,null,0.0,18,pillai,False
linear_gaussian,500,0.5,null,0.0,19,pearsonr,False
linear_gaussian,500,0.5,null,0.0,19,gcm,False
linear_gaussian,500,0.5,null,0.0,19,pillai,False
linear_gaussian,500,0.5,null,0.0,20,pearsonr,False
linear_gaussian,500,0.5,null,0.0,20,gcm,False
linear_gaussian,500,0.5,null,0.0,20,pillai,False
linear_gaussian,500,0.5,null,0.0,21,pearsonr,False
linear_gaussian,500,0.5,null,0.0,21,gcm,False
linear_gaussian,500,0.5,null,0.0,21,pillai,False
linear_gaussian,500,0.5,null,0.0,22,pearsonr,False
linear_gaussian,500,0.5,null,0.0,22,gcm,False
linear_gaussian,500,0.5,null,0.0,22,pillai,False
linear_gaussian,500,0.5,null,0.0,23,pearsonr,False
linear_gaussian,500,0.5,null,0.0,23,gcm,False
linear_gaussian,500,0.5,null,0.0,23,pillai,False
linear_gaussian,500,0.5,null,0.0,24,pearsonr,False
linear_gaussian,500,0.5,null,0.0,24,gcm,False
linear_gaussian,500,0.5,null,0.0,24,pillai,False
linear_gaussian,500,0.5,null,0.0,25,pearsonr,False
linear_gaussian,500,0.5,null,0.0,25,gcm,False
linear_gaussian,500,0.5,null,0.0,25,pillai,False
linear_gaussian,500,0.5,null,0.0,26,pearsonr,False
linear_gaussian,500,0.5,null,0.0,26,gcm,False
linear_gaussian,500,0.5,null,0.0,26,pillai,False
linear_gaussian,500,0.5,null,0.0,27,pearsonr,False
linear_gaussian,500,0.5,null,0.0,27,gcm,False
linear_gaussian,500,0.5,null,0.0,27,pillai,False
linear_gaussian,500,0.5,null,0.0,28,pearsonr,False
linear_gaussian,500,0.5,null,0.0,28,gcm,False
linear_gaussian,500,0.5,null,0.0,28,pillai,False
linear_gaussian,500,0.5,null,0.0,29,pearsonr,False
linear_gaussian,500,0.5,null,0.0,29,gcm,False
linear_gaussian,500,0.5,null,0.0,29,pillai,False
linear_gaussian,500,0.5,null,0.0,30,pearsonr,False
linear_gaussian,500,0.5,null,0.0,30,gcm,False
linear_gaussian,500,0.5,null,0.0,30,pillai,False
linear_gaussian,500,0.5,null,0.0,31,pearsonr,False
linear_gaussian,500,0.5,null,0.0,31,gcm,False
linear_gaussian,500,0.5,null,0.0,31,pillai,False
linear_gaussian,500,0.5,null,0.0,32,pearsonr,False
linear_gaussian,500,0.5,null,0.0,32,gcm,False
linear_gaussian,500,0.5,null,0.0,32,pillai,True
linear_gaussian,500,0.5,null,0.0,33,pearsonr,False
linear_gaussian,500,0.5,null,0.0,33,gcm,False
linear_gaussian,500,0.5,null,0.0,33,pillai,False
linear_gaussian,500,0.5,null,0.0,34,pearsonr,False
linear_gaussian,500,0.5,null,0.0,34,gcm,False
linear_gaussian,500,0.5,null,0.0,34,pillai,False
linear_gaussian,500,0.5,null,0.0,35,pearsonr,False
linear_gaussian,500,0.5,null,0.0,35,gcm,False
linear_gaussian,500,0.5,null,0.0,35,pillai,False
linear_gaussian,500,0.5,null,0.0,36,pearsonr,False
linear_gaussian,500,0.5,null,0.0,36,gcm,False
linear_gaussian,500,0.5,null,0.0,36,pillai,False
linear_gaussian,500,0.5,null,0.0,37,pearsonr,False
linear_gaussian,500,0.5,null,0.0,37,gcm,False
linear_gaussian,500,0.5,null,0.0,37,pillai,False
linear_gaussian,500,0.5,null,0.0,38,pearsonr,False
linear_gaussian,500,0.5,null,0.0,38,gcm,False
linear_gaussian,500,0.5,null,0.0,38,pillai,False
linear_gaussian,500,0.5,null,0.0,39,pearsonr,False
linear_gaussian,500,0.5,null,0.0,39,gcm,False
linear_gaussian,500,0.5,null,0.0,39,pillai,False
linear_gaussian,500,0.5,null,0.0,40,pearsonr,False
linear_gaussian,500,0.5,null,0.0,40,gcm,False
linear_gaussian,500,0.5,null,0.0,40,pillai,False
linear_gaussian,500,0.5,null,0.0,41,pearsonr,False
linear_gaussian,500,0.5,null,0.0,41,gcm,False
linear_gaussian,500,0.5,null,0.0,41,pillai,True
linear_gaussian,500,0.5,null,0.0,42,pearsonr,False
linear_gaussian,500,0.5,null,0.0,42,gcm,False
linear_gaussian,500,0.5,null,0.0,42,pillai,False
linear_gaussian,500,0.5,null,0.0,43,pearsonr,False
linear_gaussian,500,0.5,null,0.0,43,gcm,False
linear_gaussian,500,0.5,null,0.0,43,pillai,False
linear_gaussian,500,0.5,null,0.0,44,pearsonr,False
linear_gaussian,500,0.5,null,0.0,44,gcm,False
linear_gaussian,500,0.5,null,0.0,44,pillai,False
linear_gaussian,500,0.5,null,0.0,45,pearsonr,False
linear_gaussian,500,0.5,null,0.0,45,gcm,False
linear_gaussian,500,0.5,null,0.0,45,pillai,True
linear_gaussian,500,0.5,null,0.0,46,pearsonr,False
linear_gaussian,500,0.5,null,0.0,46,gcm,False
linear_gaussian,500,0.5,null,0.0,46,pillai,False
linear_gaussian,500,0.5,null,0.0,47,pearsonr,False
linear_gaussian,500,0.5,null,0.0,47,gcm,False
linear_gaussian,500,0.5,null,0.0,47,pillai,False
linear_gaussian,500,0.5,null,0.0,48,pearsonr,False
linear_gaussian,500,0.5,null,0.0,48,gcm,False
linear_gaussian,500,0.5,null,0.0,48,pillai,True
linear_gaussian,500,0.5,null,0.0,49,pearsonr,False
linear_gaussian,500,0.5,null,0.0,49,gcm,False
linear_gaussian,500,0.5,null,0.0,49,pillai,False
linear_gaussian,500,0.5,alt,1.0,0,pearsonr,False
linear_gaussian,500,0.5,alt,1.0,0,gcm,False
linear_gaussian,500,0.5,alt,1.0,0,pillai,False
linear_gaussian,500,0.5,alt,1.0,1,pearsonr,True
linear_gaussian,500,0.5,alt,1.0,1,gcm,True
linear_gaussian,500,0.5,alt,1.0,1,pillai,False
linear_gaussian,500,0.5,alt,1.0,2,pearsonr,False
linear_gaussian,500,0.5,alt,1.0,2,gcm,False
linear_gaussian,500,0.5,alt,1.0,2,pillai,True
linear_gaussian,500,0.5,alt,1.0,3,pearsonr,False
linear_gaussian,500,0.5,alt,1.0,3,gcm,False
linear_gaussian,500,0.5,alt,1.0,3,pillai,False
linear_gaussian,500,0.5,alt,1.0,4,pearsonr,False
linear_gaussian,500,0.5,alt,1.0,4,gcm,False
linear_gaussian,500,0.5,alt,1.0,4,pillai,False
linear_gaussian,500,0.5,alt,1.0,5,pearsonr,False
linear_gaussian,500,0.5,alt,1.0,5,gcm,False
linear_gaussian,500,0.5,alt,1.0,5,pillai,False
linear_gaussian,500,0.5,alt,1.0,6,pearsonr,False
linear_gaussian,500,0.5,alt,1.0,6,gcm,False
linear_gaussian,500,0.5,alt,1.0,6,pillai,False
linear_gaussian,500,0.5,alt,1.0,7,pearsonr,False
linear_gaussian,500,0.5,alt,1.0,7,gcm,False
linear_gaussian,500,0.5,alt,1.0,7,pillai,False
linear_gaussian,500,0.5,alt,1.0,8,pearsonr,False
linear_gaussian,500,0.5,alt,1.0,8,gcm,False
linear_gaussian,500,0.5,alt,1.0,8,pillai,False
linear_gaussian,500,0.5,alt,1.0,9,pearsonr,False
linear_gaussian,500,0.5,alt,1.0,9,gcm,False
linear_gaussian,500,0.5,alt,1.0,9,pillai,False
linear_gaussian,500,0.5,alt,1.0,10,pearsonr,False
linear_gaussian,500,0.5,alt,1.0,10,gcm,False
linear_gaussian,500,0.5,alt,1.0,10,pillai,False
linear_gaussian,500,0.5,alt,1.0,11,pearsonr,False
linear_gaussian,500,0.5,alt,1.0,11,gcm,False
linear_gaussian,500,0.5,alt,1.0,11,pillai,True
linear_gaussian,500,0.5,alt,1.0,12,pearsonr,False
linear_gaussian,500,0.5,alt,1.0,12,gcm,False
linear_gaussian,500,0.5,alt,1.0,12,pillai,False
linear_gaussian,500,0.5,alt,1.0,13,pearsonr,False
linear_gaussian,500,0.5,alt,1.0,13,gcm,False
linear_gaussian,500,0.5,alt,1.0,13,pillai,False
linear_gaussian,500,0.5,alt,1.0,14,pearsonr,False
linear_gaussian,500,0.5,alt,1.0,14,gcm,False
linear_gaussian,500,0.5,alt,1.0,14,pillai,False
linear_gaussian,500,0.5,alt,1.0,15,pearsonr,False
linear_gaussian,500,0.5,alt,1.0,15,gcm,False
linear_gaussian,500,0.5,alt,1.0,15,pillai,False
linear_gaussian,500,0.5,alt,1.0,16,pearsonr,False
linear_gaussian,500,0.5,alt,1.0,16,gcm,False
linear_gaussian,500,0.5,alt,1.0,16,pillai,False
linear_gaussian,500,0.5,alt,1.0,17,pearsonr,False
linear_gaussian,500,0.5,alt,1.0,17,gcm,False
linear_gaussian,500,0.5,alt,1.0,17,pillai,False
linear_gaussian,500,0.5,alt,1.0,18,pearsonr,False
linear_gaussian,500,0.5,alt,1.0,18,gcm,False
linear_gaussian,500,0.5,alt,1.0,18,pillai,False
linear_gaussian,500,0.5,alt,1.0,19,pearsonr,False
linear_gaussian,500,0.5,alt,1.0,19,gcm,False
linear_gaussian,500,0.5,alt,1.0,19,pillai,False
linear_gaussian,500,0.5,alt,1.0,20,pearsonr,False
linear_gaussian,500,0.5,alt,1.0,20,gcm,False
linear_gaussian,500,0.5,alt,1.0,20,pillai,False
linear_gaussian,500,0.5,alt,1.0,21,pearsonr,False
linear_gaussian,500,0.5,alt,1.0,21,gcm,False
linear_gaussian,500,0.5,alt,1.0,21,pillai,False
linear_gaussian,500,0.5,alt,1.0,22,pearsonr,False
linear_gaussian,500,0.5,alt,1.0,22,gcm,False
linear_gaussian,500,0.5,alt,1.0,22,pillai,False
linear_gaussian,500,0.5,alt,1.0,23,pearsonr,False
linear_gaussian,500,0.5,alt,1.0,23,gcm,False
linear_gaussian,500,0.5,alt,1.0,23,pillai,False
linear_gaussian,500,0.5,alt,1.0,24,pearsonr,False
linear_gaussian,500,0.5,alt,1.0,24,gcm,False
linear_gaussian,500,0.5,alt,1.0,24,pillai,False
linear_gaussian,500,0.5,alt,1.0,25,pearsonr,False
linear_gaussian,500,0.5,alt,1.0,25,gcm,False
linear_gaussian,500,0.5,alt,1.0,25,pillai,False
linear_gaussian,500,0.5,alt,1.0,26,pearsonr,False
linear_gaussian,500,0.5,alt,1.0,26,gcm,False
linear_gaussian,500,0.5,alt,1.0,26,pillai,False
linear_gaussian,500,0.5,alt,1.0,27,pearsonr,False
linear_gaussian,500,0.5,alt,1.0,27,gcm,False
linear_gaussian,500,0.5,alt,1.0,27,pillai,False
linear_gaussian,500,0.5,alt,1.0,28,pearsonr,False
linear_gaussian,500,0.5,alt,1.0,28,gcm,False
linear_gaussian,500,0.5,alt,1.0,28,pillai,False
linear_gaussian,500,0.5,alt,1.0,29,pearsonr,False
linear_gaussian,500,0.5,alt,1.0,29,gcm,False
linear_gaussian,500,0.5,alt,1.0,29,pillai,False
linear_gaussian,500,0.5,alt,1.0,30,pearsonr,False
linear_gaussian,500,0.5,alt,1.0,30,gcm,False
linear_gaussian,500,0.5,alt,1.0,30,pillai,False
linear_gaussian,500,0.5,alt,1.0,31,pearsonr,False
linear_gaussian,500,0.5,alt,1.0,31,gcm,False
linear_gaussian,500,0.5,alt,1.0,31,pillai,False
linear_gaussian,500,0.5,alt,1.0,32,pearsonr,False
linear_gaussian,500,0.5,alt,1.0,32,gcm,False
linear_gaussian,500,0.5,alt,1.0,32,pillai,True
linear_gaussian,500,0.5,alt,1.0,33,pearsonr,False
linear_gaussian,500,0.5,alt,1.0,33,gcm,False
linear_gaussian,500,0.5,alt,1.0,33,pillai,False
linear_gaussian,500,0.5,alt,1.0,34,pearsonr,False
linear_gaussian,500,0.5,alt,1.0,34,gcm,False
linear_gaussian,500,0.5,alt,1.0,34,pillai,False
linear_gaussian,500,0.5,alt,1.0,35,pearsonr,False
linear_gaussian,500,0.5,alt,1.0,35,gcm,False
linear_gaussian,500,0.5,alt,1.0,35,pillai,False
linear_gaussian,500,0.5,alt,1.0,36,pearsonr,False
linear_gaussian,500,0.5,alt,1.0,36,gcm,False
linear_gaussian,500,0.5,alt,1.0,36,pillai,False
linear_gaussian,500,0.5,alt,1.0,37,pearsonr,False
linear_gaussian,500,0.5,alt,1.0,37,gcm,False
linear_gaussian,500,0.5,alt,1.0,37,pillai,False
linear_gaussian,500,0.5,alt,1.0,38,pearsonr,False
linear_gaussian,500,0.5,alt,1.0,38,gcm,False
linear_gaussian,500,0.5,alt,1.0,38,pillai,False
linear_gaussian,500,0.5,alt,1.0,39,pearsonr,False
linear_gaussian,500,0.5,alt,1.0,39,gcm,False
linear_gaussian,500,0.5,alt,1.0,39,pillai,False
linear_gaussian,500,0.5,alt,1.0,40,pearsonr,False
linear_gaussian,500,0.5,alt,1.0,40,gcm,False
linear_gaussian,500,0.5,alt,1.0,40,pillai,False
linear_gaussian,500,0.5,alt,1.0,41,pearsonr,False
linear_gaussian,500,0.5,alt,1.0,41,gcm,False
linear_gaussian,500,0.5,alt,1.0,41,pillai,True
linear_gaussian,500,0.5,alt,1.0,42,pearsonr,False
linear_gaussian,500,0.5,alt,1.0,42,gcm,False
linear_gaussian,500,0.5,alt,1.0,42,pillai,False
linear_gaussian,500,0.5,alt,1.0,43,pearsonr,False
linear_gaussian,500,0.5,alt,1.0,43,gcm,False
linear_gaussian,500,0.5,alt,1.0,43,pillai,False
linear_gaussian,500,0.5,alt,1.0,44,pearsonr,False
linear_gaussian,500,0.5,alt,1.0,44,gcm,False
linear_gaussian,500,0.5,alt,1.0,44,pillai,False
linear_gaussian,500,0.5,alt,1.0,45,pearsonr,False
linear_gaussian,500,0.5,alt,1.0,45,gcm,False
linear_gaussian,500,0.5,alt,1.0,45,pillai,True
linear_gaussian,500,0.5,alt,1.0,46,pearsonr,False
linear_gaussian,500,0.5,alt,1.0,46,gcm,False
linear_gaussian,500,0.5,alt,1.0,46,pillai,False
linear_gaussian,500,0.5,alt,1.0,47,pearsonr,False
linear_gaussian,500,0.5,alt,1.0,47,gcm,False
linear_gaussian,500,0.5,alt,1.0,47,pillai,False
linear_gaussian,500,0.5,alt,1.0,48,pearsonr,False
linear_gaussian,500,0.5,alt,1.0,48,gcm,False
linear_gaussian,500,0.5,alt,1.0,48,pillai,False
linear_gaussian,500,0.5,alt,1.0,49,pearsonr,False
linear_gaussian,500,0.5,alt,1.0,49,gcm,False
linear_gaussian,500,0.5,alt,1.0,49,pillai,False
linear_gaussian,500,1.0,null,0.0,0,pearsonr,False
linear_gaussian,500,1.0,null,0.0,0,gcm,False
linear_gaussian,500,1.0,null,0.0,0,pillai,False
linear_gaussian,500,1.0,null,0.0,1,pearsonr,True
linear_gaussian,500,1.0,null,0.0,1,gcm,True
linear_gaussian,500,1.0,null,0.0,1,pillai,False
linear_gaussian,500,1.0,null,0.0,2,pearsonr,False
linear_gaussian,500,1.0,null,0.0,2,gcm,False
linear_gaussian,500,1.0,null,0.0,2,pillai,True
linear_gaussian,500,1.0,null,0.0,3,pearsonr,False
linear_gaussian,500,1.0,null,0.0,3,gcm,False
linear_gaussian,500,1.0,null,0.0,3,pillai,False
linear_gaussian,500,1.0,null,0.0,4,pearsonr,False
linear_gaussian,500,1.0,null,0.0,4,gcm,False
linear_gaussian,500,1.0,null,0.0,4,pillai,False
linear_gaussian,500,1.0,null,0.0,5,pearsonr,False
linear_gaussian,500,1.0,null,0.0,5,gcm,False
linear_gaussian,500,1.0,null,0.0,5,pillai,False
linear_gaussian,500,1.0,null,0.0,6,pearsonr,False
linear_gaussian,500,1.0,null,0.0,6,gcm,False
linear_gaussian,500,1.0,null,0.0,6,pillai,False
linear_gaussian,500,1.0,null,0.0,7,pearsonr,False
linear_gaussian,500,1.0,null,0.0,7,gcm,False
linear_gaussian,500,1.0,null,0.0,7,pillai,False
linear_gaussian,500,1.0,null,0.0,8,pearsonr,False
linear_gaussian,500,1.0,null,0.0,8,gcm,False
linear_gaussian,500,1.0,null,0.0,8,pillai,False
linear_gaussian,500,1.0,null,0.0,9,pearsonr,False
linear_gaussian,500,1.0,null,0.0,9,gcm,False
linear_gaussian,500,1.0,null,0.0,9,pillai,False
linear_gaussian,500,1.0,null,0.0,10,pearsonr,False
linear_gaussian,500,1.0,null,0.0,10,gcm,False
linear_gaussian,500,1.0,null,0.0,10,pillai,False
linear_gaussian,500,1.0,null,0.0,11,pearsonr,False
linear_gaussian,500,1.0,null,0.0,11,gcm,False
linear_gaussian,500,1.0,null,0.0,11,pillai,True
linear_gaussian,500,1.0,null,0.0,12,pearsonr,False
linear_gaussian,500,1.0,null,0.0,12,gcm,False
linear_gaussian,500,1.0,null,0.0,12,pillai,False
linear_gaussian,500,1.0,null,0.0,13,pearsonr,False
linear_gaussian,500,1.0,null,0.0,13,gcm,False
linear_gaussian,500,1.0,null,0.0,13,pillai,False
linear_gaussian,500,1.0,null,0.0,14,pearsonr,False
linear_gaussian,500,1.0,null,0.0,14,gcm,False
linear_gaussian,500,1.0,null,0.0,14,pillai,False
linear_gaussian,500,1.0,null,0.0,15,pearsonr,False
linear_gaussian,500,1.0,null,0.0,15,gcm,False
linear_gaussian,500,1.0,null,0.0,15,pillai,False
linear_gaussian,500,1.0,null,0.0,16,pearsonr,False
linear_gaussian,500,1.0,null,0.0,16,gcm,False
linear_gaussian,500,1.0,null,0.0,16,pillai,False
linear_gaussian,500,1.0,null,0.0,17,pearsonr,False
linear_gaussian,500,1.0,null,0.0,17,gcm,False
linear_gaussian,500,1.0,null,0.0,17,pillai,False
linear_gaussian,500,1.0,null,0.0,18,pearsonr,False
linear_gaussian,500,1.0,null,0.0,18,gcm,False
linear_gaussian,500,1.0,null,0.0,18,pillai,False
linear_gaussian,500,1.0,null,0.0,19,pearsonr,False
linear_gaussian,500,1.0,null,0.0,19,gcm,False
linear_gaussian,500,1.0,null,0.0,19,pillai,False
linear_gaussian,500,1.0,null,0.0,20,pearsonr,False
linear_gaussian,500,1.0,null,0.0,20,gcm,False
linear_gaussian,500,1.0,null,0.0,20,pillai,False
linear_gaussian,500,1.0,null,0.0,21,pearsonr,False
linear_gaussian,500,1.0,null,0.0,21,gcm,False
linear_gaussian,500,1.0,null,0.0,21,pillai,False
linear_gaussian,500,1.0,null,0.0,22,pearsonr,False
linear_gaussian,500,1.0,null,0.0,22,gcm,False
linear_gaussian,500,1.0,null,0.0,22,pillai,False
linear_gaussian,500,1.0,null,0.0,23,pearsonr,False
linear_gaussian,500,1.0,null,0.0,23,gcm,False
linear_gaussian,500,1.0,null,0.0,23,pillai,False
linear_gaussian,500,1.0,null,0.0,24,pearsonr,False
linear_gaussian,500,1.0,null,0.0,24,gcm,False
linear_gaussian,500,1.0,null,0.0,24,pillai,False
linear_gaussian,500,1.0,null,0.0,25,pearsonr,False
linear_gaussian,500,1.0,null,0.0,25,gcm,False
linear_gaussian,500,1.0,null,0.0,25,pillai,False
linear_gaussian,500,1.0,null,0.0,26,pearsonr,False
linear_gaussian,500,1.0,null,0.0,26,gcm,False
linear_gaussian,500,1.0,null,0.0,26,pillai,False
linear_gaussian,500,1.0,null,0.0,27,pearsonr,False
linear_gaussian,500,1.0,null,0.0,27,gcm,False
linear_gaussian,500,1.0,null,0.0,27,pillai,False
linear_gaussian,500,1.0,null,0.0,28,pearsonr,False
linear_gaussian,500,1.0,null,0.0,28,gcm,False
linear_gaussian,500,1.0,null,0.0,28,pillai,False
linear_gaussian,500,1.0,null,0.0,29,pearsonr,False
linear_gaussian,500,1.0,null,0.0,29,gcm,False
linear_gaussian,500,1.0,null,0.0,29,pillai,False
linear_gaussian,500,1.0,null,0.0,30,pearsonr,False
linear_gaussian,500,1.0,null,0.0,30,gcm,False
linear_gaussian,500,1.0,null,0.0,30,pillai,False
linear_gaussian,500,1.0,null,0.0,31,pearsonr,False
linear_gaussian,500,1.0,null,0.0,31,gcm,False
linear_gaussian,500,1.0,null,0.0,31,pillai,False
linear_gaussian,500,1.0,null,0.0,32,pearsonr,False
linear_gaussian,500,1.0,null,0.0,32,gcm,False
linear_gaussian,500,1.0,null,0.0,32,pillai,True
linear_gaussian,500,1.0,null,0.0,33,pearsonr,False
linear_gaussian,500,1.0,null,0.0,33,gcm,False
linear_gaussian,500,1.0,null,0.0,33,pillai,False
linear_gaussian,500,1.0,null,0.0,34,pearsonr,False
linear_gaussian,500,1.0,null,0.0,34,gcm,False
linear_gaussian,500,1.0,null,0.0,34,pillai,False
linear_gaussian,500,1.0,null,0.0,35,pearsonr,False
linear_gaussian,500,1.0,null,0.0,35,gcm,False
linear_gaussian,500,1.0,null,0.0,35,pillai,False
linear_gaussian,500,1.0,null,0.0,36,pearsonr,False
linear_gaussian,500,1.0,null,0.0,36,gcm,False
linear_gaussian,500,1.0,null,0.0,36,pillai,False
linear_gaussian,500,1.0,null,0.0,37,pearsonr,False
linear_gaussian,500,1.0,null,0.0,37,gcm,False
linear_gaussian,500,1.0,null,0.0,37,pillai,False
linear_gaussian,500,1.0,null,0.0,38,pearsonr,False
linear_gaussian,500,1.0,null,0.0,38,gcm,False
linear_gaussian,500,1.0,null,0.0,38,pillai,False
linear_gaussian,500,1.0,null,0.0,39,pearsonr,False
linear_gaussian,500,1.0,null,0.0,39,gcm,False
linear_gaussian,500,1.0,null,0.0,39,pillai,False
linear_gaussian,500,1.0,null,0.0,40,pearsonr,False
linear_gaussian,500,1.0,null,0.0,40,gcm,False
linear_gaussian,500,1.0,null,0.0,40,pillai,False
linear_gaussian,500,1.0,null,0.0,41,pearsonr,False
linear_gaussian,500,1.0,null,0.0,41,gcm,False
linear_gaussian,500,1.0,null,0.0,41,pillai,True
linear_gaussian,500,1.0,null,0.0,42,pearsonr,False
linear_gaussian,500,1.0,null,0.0,42,gcm,False
linear_gaussian,500,1.0,null,0.0,42,pillai,False
linear_gaussian,500,1.0,null,0.0,43,pearsonr,False
linear_gaussian,500,1.0,null,0.0,43,gcm,False
linear_gaussian,500,1.0,null,0.0,43,pillai,False
linear_gaussian,500,1.0,null,0.0,44,pearsonr,False
linear_gaussian,500,1.0,null,0.0,44,gcm,False
linear_gaussian,500,1.0,null,0.0,44,pillai,False
linear_gaussian,500,1.0,null,0.0,45,pearsonr,False
linear_gaussian,500,1.0,null,0.0,45,gcm,False
linear_gaussian,500,1.0,null,0.0,45,pillai,True
linear_gaussian,500,1.0,null,0.0,46,pearsonr,False
linear_gaussian,500,1.0,null,0.0,46,gcm,False
linear_gaussian,500,1.0,null,0.0,46,pillai,False
linear_gaussian,500,1.0,null,0.0,47,pearsonr,False
linear_gaussian,500,1.0,null,0.0,47,gcm,False
linear_gaussian,500,1.0,null,0.0,47,pillai,False
linear_gaussian,500,1.0,null,0.0,48,pearsonr,False
linear_gaussian,500,1.0,null,0.0,48,gcm,False
linear_gaussian,500,1.0,null,0.0,48,pillai,True
linear_gaussian,500,1.0,null,0.0,49,pearsonr,False
linear_gaussian,500,1.0,null,0.0,49,gcm,False
linear_gaussian,500,1.0,null,0.0,49,pillai,False
linear_gaussian,500,1.0,alt,1.0,0,pearsonr,False
linear_gaussian,500,1.0,alt,1.0,0,gcm,False
linear_gaussian,500,1.0,alt,1.0,0,pillai,False
linear_gaussian,500,1.0,alt,1.0,1,pearsonr,True
linear_gaussian,500,1.0,alt,1.0,1,gcm,True
linear_gaussian,500,1.0,alt,1.0,1,pillai,False
linear_gaussian,500,1.0,alt,1.0,2,pearsonr,False
linear_gaussian,500,1.0,alt,1.0,2,gcm,False
linear_gaussian,500,1.0,alt,1.0,2,pillai,True
linear_gaussian,500,1.0,alt,1.0,3,pearsonr,False
linear_gaussian,500,1.0,alt,1.0,3,gcm,False
linear_gaussian,500,1.0,alt,1.0,3,pillai,False
linear_gaussian,500,1.0,alt,1.0,4,pearsonr,False
linear_gaussian,500,1.0,alt,1.0,4,gcm,False
linear_gaussian,500,1.0,alt,1.0,4,pillai,False
linear_gaussian,500,1.0,alt,1.0,5,pearsonr,False
linear_gaussian,500,1.0,alt,1.0,5,gcm,False
linear_gaussian,500,1.0,alt,1.0,5,pillai,False
linear_gaussian,500,1.0,alt,1.0,6,pearsonr,False
linear_gaussian,500,1.0,alt,1.0,6,gcm,False
linear_gaussian,500,1.0,alt,1.0,6,pillai,False
linear_gaussian,500,1.0,alt,1.0,7,pearsonr,False
linear_gaussian,500,1.0,alt,1.0,7,gcm,False
linear_gaussian,500,1.0,alt,1.0,7,pillai,False
linear_gaussian,500,1.0,alt,1.0,8,pearsonr,False
linear_gaussian,500,1.0,alt,1.0,8,gcm,False
linear_gaussian,500,1.0,alt,1.0,8,pillai,False
linear_gaussian,500,1.0,alt,1.0,9,pearsonr,False
linear_gaussian,500,1.0,alt,1.0,9,gcm,False
linear_gaussian,500,1.0,alt,1.0,9,pillai,False
linear_gaussian,500,1.0,alt,1.0,10,pearsonr,False
linear_gaussian,500,1.0,alt,1.0,10,gcm,False
linear_gaussian,500,1.0,alt,1.0,10,pillai,False
linear_gaussian,500,1.0,alt,1.0,11,pearsonr,False
linear_gaussian,500,1.0,alt,1.0,11,gcm,False
linear_gaussian,500,1.0,alt,1.0,11,pillai,True
linear_gaussian,500,1.0,alt,1.0,12,pearsonr,False
linear_gaussian,500,1.0,alt,1.0,12,gcm,False
linear_gaussian,500,1.0,alt,1.0,12,pillai,False
linear_gaussian,500,1.0,alt,1.0,13,pearsonr,False
linear_gaussian,500,1.0,alt,1.0,13,gcm,False
linear_gaussian,500,1.0,alt,1.0,13,pillai,False
linear_gaussian,500,1.0,alt,1.0,14,pearsonr,False
linear_gaussian,500,1.0,alt,1.0,14,gcm,False
linear_gaussian,500,1.0,alt,1.0,14,pillai,False
linear_gaussian,500,1.0,alt,1.0,15,pearsonr,False
linear_gaussian,500,1.0,alt,1.0,15,gcm,False
linear_gaussian,500,1.0,alt,1.0,15,pillai,False
linear_gaussian,500,1.0,alt,1.0,16,pearsonr,False
linear_gaussian,500,1.0,alt,1.0,16,gcm,False
linear_gaussian,500,1.0,alt,1.0,16,pillai,False
linear_gaussian,500,1.0,alt,1.0,17,pearsonr,False
linear_gaussian,500,1.0,alt,1.0,17,gcm,False
linear_gaussian,500,1.0,alt,1.0,17,pillai,False
linear_gaussian,500,1.0,alt,1.0,18,pearsonr,False
linear_gaussian,500,1.0,alt,1.0,18,gcm,False
linear_gaussian,500,1.0,alt,1.0,18,pillai,False
linear_gaussian,500,1.0,alt,1.0,19,pearsonr,False
linear_gaussian,500,1.0,alt,1.0,19,gcm,False
linear_gaussian,500,1.0,alt,1.0,19,pillai,False
linear_gaussian,500,1.0,alt,1.0,20,pearsonr,False
linear_gaussian,500,1.0,alt,1.0,20,gcm,False
linear_gaussian,500,1.0,alt,1.0,20,pillai,False
linear_gaussian,500,1.0,alt,1.0,21,pearsonr,False
linear_gaussian,500,1.0,alt,1.0,21,gcm,False
linear_gaussian,500,1.0,alt,1.0,21,pillai,False
linear_gaussian,500,1.0,alt,1.0,22,pearsonr,False
linear_gaussian,500,1.0,alt,1.0,22,gcm,False
linear_gaussian,500,1.0,alt,1.0,22,pillai,False
linear_gaussian,500,1.0,alt,1.0,23,pearsonr,False
linear_gaussian,500,1.0,alt,1.0,23,gcm,False
linear_gaussian,500,1.0,alt,1.0,23,pillai,False
linear_gaussian,500,1.0,alt,1.0,24,pearsonr,False
linear_gaussian,500,1.0,alt,1.0,24,gcm,False
linear_gaussian,500,1.0,alt,1.0,24,pillai,False
linear_gaussian,500,1.0,alt,1.0,25,pearsonr,False
linear_gaussian,500,1.0,alt,1.0,25,gcm,False
linear_gaussian,500,1.0,alt,1.0,25,pillai,False
linear_gaussian,500,1.0,alt,1.0,26,pearsonr,False
linear_gaussian,500,1.0,alt,1.0,26,gcm,False
linear_gaussian,500,1.0,alt,1.0,26,pillai,False
linear_gaussian,500,1.0,alt,1.0,27,pearsonr,False
linear_gaussian,500,1.0,alt,1.0,27,gcm,False
linear_gaussian,500,1.0,alt,1.0,27,pillai,False
linear_gaussian,500,1.0,alt,1.0,28,pearsonr,False
linear_gaussian,500,1.0,alt,1.0,28,gcm,False
linear_gaussian,500,1.0,alt,1.0,28,pillai,False
linear_gaussian,500,1.0,alt,1.0,29,pearsonr,False
linear_gaussian,500,1.0,alt,1.0,29,gcm,False
linear_gaussian,500,1.0,alt,1.0,29,pillai,False
linear_gaussian,500,1.0,alt,1.0,30,pearsonr,False
linear_gaussian,500,1.0,alt,1.0,30,gcm,False
linear_gaussian,500,1.0,alt,1.0,30,pillai,False
linear_gaussian,500,1.0,alt,1.0,31,pearsonr,False
linear_gaussian,500,1.0,alt,1.0,31,gcm,False
linear_gaussian,500,1.0,alt,1.0,31,pillai,False
linear_gaussian,500,1.0,alt,1.0,32,pearsonr,False
linear_gaussian,500,1.0,alt,1.0,32,gcm,False
linear_gaussian,500,1.0,alt,1.0,32,pillai,True
linear_gaussian,500,1.0,alt,1.0,33,pearsonr,False
linear_gaussian,500,1.0,alt,1.0,33,gcm,False
linear_gaussian,500,1.0,alt,1.0,33,pillai,False
linear_gaussian,500,1.0,alt,1.0,34,pearsonr,False
linear_gaussian,500,1.0,alt,1.0,34,gcm,False
linear_gaussian,500,1.0,alt,1.0,34,pillai,False
linear_gaussian,500,1.0,alt,1.0,35,pearsonr,False
linear_gaussian,500,1.0,alt,1.0,35,gcm,False
linear_gaussian,500,1.0,alt,1.0,35,pillai,False
linear_gaussian,500,1.0,alt,1.0,36,pearsonr,False
linear_gaussian,500,1.0,alt,1.0,36,gcm,False
linear_gaussian,500,1.0,alt,1.0,36,pillai,False
linear_gaussian,500,1.0,alt,1.0,37,pearsonr,False
linear_gaussian,500,1.0,alt,1.0,37,gcm,False
linear_gaussian,500,1.0,alt,1.0,37,pillai,False
linear_gaussian,500,1.0,alt,1.0,38,pearsonr,False
linear_gaussian,500,1.0,alt,1.0,38,gcm,False
linear_gaussian,500,1.0,alt,1.0,38,pillai,False
linear_gaussian,500,1.0,alt,1.0,39,pearsonr,False
linear_gaussian,500,1.0,alt,1.0,39,gcm,False
linear_gaussian,500,1.0,alt,1.0,39,pillai,False
linear_gaussian,500,1.0,alt,1.0,40,pearsonr,False
linear_gaussian,500,1.0,alt,1.0,40,gcm,False
linear_gaussian,500,1.0,alt,1.0,40,pillai,False
linear_gaussian,500,1.0,alt,1.0,41,pearsonr,False
linear_gaussian,500,1.0,alt,1.0,41,gcm,False
linear_gaussian,500,1.0,alt,1.0,41,pillai,True
linear_gaussian,500,1.0,alt,1.0,42,pearsonr,False
linear_gaussian,500,1.0,alt,1.0,42,gcm,False
linear_gaussian,500,1.0,alt,1.0,42,pillai,False
linear_gaussian,500,1.0,alt,1.0,43,pearsonr,False
linear_gaussian,500,1.0,alt,1.0,43,gcm,False
linear_gaussian,500,1.0,alt,1.0,43,pillai,False
linear_gaussian,500,1.0,alt,1.0,44,pearsonr,False
linear_gaussian,500,1.0,alt,1.0,44,gcm,False
linear_gaussian,500,1.0,alt,1.0,44,pillai,False
linear_gaussian,500,1.0,alt,1.0,45,pearsonr,False
linear_gaussian,500,1.0,alt,1.0,45,gcm,False
linear_gaussian,500,1.0,alt,1.0,45,pillai,True
linear_gaussian,500,1.0,alt,1.0,46,pearsonr,False
linear_gaussian,500,1.0,alt,1.0,46,gcm,False
linear_gaussian,500,1.0,alt,1.0,46,pillai,False
linear_gaussian,500,1.0,alt,1.0,47,pearsonr,False
linear_gaussian,500,1.0,alt,1.0,47,gcm,False
linear_gaussian,500,1.0,alt,1.0,47,pillai,False
linear_gaussian,500,1.0,alt,1.0,48,pearsonr,False
linear_gaussian,500,1.0,alt,1.0,48,gcm,False
linear_gaussian,500,1.0,alt,1.0,48,pillai,False
linear_gaussian,500,1.0,alt,1.0,49,pearsonr,False
linear_gaussian,500,1.0,alt,1.0,49,gcm,False
linear_gaussian,500,1.0,alt,1.0,49,pillai,False
linear_gaussian,1000,0.5,null,0.0,0,pearsonr,False
linear_gaussian,1000,0.5,null,0.0,0,gcm,False
linear_gaussian,1000,0.5,null,0.0,0,pillai,False
linear_gaussian,1000,0.5,null,0.0,1,pearsonr,False
linear_gaussian,1000,0.5,null,0.0,1,gcm,False
linear_gaussian,1000,0.5,null,0.0,1,pillai,False
linear_gaussian,1000,0.5,null,0.0,2,pearsonr,False
linear_gaussian,1000,0.5,null,0.0,2,gcm,False
linear_gaussian,1000,0.5,null,0.0,2,pillai,False
linear_gaussian,1000,0.5,null,0.0,3,pearsonr,True
linear_gaussian,1000,0.5,null,0.0,3,gcm,True
linear_gaussian,1000,0.5,null,0.0,3,pillai,True
linear_gaussian,1000,0.5,null,0.0,4,pearsonr,True
linear_gaussian,1000,0.5,null,0.0,4,gcm,True
linear_gaussian,1000,0.5,null,0.0,4,pillai,True
linear_gaussian,1000,0.5,null,0.0,5,pearsonr,False
linear_gaussian,1000,0.5,null,0.0,5,gcm,False
linear_gaussian,1000,0.5,null,0.0,5,pillai,False
linear_gaussian,1000,0.5,null,0.0,6,pearsonr,False
linear_gaussian,1000,0.5,null,0.0,6,gcm,False
linear_gaussian,1000,0.5,null,0.0,6,pillai,False
linear_gaussian,1000,0.5,null,0.0,7,pearsonr,False
linear_gaussian,1000,0.5,null,0.0,7,gcm,False
linear_gaussian,1000,0.5,null,0.0,7,pillai,False
linear_gaussian,1000,0.5,null,0.0,8,pearsonr,False
linear_gaussian,1000,0.5,null,0.0,8,gcm,False
linear_gaussian,1000,0.5,null,0.0,8,pillai,False
linear_gaussian,1000,0.5,null,0.0,9,pearsonr,False
linear_gaussian,1000,0.5,null,0.0,9,gcm,False
linear_gaussian,1000,0.5,null,0.0,9,pillai,False
linear_gaussian,1000,0.5,null,0.0,10,pearsonr,False
linear_gaussian,1000,0.5,null,0.0,10,gcm,False
linear_gaussian,1000,0.5,null,0.0,10,pillai,False
linear_gaussian,1000,0.5,null,0.0,11,pearsonr,False
linear_gaussian,1000,0.5,null,0.0,11,gcm,False
linear_gaussian,1000,0.5,null,0.0,11,pillai,False
linear_gaussian,1000,0.5,null,0.0,12,pearsonr,True
linear_gaussian,1000,0.5,null,0.0,12,gcm,True
linear_gaussian,1000,0.5,null,0.0,12,pillai,True
linear_gaussian,1000,0.5,null,0.0,13,pearsonr,False
linear_gaussian,1000,0.5,null,0.0,13,gcm,False
linear_gaussian,1000,0.5,null,0.0,13,pillai,False
linear_gaussian,1000,0.5,null,0.0,14,pearsonr,False
linear_gaussian,1000,0.5,null,0.0,14,gcm,False
linear_gaussian,1000,0.5,null,0.0,14,pillai,False
linear_gaussian,1000,0.5,null,0.0,15,pearsonr,False
linear_gaussian,1000,0.5,null,0.0,15,gcm,False
linear_gaussian,1000,0.5,null,0.0,15,pillai,False
linear_gaussian,1000,0.5,null,0.0,16,pearsonr,False
linear_gaussian,1000,0.5,null,0.0,16,gcm,False
linear_gaussian,1000,0.5,null,0.0,16,pillai,False
linear_gaussian,1000,0.5,null,0.0,17,pearsonr,False
linear_gaussian,1000,0.5,null,0.0,17,gcm,False
linear_gaussian,1000,0.5,null,0.0,17,pillai,False
linear_gaussian,1000,0.5,null,0.0,18,pearsonr,False
linear_gaussian,1000,0.5,null,0.0,18,gcm,False
linear_gaussian,1000,0.5,null,0.0,18,pillai,False
linear_gaussian,1000,0.5,null,0.0,19,pearsonr,False
linear_gaussian,1000,0.5,null,0.0,19,gcm,False
linear_gaussian,1000,0.5,null,0.0,19,pillai,False
linear_gaussian,1000,0.5,null,0.0,20,pearsonr,False
linear_gaussian,1000,0.5,null,0.0,20,gcm,False
linear_gaussian,1000,0.5,null,0.0,20,pillai,False
linear_gaussian,1000,0.5,null,0.0,21,pearsonr,False
linear_gaussian,1000,0.5,null,0.0,21,gcm,False
linear_gaussian,1000,0.5,null,0.0,21,pillai,False
linear_gaussian,1000,0.5,null,0.0,22,pearsonr,False
linear_gaussian,1000,0.5,null,0.0,22,gcm,False
linear_gaussian,1000,0.5,null,0.0,22,pillai,False
linear_gaussian,1000,0.5,null,0.0,23,pearsonr,False
linear_gaussian,1000,0.5,null,0.0,23,gcm,False
linear_gaussian,1000,0.5,null,0.0,23,pillai,False
linear_gaussian,1000,0.5,null,0.0,24,pearsonr,False
linear_gaussian,1000,0.5,null,0.0,24,gcm,False
linear_gaussian,1000,0.5,null,0.0,24,pillai,False
linear_gaussian,1000,0.5,null,0.0,25,pearsonr,True
linear_gaussian,1000,0.5,null,0.0,25,gcm,True
linear_gaussian,1000,0.5,null,0.0,25,pillai,True
linear_gaussian,1000,0.5,null,0.0,26,pearsonr,False
linear_gaussian,1000,0.5,null,0.0,26,gcm,False
linear_gaussian,1000,0.5,null,0.0,26,pillai,False
linear_gaussian,1000,0.5,null,0.0,27,pearsonr,False
linear_gaussian,1000,0.5,null,0.0,27,gcm,False
linear_gaussian,1000,0.5,null,0.0,27,pillai,False
linear_gaussian,1000,0.5,null,0.0,28,pearsonr,False
linear_gaussian,1000,0.5,null,0.0,28,gcm,False
linear_gaussian,1000,0.5,null,0.0,28,pillai,False
linear_gaussian,1000,0.5,null,0.0,29,pearsonr,False
linear_gaussian,1000,0.5,null,0.0,29,gcm,False
linear_gaussian,1000,0.5,null,0.0,29,pillai,True
linear_gaussian,1000,0.5,null,0.0,30,pearsonr,False
linear_gaussian,1000,0.5,null,0.0,30,gcm,False
linear_gaussian,1000,0.5,null,0.0,30,pillai,False
linear_gaussian,1000,0.5,null,0.0,31,pearsonr,False
linear_gaussian,1000,0.5,null,0.0,31,gcm,False
linear_gaussian,1000,0.5,null,0.0,31,pillai,False
linear_gaussian,1000,0.5,null,0.0,32,pearsonr,False
linear_gaussian,1000,0.5,null,0.0,32,gcm,False
linear_gaussian,1000,0.5,null,0.0,32,pillai,False
linear_gaussian,1000,0.5,null,0.0,33,pearsonr,False
linear_gaussian,1000,0.5,null,0.0,33,gcm,False
linear_gaussian,1000,0.5,null,0.0,33,pillai,False
linear_gaussian,1000,0.5,null,0.0,34,pearsonr,False
linear_gaussian,1000,0.5,null,0.0,34,gcm,False
linear_gaussian,1000,0.5,null,0.0,34,pillai,False
linear_gaussian,1000,0.5,null,0.0,35,pearsonr,False
linear_gaussian,1000,0.5,null,0.0,35,gcm,False
linear_gaussian,1000,0.5,null,0.0,35,pillai,False
linear_gaussian,1000,0.5,null,0.0,36,pearsonr,False
linear_gaussian,1000,0.5,null,0.0,36,gcm,False
linear_gaussian,1000,0.5,null,0.0,36,pillai,False
linear_gaussian,1000,0.5,null,0.0,37,pearsonr,False
linear_gaussian,1000,0.5,null,0.0,37,gcm,False
linear_gaussian,1000,0.5,null,0.0,37,pillai,False
linear_gaussian,1000,0.5,null,0.0,38,pearsonr,False
linear_gaussian,1000,0.5,null,0.0,38,gcm,False
linear_gaussian,1000,0.5,null,0.0,38,pillai,False
linear_gaussian,1000,0.5,null,0.0,39,pearsonr,False
linear_gaussian,1000,0.5,null,0.0,39,gcm,False
linear_gaussian,1000,0.5,null,0.0,39,pillai,False
linear_gaussian,1000,0.5,null,0.0,40,pearsonr,False
linear_gaussian,1000,0.5,null,0.0,40,gcm,False
linear_gaussian,1000,0.5,null,0.0,40,pillai,False
linear_gaussian,1000,0.5,null,0.0,41,pearsonr,False
linear_gaussian,1000,0.5,null,0.0,41,gcm,False
linear_gaussian,1000,0.5,null,0.0,41,pillai,False
linear_gaussian,1000,0.5,null,0.0,42,pearsonr,False
linear_gaussian,1000,0.5,null,0.0,42,gcm,False
linear_gaussian,1000,0.5,null,0.0,42,pillai,False
linear_gaussian,1000,0.5,null,0.0,43,pearsonr,False
linear_gaussian,1000,0.5,null,0.0,43,gcm,False
linear_gaussian,1000,0.5,null,0.0,43,pillai,False
linear_gaussian,1000,0.5,null,0.0,44,pearsonr,False
linear_gaussian,1000,0.5,null,0.0,44,gcm,False
linear_gaussian,1000,0.5,null,0.0,44,pillai,False
linear_gaussian,1000,0.5,null,0.0,45,pearsonr,False
linear_gaussian,1000,0.5,null,0.0,45,gcm,False
linear_gaussian,1000,0.5,null,0.0,45,pillai,False
linear_gaussian,1000,0.5,null,0.0,46,pearsonr,False
linear_gaussian,1000,0.5,null,0.0,46,gcm,False
linear_gaussian,1000,0.5,null,0.0,46,pillai,False
linear_gaussian,1000,0.5,null,0.0,47,pearsonr,False
linear_gaussian,1000,0.5,null,0.0,47,gcm,False
linear_gaussian,1000,0.5,null,0.0,47,pillai,False
linear_gaussian,1000,0.5,null,0.0,48,pearsonr,False
linear_gaussian,1000,0.5,null,0.0,48,gcm,False
linear_gaussian,1000,0.5,null,0.0,48,pillai,False
linear_gaussian,1000,0.5,null,0.0,49,pearsonr,False
linear_gaussian,1000,0.5,null,0.0,49,gcm,False
linear_gaussian,1000,0.5,null,0.0,49,pillai,False
linear_gaussian,1000,0.5,alt,1.0,0,pearsonr,False
linear_gaussian,1000,0.5,alt,1.0,0,gcm,False
linear_gaussian,1000,0.5,alt,1.0,0,pillai,False
linear_gaussian,1000,0.5,alt,1.0,1,pearsonr,False
linear_gaussian,1000,0.5,alt,1.0,1,gcm,False
linear_gaussian,1000,0.5,alt,1.0,1,pillai,False
linear_gaussian,1000,0.5,alt,1.0,2,pearsonr,False
linear_gaussian,1000,0.5,alt,1.0,2,gcm,False
linear_gaussian,1000,0.5,alt,1.0,2,pillai,False
linear_gaussian,1000,0.5,alt,1.0,3,pearsonr,True
linear_gaussian,1000,0.5,alt,1.0,3,gcm,True
linear_gaussian,1000,0.5,alt,1.0,3,pillai,True
linear_gaussian,1000,0.5,alt,1.0,4,pearsonr,True
linear_gaussian,1000,0.5,alt,1.0,4,gcm,True
linear_gaussian,1000,0.5,alt,1.0,4,pillai,True
linear_gaussian,1000,0.5,alt,1.0,5,pearsonr,False
linear_gaussian,1000,0.5,alt,1.0,5,gcm,False
linear_gaussian,1000,0.5,alt,1.0,5,pillai,False
linear_gaussian,1000,0.5,alt,1.0,6,pearsonr,False
linear_gaussian,1000,0.5,alt,1.0,6,gcm,False
linear_gaussian,1000,0.5,alt,1.0,6,pillai,False
linear_gaussian,1000,0.5,alt,1.0,7,pearsonr,False
linear_gaussian,1000,0.5,alt,1.0,7,gcm,False
linear_gaussian,1000,0.5,alt,1.0,7,pillai,False
linear_gaussian,1000,0.5,alt,1.0,8,pearsonr,False
linear_gaussian,1000,0.5,alt,1.0,8,gcm,False
linear_gaussian,1000,0.5,alt,1.0,8,pillai,True
linear_gaussian,1000,0.5,alt,1.0,9,pearsonr,False
linear_gaussian,1000,0.5,alt,1.0,9,gcm,False
linear_gaussian,1000,0.5,alt,1.0,9,pillai,False
linear_gaussian,1000,0.5,alt,1.0,10,pearsonr,False
linear_gaussian,1000,0.5,alt,1.0,10,gcm,False
linear_gaussian,1000,0.5,alt,1.0,10,pillai,False
linear_gaussian,1000,0.5,alt,1.0,11,pearsonr,False
linear_gaussian,1000,0.5,alt,1.0,11,gcm,False
linear_gaussian,1000,0.5,alt,1.0,11,pillai,False
linear_gaussian,1000,0.5,alt,1.0,12,pearsonr,True
linear_gaussian,1000,0.5,alt,1.0,12,gcm,True
linear_gaussian,1000,0.5,alt,1.0,12,pillai,True
linear_gaussian,1000,0.5,alt,1.0,13,pearsonr,False
linear_gaussian,1000,0.5,alt,1.0,13,gcm,False
linear_gaussian,1000,0.5,alt,1.0,13,pillai,False
linear_gaussian,1000,0.5,alt,1.0,14,pearsonr,False
linear_gaussian,1000,0.5,alt,1.0,14,gcm,False
linear_gaussian,1000,0.5,alt,1.0,14,pillai,False
linear_gaussian,1000,0.5,alt,1.0,15,pearsonr,False
linear_gaussian,1000,0.5,alt,1.0,15,gcm,False
linear_gaussian,1000,0.5,alt,1.0,15,pillai,False
linear_gaussian,1000,0.5,alt,1.0,16,pearsonr,False
linear_gaussian,1000,0.5,alt,1.0,16,gcm,False
linear_gaussian,1000,0.5,alt,1.0,16,pillai,False
linear_gaussian,1000,0.5,alt,1.0,17,pearsonr,False
linear_gaussian,1000,0.5,alt,1.0,17,gcm,False
linear_gaussian,1000,0.5,alt,1.0,17,pillai,False
linear_gaussian,1000,0.5,alt,1.0,18,pearsonr,False
linear_gaussian,1000,0.5,alt,1.0,18,gcm,False
linear_gaussian,1000,0.5,alt,1.0,18,pillai,False
linear_gaussian,1000,0.5,alt,1.0,19,pearsonr,False
linear_gaussian,1000,0.5,alt,1.0,19,gcm,False
linear_gaussian,1000,0.5,alt,1.0,19,pillai,False
linear_gaussian,1000,0.5,alt,1.0,20,pearsonr,False
linear_gaussian,1000,0.5,alt,1.0,20,gcm,False
linear_gaussian,1000,0.5,alt,1.0,20,pillai,False
linear_gaussian,1000,0.5,alt,1.0,21,pearsonr,False
linear_gaussian,1000,0.5,alt,1.0,21,gcm,False
linear_gaussian,1000,0.5,alt,1.0,21,pillai,False
linear_gaussian,1000,0.5,alt,1.0,22,pearsonr,False
linear_gaussian,1000,0.5,alt,1.0,22,gcm,False
linear_gaussian,1000,0.5,alt,1.0,22,pillai,False
linear_gaussian,1000,0.5,alt,1.0,23,pearsonr,False
linear_gaussian,1000,0.5,alt,1.0,23,gcm,False
linear_gaussian,1000,0.5,alt,1.0,23,pillai,False
linear_gaussian,1000,0.5,alt,1.0,24,pearsonr,False
linear_gaussian,1000,0.5,alt,1.0,24,gcm,False
linear_gaussian,1000,0.5,alt,1.0,24,pillai,False
linear_gaussian,1000,0.5,alt,1.0,25,pearsonr,True
linear_gaussian,1000,0.5,alt,1.0,25,gcm,True
linear_gaussian,1000,0.5,alt,1.0,25,pillai,True
linear_gaussian,1000,0.5,alt,1.0,26,pearsonr,False
linear_gaussian,1000,0.5,alt,1.0,26,gcm,False
linear_gaussian,1000,0.5,alt,1.0,26,pillai,False
linear_gaussian,1000,0.5,alt,1.0,27,pearsonr,False
linear_gaussian,1000,0.5,alt,1.0,27,gcm,False
linear_gaussian,1000,0.5,alt,1.0,27,pillai,False
linear_gaussian,1000,0.5,alt,1.0,28,pearsonr,False
linear_gaussian,1000,0.5,alt,1.0,28,gcm,False
linear_gaussian,1000,0.5,alt,1.0,28,pillai,False
linear_gaussian,1000,0.5,alt,1.0,29,pearsonr,False
linear_gaussian,1000,0.5,alt,1.0,29,gcm,False
linear_gaussian,1000,0.5,alt,1.0,29,pillai,True
linear_gaussian,1000,0.5,alt,1.0,30,pearsonr,False
linear_gaussian,1000,0.5,alt,1.0,30,gcm,False
linear_gaussian,1000,0.5,alt,1.0,30,pillai,False
linear_gaussian,1000,0.5,alt,1.0,31,pearsonr,False
linear_gaussian,1000,0.5,alt,1.0,31,gcm,False
linear_gaussian,1000,0.5,alt,1.0,31,pillai,False
linear_gaussian,1000,0.5,alt,1.0,32,pearsonr,False
linear_gaussian,1000,0.5,alt,1.0,32,gcm,False
linear_gaussian,1000,0.5,alt,1.0,32,pillai,False
linear_gaussian,1000,0.5,alt,1.0,33,pearsonr,False
linear_gaussian,1000,0.5,alt,1.0,33,gcm,False
linear_gaussian,1000,0.5,alt,1.0,33,pillai,False
linear_gaussian,1000,0.5,alt,1.0,34,pearsonr,False
linear_gaussian,1000,0.5,alt,1.0,34,gcm,False
linear_gaussian,1000,0.5,alt,1.0,34,pillai,False
linear_gaussian,1000,0.5,alt,1.0,35,pearsonr,False
linear_gaussian,1000,0.5,alt,1.0,35,gcm,False
linear_gaussian,1000,0.5,alt,1.0,35,pillai,False
linear_gaussian,1000,0.5,alt,1.0,36,pearsonr,False
linear_gaussian,1000,0.5,alt,1.0,36,gcm,False
linear_gaussian,1000,0.5,alt,1.0,36,pillai,False
linear_gaussian,1000,0.5,alt,1.0,37,pearsonr,False
linear_gaussian,1000,0.5,alt,1.0,37,gcm,False
linear_gaussian,1000,0.5,alt,1.0,37,pillai,False
linear_gaussian,1000,0.5,alt,1.0,38,pearsonr,False
linear_gaussian,1000,0.5,alt,1.0,38,gcm,False
linear_gaussian,1000,0.5,alt,1.0,38,pillai,True
linear_gaussian,1000,0.5,alt,1.0,39,pearsonr,False
linear_gaussian,1000,0.5,alt,1.0,39,gcm,False
linear_gaussian,1000,0.5,alt,1.0,39,pillai,False
linear_gaussian,1000,0.5,alt,1.0,40,pearsonr,False
linear_gaussian,1000,0.5,alt,1.0,40,gcm,False
linear_gaussian,1000,0.5,alt,1.0,40,pillai,False
linear_gaussian,1000,0.5,alt,1.0,41,pearsonr,False
linear_gaussian,1000,0.5,alt,1.0,41,gcm,False
linear_gaussian,1000,0.5,alt,1.0,41,pillai,False
linear_gaussian,1000,0.5,alt,1.0,42,pearsonr,False
linear_gaussian,1000,0.5,alt,1.0,42,gcm,False
linear_gaussian,1000,0.5,alt,1.0,42,pillai,False
linear_gaussian,1000,0.5,alt,1.0,43,pearsonr,False
linear_gaussian,1000,0.5,alt,1.0,43,gcm,False
linear_gaussian,1000,0.5,alt,1.0,43,pillai,False
linear_gaussian,1000,0.5,alt,1.0,44,pearsonr,False
linear_gaussian,1000,0.5,alt,1.0,44,gcm,False
linear_gaussian,1000,0.5,alt,1.0,44,pillai,False
linear_gaussian,1000,0.5,alt,1.0,45,pearsonr,False
linear_gaussian,1000,0.5,alt,1.0,45,gcm,False
linear_gaussian,1000,0.5,alt,1.0,45,pillai,False
linear_gaussian,1000,0.5,alt,1.0,46,pearsonr,False
linear_gaussian,1000,0.5,alt,1.0,46,gcm,False
linear_gaussian,1000,0.5,alt,1.0,46,pillai,False
linear_gaussian,1000,0.5,alt,1.0,47,pearsonr,False
linear_gaussian,1000,0.5,alt,1.0,47,gcm,False
linear_gaussian,1000,0.5,alt,1.0,47,pillai,False
linear_gaussian,1000,0.5,alt,1.0,48,pearsonr,False
linear_gaussian,1000,0.5,alt,1.0,48,gcm,False
linear_gaussian,1000,0.5,alt,1.0,48,pillai,False
linear_gaussian,1000,0.5,alt,1.0,49,pearsonr,False
linear_gaussian,1000,0.5,alt,1.0,49,gcm,False
linear_gaussian,1000,0.5,alt,1.0,49,pillai,False
linear_gaussian,1000,1.0,null,0.0,0,pearsonr,False
linear_gaussian,1000,1.0,null,0.0,0,gcm,False
linear_gaussian,1000,1.0,null,0.0,0,pillai,False
linear_gaussian,1000,1.0,null,0.0,1,pearsonr,False
linear_gaussian,1000,1.0,null,0.0,1,gcm,False
linear_gaussian,1000,1.0,null,0.0,1,pillai,False
linear_gaussian,1000,1.0,null,0.0,2,pearsonr,False
linear_gaussian,1000,1.0,null,0.0,2,gcm,False
linear_gaussian,1000,1.0,null,0.0,2,pillai,False
linear_gaussian,1000,1.0,null,0.0,3,pearsonr,True
linear_gaussian,1000,1.0,null,0.0,3,gcm,True
linear_gaussian,1000,1.0,null,0.0,3,pillai,True
linear_gaussian,1000,1.0,null,0.0,4,pearsonr,True
linear_gaussian,1000,1.0,null,0.0,4,gcm,True
linear_gaussian,1000,1.0,null,0.0,4,pillai,True
linear_gaussian,1000,1.0,null,0.0,5,pearsonr,False
linear_gaussian,1000,1.0,null,0.0,5,gcm,False
linear_gaussian,1000,1.0,null,0.0,5,pillai,False
linear_gaussian,1000,1.0,null,0.0,6,pearsonr,False
linear_gaussian,1000,1.0,null,0.0,6,gcm,False
linear_gaussian,1000,1.0,null,0.0,6,pillai,False
linear_gaussian,1000,1.0,null,0.0,7,pearsonr,False
linear_gaussian,1000,1.0,null,0.0,7,gcm,False
linear_gaussian,1000,1.0,null,0.0,7,pillai,False
linear_gaussian,1000,1.0,null,0.0,8,pearsonr,False
linear_gaussian,1000,1.0,null,0.0,8,gcm,False
linear_gaussian,1000,1.0,null,0.0,8,pillai,False
linear_gaussian,1000,1.0,null,0.0,9,pearsonr,False
linear_gaussian,1000,1.0,null,0.0,9,gcm,False
linear_gaussian,1000,1.0,null,0.0,9,pillai,False
linear_gaussian,1000,1.0,null,0.0,10,pearsonr,False
linear_gaussian,1000,1.0,null,0.0,10,gcm,False
linear_gaussian,1000,1.0,null,0.0,10,pillai,False
linear_gaussian,1000,1.0,null,0.0,11,pearsonr,False
linear_gaussian,1000,1.0,null,0.0,11,gcm,False
linear_gaussian,1000,1.0,null,0.0,11,pillai,False
linear_gaussian,1000,1.0,null,0.0,12,pearsonr,True
linear_gaussian,1000,1.0,null,0.0,12,gcm,True
linear_gaussian,1000,1.0,null,0.0,12,pillai,True
linear_gaussian,1000,1.0,null,0.0,13,pearsonr,False
linear_gaussian,1000,1.0,null,0.0,13,gcm,False
linear_gaussian,1000,1.0,null,0.0,13,pillai,False
linear_gaussian,1000,1.0,null,0.0,14,pearsonr,False
linear_gaussian,1000,1.0,null,0.0,14,gcm,False
linear_gaussian,1000,1.0,null,0.0,14,pillai,False
linear_gaussian,1000,1.0,null,0.0,15,pearsonr,False
linear_gaussian,1000,1.0,null,0.0,15,gcm,False
linear_gaussian,1000,1.0,null,0.0,15,pillai,False
linear_gaussian,1000,1.0,null,0.0,16,pearsonr,False
linear_gaussian,1000,1.0,null,0.0,16,gcm,False
linear_gaussian,1000,1.0,null,0.0,16,pillai,False
linear_gaussian,1000,1.0,null,0.0,17,pearsonr,False
linear_gaussian,1000,1.0,null,0.0,17,gcm,False
linear_gaussian,1000,1.0,null,0.0,17,pillai,False
linear_gaussian,1000,1.0,null,0.0,18,pearsonr,False
linear_gaussian,1000,1.0,null,0.0,18,gcm,False
linear_gaussian,1000,1.0,null,0.0,18,pillai,False
linear_gaussian,1000,1.0,null,0.0,19,pearsonr,False
linear_gaussian,1000,1.0,null,0.0,19,gcm,False
linear_gaussian,1000,1.0,null,0.0,19,pillai,False
linear_gaussian,1000,1.0,null,0.0,20,pearsonr,False
linear_gaussian,1000,1.0,null,0.0,20,gcm,False
linear_gaussian,1000,1.0,null,0.0,20,pillai,False
linear_gaussian,1000,1.0,null,0.0,21,pearsonr,False
linear_gaussian,1000,1.0,null,0.0,21,gcm,False
linear_gaussian,1000,1.0,null,0.0,21,pillai,False
linear_gaussian,1000,1.0,null,0.0,22,pearsonr,False
linear_gaussian,1000,1.0,null,0.0,22,gcm,False
linear_gaussian,1000,1.0,null,0.0,22,pillai,False
linear_gaussian,1000,1.0,null,0.0,23,pearsonr,False
linear_gaussian,1000,1.0,null,0.0,23,gcm,False
linear_gaussian,1000,1.0,null,0.0,23,pillai,False
linear_gaussian,1000,1.0,null,0.0,24,pearsonr,False
linear_gaussian,1000,1.0,null,0.0,24,gcm,False
linear_gaussian,1000,1.0,null,0.0,24,pillai,False
linear_gaussian,1000,1.0,null,0.0,25,pearsonr,True
linear_gaussian,1000,1.0,null,0.0,25,gcm,True
linear_gaussian,1000,1.0,null,0.0,25,pillai,True
linear_gaussian,1000,1.0,null,0.0,26,pearsonr,False
linear_gaussian,1000,1.0,null,0.0,26,gcm,False
linear_gaussian,1000,1.0,null,0.0,26,pillai,False
linear_gaussian,1000,1.0,null,0.0,27,pearsonr,False
linear_gaussian,1000,1.0,null,0.0,27,gcm,False
linear_gaussian,1000,1.0,null,0.0,27,pillai,False
linear_gaussian,1000,1.0,null,0.0,28,pearsonr,False
linear_gaussian,1000,1.0,null,0.0,28,gcm,False
linear_gaussian,1000,1.0,null,0.0,28,pillai,False
linear_gaussian,1000,1.0,null,0.0,29,pearsonr,False
linear_gaussian,1000,1.0,null,0.0,29,gcm,False
linear_gaussian,1000,1.0,null,0.0,29,pillai,True
linear_gaussian,1000,1.0,null,0.0,30,pearsonr,False
linear_gaussian,1000,1.0,null,0.0,30,gcm,False
linear_gaussian,1000,1.0,null,0.0,30,pillai,False
linear_gaussian,1000,1.0,null,0.0,31,pearsonr,False
linear_gaussian,1000,1.0,null,0.0,31,gcm,False
linear_gaussian,1000,1.0,null,0.0,31,pillai,False
linear_gaussian,1000,1.0,null,0.0,32,pearsonr,False
linear_gaussian,1000,1.0,null,0.0,32,gcm,False
linear_gaussian,1000,1.0,null,0.0,32,pillai,False
linear_gaussian,1000,1.0,null,0.0,33,pearsonr,False
linear_gaussian,1000,1.0,null,0.0,33,gcm,False
linear_gaussian,1000,1.0,null,0.0,33,pillai,False
linear_gaussian,1000,1.0,null,0.0,34,pearsonr,False
linear_gaussian,1000,1.0,null,0.0,34,gcm,False
linear_gaussian,1000,1.0,null,0.0,34,pillai,False
linear_gaussian,1000,1.0,null,0.0,35,pearsonr,False
linear_gaussian,1000,1.0,null,0.0,35,gcm,False
linear_gaussian,1000,1.0,null,0.0,35,pillai,False
linear_gaussian,1000,1.0,null,0.0,36,pearsonr,False
linear_gaussian,1000,1.0,null,0.0,36,gcm,False
linear_gaussian,1000,1.0,null,0.0,36,pillai,False
linear_gaussian,1000,1.0,null,0.0,37,pearsonr,False
linear_gaussian,1000,1.0,null,0.0,37,gcm,False
linear_gaussian,1000,1.0,null,0.0,37,pillai,False
linear_gaussian,1000,1.0,null,0.0,38,pearsonr,False
linear_gaussian,1000,1.0,null,0.0,38,gcm,False
linear_gaussian,1000,1.0,null,0.0,38,pillai,False
linear_gaussian,1000,1.0,null,0.0,39,pearsonr,False
linear_gaussian,1000,1.0,null,0.0,39,gcm,False
linear_gaussian,1000,1.0,null,0.0,39,pillai,False
linear_gaussian,1000,1.0,null,0.0,40,pearsonr,False
linear_gaussian,1000,1.0,null,0.0,40,gcm,False
linear_gaussian,1000,1.0,null,0.0,40,pillai,False
linear_gaussian,1000,1.0,null,0.0,41,pearsonr,False
linear_gaussian,1000,1.0,null,0.0,41,gcm,False
linear_gaussian,1000,1.0,null,0.0,41,pillai,False
linear_gaussian,1000,1.0,null,0.0,42,pearsonr,False
linear_gaussian,1000,1.0,null,0.0,42,gcm,False
linear_gaussian,1000,1.0,null,0.0,42,pillai,False
linear_gaussian,1000,1.0,null,0.0,43,pearsonr,False
linear_gaussian,1000,1.0,null,0.0,43,gcm,False
linear_gaussian,1000,1.0,null,0.0,43,pillai,False
linear_gaussian,1000,1.0,null,0.0,44,pearsonr,False
linear_gaussian,1000,1.0,null,0.0,44,gcm,False
linear_gaussian,1000,1.0,null,0.0,44,pillai,False
linear_gaussian,1000,1.0,null,0.0,45,pearsonr,False
linear_gaussian,1000,1.0,null,0.0,45,gcm,False
linear_gaussian,1000,1.0,null,0.0,45,pillai,False
linear_gaussian,1000,1.0,null,0.0,46,pearsonr,False
linear_gaussian,1000,1.0,null,0.0,46,gcm,False
linear_gaussian,1000,1.0,null,0.0,46,pillai,False
linear_gaussian,1000,1.0,null,0.0,47,pearsonr,False
linear_gaussian,1000,1.0,null,0.0,47,gcm,False
linear_gaussian,1000,1.0,null,0.0,47,pillai,False
linear_gaussian,1000,1.0,null,0.0,48,pearsonr,False
linear_gaussian,1000,1.0,null,0.0,48,gcm,False
linear_gaussian,1000,1.0,null,0.0,48,pillai,False
linear_gaussian,1000,1.0,null,0.0,49,pearsonr,False
linear_gaussian,1000,1.0,null,0.0,49,gcm,False
linear_gaussian,1000,1.0,null,0.0,49,pillai,False
linear_gaussian,1000,1.0,alt,1.0,0,pearsonr,False
linear_gaussian,1000,1.0,alt,1.0,0,gcm,False
linear_gaussian,1000,1.0,alt,1.0,0,pillai,False
linear_gaussian,1000,1.0,alt,1.0,1,pearsonr,False
linear_gaussian,1000,1.0,alt,1.0,1,gcm,False
linear_gaussian,1000,1.0,alt,1.0,1,pillai,False
linear_gaussian,1000,1.0,alt,1.0,2,pearsonr,False
linear_gaussian,1000,1.0,alt,1.0,2,gcm,False
linear_gaussian,1000,1.0,alt,1.0,2,pillai,False
linear_gaussian,1000,1.0,alt,1.0,3,pearsonr,True
linear_gaussian,1000,1.0,alt,1.0,3,gcm,True
linear_gaussian,1000,1.0,alt,1.0,3,pillai,True
linear_gaussian,1000,1.0,alt,1.0,4,pearsonr,True
linear_gaussian,1000,1.0,alt,1.0,4,gcm,True
linear_gaussian,1000,1.0,alt,1.0,4,pillai,True
linear_gaussian,1000,1.0,alt,1.0,5,pearsonr,False
linear_gaussian,1000,1.0,alt,1.0,5,gcm,False
linear_gaussian,1000,1.0,alt,1.0,5,pillai,False
linear_gaussian,1000,1.0,alt,1.0,6,pearsonr,False
linear_gaussian,1000,1.0,alt,1.0,6,gcm,False
linear_gaussian,1000,1.0,alt,1.0,6,pillai,False
linear_gaussian,1000,1.0,alt,1.0,7,pearsonr,False
linear_gaussian,1000,1.0,alt,1.0,7,gcm,False
linear_gaussian,1000,1.0,alt,1.0,7,pillai,False
linear_gaussian,1000,1.0,alt,1.0,8,pearsonr,False
linear_gaussian,1000,1.0,alt,1.0,8,gcm,False
linear_gaussian,1000,1.0,alt,1.0,8,pillai,True
linear_gaussian,1000,1.0,alt,1.0,9,pearsonr,False
linear_gaussian,1000,1.0,alt,1.0,9,gcm,False
linear_gaussian,1000,1.0,alt,1.0,9,pillai,False
linear_gaussian,1000,1.0,alt,1.0,10,pearsonr,False
linear_gaussian,1000,1.0,alt,1.0,10,gcm,False
linear_gaussian,1000,1.0,alt,1.0,10,pillai,False
linear_gaussian,1000,1.0,alt,1.0,11,pearsonr,False
linear_gaussian,1000,1.0,alt,1.0,11,gcm,False
linear_gaussian,1000,1.0,alt,1.0,11,pillai,False
linear_gaussian,1000,1.0,alt,1.0,12,pearsonr,True
linear_gaussian,1000,1.0,alt,1.0,12,gcm,True
linear_gaussian,1000,1.0,alt,1.0,12,pillai,True
linear_gaussian,1000,1.0,alt,1.0,13,pearsonr,False
linear_gaussian,1000,1.0,alt,1.0,13,gcm,False
linear_gaussian,1000,1.0,alt,1.0,13,pillai,False
linear_gaussian,1000,1.0,alt,1.0,14,pearsonr,False
linear_gaussian,1000,1.0,alt,1.0,14,gcm,False
linear_gaussian,1000,1.0,alt,1.0,14,pillai,False
linear_gaussian,1000,1.0,alt,1.0,15,pearsonr,False
linear_gaussian,1000,1.0,alt,1.0,15,gcm,False
linear_gaussian,1000,1.0,alt,1.0,15,pillai,False
linear_gaussian,1000,1.0,alt,1.0,16,pearsonr,False
linear_gaussian,1000,1.0,alt,1.0,16,gcm,False
linear_gaussian,1000,1.0,alt,1.0,16,pillai,False
linear_gaussian,1000,1.0,alt,1.0,17,pearsonr,False
linear_gaussian,1000,1.0,alt,1.0,17,gcm,False
linear_gaussian,1000,1.0,alt,1.0,17,pillai,False
linear_gaussian,1000,1.0,alt,1.0,18,pearsonr,False
linear_gaussian,1000,1.0,alt,1.0,18,gcm,False
linear_gaussian,1000,1.0,alt,1.0,18,pillai,False
linear_gaussian,1000,1.0,alt,1.0,19,pearsonr,False
linear_gaussian,1000,1.0,alt,1.0,19,gcm,False
linear_gaussian,1000,1.0,alt,1.0,19,pillai,False
linear_gaussian,1000,1.0,alt,1.0,20,pearsonr,False
linear_gaussian,1000,1.0,alt,1.0,20,gcm,False
linear_gaussian,1000,1.0,alt,1.0,20,pillai,False
linear_gaussian,1000,1.0,alt,1.0,21,pearsonr,False
linear_gaussian,1000,1.0,alt,1.0,21,gcm,False
linear_gaussian,1000,1.0,alt,1.0,21,pillai,False
linear_gaussian,1000,1.0,alt,1.0,22,pearsonr,False
linear_gaussian,1000,1.0,alt,1.0,22,gcm,False
linear_gaussian,1000,1.0,alt,1.0,22,pillai,False
linear_gaussian,1000,1.0,alt,1.0,23,pearsonr,False
linear_gaussian,1000,1.0,alt,1.0,23,gcm,False
linear_gaussian,1000,1.0,alt,1.0,23,pillai,False
linear_gaussian,1000,1.0,alt,1.0,24,pearsonr,False
linear_gaussian,1000,1.0,alt,1.0,24,gcm,False
linear_gaussian,1000,1.0,alt,1.0,24,pillai,False
linear_gaussian,1000,1.0,alt,1.0,25,pearsonr,True
linear_gaussian,1000,1.0,alt,1.0,25,gcm,True
linear_gaussian,1000,1.0,alt,1.0,25,pillai,True
linear_gaussian,1000,1.0,alt,1.0,26,pearsonr,False
linear_gaussian,1000,1.0,alt,1.0,26,gcm,False
linear_gaussian,1000,1.0,alt,1.0,26,pillai,False
linear_gaussian,1000,1.0,alt,1.0,27,pearsonr,False
linear_gaussian,1000,1.0,alt,1.0,27,gcm,False
linear_gaussian,1000,1.0,alt,1.0,27,pillai,False
linear_gaussian,1000,1.0,alt,1.0,28,pearsonr,False
linear_gaussian,1000,1.0,alt,1.0,28,gcm,False
linear_gaussian,1000,1.0,alt,1.0,28,pillai,False
linear_gaussian,1000,1.0,alt,1.0,29,pearsonr,False
linear_gaussian,1000,1.0,alt,1.0,29,gcm,False
linear_gaussian,1000,1.0,alt,1.0,29,pillai,True
linear_gaussian,1000,1.0,alt,1.0,30,pearsonr,False
linear_gaussian,1000,1.0,alt,1.0,30,gcm,False
linear_gaussian,1000,1.0,alt,1.0,30,pillai,False
linear_gaussian,1000,1.0,alt,1.0,31,pearsonr,False
linear_gaussian,1000,1.0,alt,1.0,31,gcm,False
linear_gaussian,1000,1.0,alt,1.0,31,pillai,False
linear_gaussian,1000,1.0,alt,1.0,32,pearsonr,False
linear_gaussian,1000,1.0,alt,1.0,32,gcm,False
linear_gaussian,1000,1.0,alt,1.0,32,pillai,False
linear_gaussian,1000,1.0,alt,1.0,33,pearsonr,False
linear_gaussian,1000,1.0,alt,1.0,33,gcm,False
linear_gaussian,1000,1.0,alt,1.0,33,pillai,False
linear_gaussian,1000,1.0,alt,1.0,34,pearsonr,False
linear_gaussian,1000,1.0,alt,1.0,34,gcm,False
linear_gaussian,1000,1.0,alt,1.0,34,pillai,False
linear_gaussian,1000,1.0,alt,1.0,35,pearsonr,False
linear_gaussian,1000,1.0,alt,1.0,35,gcm,False
linear_gaussian,1000,1.0,alt,1.0,35,pillai,False
linear_gaussian,1000,1.0,alt,1.0,36,pearsonr,False
linear_gaussian,1000,1.0,alt,1.0,36,gcm,False
linear_gaussian,1000,1.0,alt,1.0,36,pillai,False
linear_gaussian,1000,1.0,alt,1.0,37,pearsonr,False
linear_gaussian,1000,1.0,alt,1.0,37,gcm,False
linear_gaussian,1000,1.0,alt,1.0,37,pillai,False
linear_gaussian,1000,1.0,alt,1.0,38,pearsonr,False
linear_gaussian,1000,1.0,alt,1.0,38,gcm,False
linear_gaussian,1000,1.0,alt,1.0,38,pillai,False
linear_gaussian,1000,1.0,alt,1.0,39,pearsonr,False
linear_gaussian,1000,1.0,alt,1.0,39,gcm,False
linear_gaussian,1000,1.0,alt,1.0,39,pillai,False
linear_gaussian,1000,1.0,alt,1.0,40,pearsonr,False
linear_gaussian,1000,1.0,alt,1.0,40,gcm,False
linear_gaussian,1000,1.0,alt,1.0,40,pillai,False
linear_gaussian,1000,1.0,alt,1.0,41,pearsonr,False
linear_gaussian,1000,1.0,alt,1.0,41,gcm,False
linear_gaussian,1000,1.0,alt,1.0,41,pillai,False
linear_gaussian,1000,1.0,alt,1.0,42,pearsonr,False
linear_gaussian,1000,1.0,alt,1.0,42,gcm,False
linear_gaussian,1000,1.0,alt,1.0,42,pillai,False
linear_gaussian,1000,1.0,alt,1.0,43,pearsonr,False
linear_gaussian,1000,1.0,alt,1.0,43,gcm,False
linear_gaussian,1000,1.0,alt,1.0,43,pillai,False
linear_gaussian,1000,1.0,alt,1.0,44,pearsonr,False
linear_gaussian,1000,1.0,alt,1.0,44,gcm,False
linear_gaussian,1000,1.0,alt,1.0,44,pillai,False
linear_gaussian,1000,1.0,alt,1.0,45,pearsonr,False
linear_gaussian,1000,1.0,alt,1.0,45,gcm,False
linear_gaussian,1000,1.0,alt,1.0,45,pillai,False
linear_gaussian,1000,1.0,alt,1.0,46,pearsonr,False
linear_gaussian,1000,1.0,alt,1.0,46,gcm,False
linear_gaussian,1000,1.0,alt,1.0,46,pillai,False
linear_gaussian,1000,1.0,alt,1.0,47,pearsonr,False
linear_gaussian,1000,1.0,alt,1.0,47,gcm,False
linear_gaussian,1000,1.0,alt,1.0,47,pillai,False
linear_gaussian,1000,1.0,alt,1.0,48,pearsonr,False
linear_gaussian,1000,1.0,alt,1.0,48,gcm,False
linear_gaussian,1000,1.0,alt,1.0,48,pillai,False
linear_gaussian,1000,1.0,alt,1.0,49,pearsonr,False
linear_gaussian,1000,1.0,alt,1.0,49,gcm,False
linear_gaussian,1000,1.0,alt,1.0,49,pillai,False
nonlinear_gaussian,100,0.5,null,0.0,0,gcm,False
nonlinear_gaussian,100,0.5,null,0.0,0,pillai,False
nonlinear_gaussian,100,0.5,null,0.0,1,gcm,False
nonlinear_gaussian,100,0.5,null,0.0,1,pillai,False
nonlinear_gaussian,100,0.5,null,0.0,2,gcm,False
nonlinear_gaussian,100,0.5,null,0.0,2,pillai,False
nonlinear_gaussian,100,0.5,null,0.0,3,gcm,False
nonlinear_gaussian,100,0.5,null,0.0,3,pillai,False
nonlinear_gaussian,100,0.5,null,0.0,4,gcm,False
nonlinear_gaussian,100,0.5,null,0.0,4,pillai,True
nonlinear_gaussian,100,0.5,null,0.0,5,gcm,False
nonlinear_gaussian,100,0.5,null,0.0,5,pillai,True
nonlinear_gaussian,100,0.5,null,0.0,6,gcm,False
nonlinear_gaussian,100,0.5,null,0.0,6,pillai,False
nonlinear_gaussian,100,0.5,null,0.0,7,gcm,False
nonlinear_gaussian,100,0.5,null,0.0,7,pillai,True
nonlinear_gaussian,100,0.5,null,0.0,8,gcm,False
nonlinear_gaussian,100,0.5,null,0.0,8,pillai,True
nonlinear_gaussian,100,0.5,null,0.0,9,gcm,False
nonlinear_gaussian,100,0.5,null,0.0,9,pillai,True
nonlinear_gaussian,100,0.5,null,0.0,10,gcm,False
nonlinear_gaussian,100,0.5,null,0.0,10,pillai,False
nonlinear_gaussian,100,0.5,null,0.0,11,gcm,False
nonlinear_gaussian,100,0.5,null,0.0,11,pillai,False
nonlinear_gaussian,100,0.5,null,0.0,12,gcm,False
nonlinear_gaussian,100,0.5,null,0.0,12,pillai,False
nonlinear_gaussian,100,0.5,null,0.0,13,gcm,False
nonlinear_gaussian,100,0.5,null,0.0,13,pillai,False
nonlinear_gaussian,100,0.5,null,0.0,14,gcm,False
nonlinear_gaussian,100,0.5,null,0.0,14,pillai,False
nonlinear_gaussian,100,0.5,null,0.0,15,gcm,False
nonlinear_gaussian,100,0.5,null,0.0,15,pillai,False
nonlinear_gaussian,100,0.5,null,0.0,16,gcm,False
nonlinear_gaussian,100,0.5,null,0.0,16,pillai,False
nonlinear_gaussian,100,0.5,null,0.0,17,gcm,False
nonlinear_gaussian,100,0.5,null,0.0,17,pillai,False
nonlinear_gaussian,100,0.5,null,0.0,18,gcm,False
nonlinear_gaussian,100,0.5,null,0.0,18,pillai,False
nonlinear_gaussian,100,0.5,null,0.0,19,gcm,False
nonlinear_gaussian,100,0.5,null,0.0,19,pillai,False
nonlinear_gaussian,100,0.5,null,0.0,20,gcm,False
nonlinear_gaussian,100,0.5,null,0.0,20,pillai,False
nonlinear_gaussian,100,0.5,null,0.0,21,gcm,False
nonlinear_gaussian,100,0.5,null,0.0,21,pillai,False
nonlinear_gaussian,100,0.5,null,0.0,22,gcm,False
nonlinear_gaussian,100,0.5,null,0.0,22,pillai,False
nonlinear_gaussian,100,0.5,null,0.0,23,gcm,False
nonlinear_gaussian,100,0.5,null,0.0,23,pillai,False
nonlinear_gaussian,100,0.5,null,0.0,24,gcm,False
nonlinear_gaussian,100,0.5,null,0.0,24,pillai,False
nonlinear_gaussian,100,0.5,null,0.0,25,gcm,False
nonlinear_gaussian,100,0.5,null,0.0,25,pillai,False
nonlinear_gaussian,100,0.5,null,0.0,26,gcm,False
nonlinear_gaussian,100,0.5,null,0.0,26,pillai,False
nonlinear_gaussian,100,0.5,null,0.0,27,gcm,False
nonlinear_gaussian,100,0.5,null,0.0,27,pillai,False
nonlinear_gaussian,100,0.5,null,0.0,28,gcm,False
nonlinear_gaussian,100,0.5,null,0.0,28,pillai,False
nonlinear_gaussian,100,0.5,null,0.0,29,gcm,False
nonlinear_gaussian,100,0.5,null,0.0,29,pillai,False
nonlinear_gaussian,100,0.5,null,0.0,30,gcm,False
nonlinear_gaussian,100,0.5,null,0.0,30,pillai,False
nonlinear_gaussian,100,0.5,null,0.0,31,gcm,False
nonlinear_gaussian,100,0.5,null,0.0,31,pillai,False
nonlinear_gaussian,100,0.5,null,0.0,32,gcm,False
nonlinear_gaussian,100,0.5,null,0.0,32,pillai,True
nonlinear_gaussian,100,0.5,null,0.0,33,gcm,False
nonlinear_gaussian,100,0.5,null,0.0,33,pillai,False
nonlinear_gaussian,100,0.5,null,0.0,34,gcm,False
nonlinear_gaussian,100,0.5,null,0.0,34,pillai,False
nonlinear_gaussian,100,0.5,null,0.0,35,gcm,False
nonlinear_gaussian,100,0.5,null,0.0,35,pillai,True
nonlinear_gaussian,100,0.5,null,0.0,36,gcm,False
nonlinear_gaussian,100,0.5,null,0.0,36,pillai,False
nonlinear_gaussian,100,0.5,null,0.0,37,gcm,False
nonlinear_gaussian,100,0.5,null,0.0,37,pillai,False
nonlinear_gaussian,100,0.5,null,0.0,38,gcm,False
nonlinear_gaussian,100,0.5,null,0.0,38,pillai,False
nonlinear_gaussian,100,0.5,null,0.0,39,gcm,False
nonlinear_gaussian,100,0.5,null,0.0,39,pillai,False
nonlinear_gaussian,100,0.5,null,0.0,40,gcm,False
nonlinear_gaussian,100,0.5,null,0.0,40,pillai,False
nonlinear_gaussian,100,0.5,null,0.0,41,gcm,False
nonlinear_gaussian,100,0.5,null,0.0,41,pillai,False
nonlinear_gaussian,100,0.5,null,0.0,42,gcm,False
nonlinear_gaussian,100,0.5,null,0.0,42,pillai,False
nonlinear_gaussian,100,0.5,null,0.0,43,gcm,False
nonlinear_gaussian,100,0.5,null,0.0,43,pillai,False
nonlinear_gaussian,100,0.5,null,0.0,44,gcm,False
nonlinear_gaussian,100,0.5,null,0.0,44,pillai,False
nonlinear_gaussian,100,0.5,null,0.0,45,gcm,False
nonlinear_gaussian,100,0.5,null,0.0,45,pillai,False
nonlinear_gaussian,100,0.5,null,0.0,46,gcm,False
nonlinear_gaussian,100,0.5,null,0.0,46,pillai,True
nonlinear_gaussian,100,0.5,null,0.0,47,gcm,False
nonlinear_gaussian,100,0.5,null,0.0,47,pillai,False
nonlinear_gaussian,100,0.5,null,0.0,48,gcm,False
nonlinear_gaussian,100,0.5,null,0.0,48,pillai,False
nonlinear_gaussian,100,0.5,null,0.0,49,gcm,True
nonlinear_gaussian,100,0.5,null,0.0,49,pillai,False
nonlinear_gaussian,100,0.5,alt,1.0,0,gcm,False
nonlinear_gaussian,100,0.5,alt,1.0,0,pillai,False
nonlinear_gaussian,100,0.5,alt,1.0,1,gcm,False
nonlinear_gaussian,100,0.5,alt,1.0,1,pillai,False
nonlinear_gaussian,100,0.5,alt,1.0,2,gcm,False
nonlinear_gaussian,100,0.5,alt,1.0,2,pillai,False
nonlinear_gaussian,100,0.5,alt,1.0,3,gcm,False
nonlinear_gaussian,100,0.5,alt,1.0,3,pillai,False
nonlinear_gaussian,100,0.5,alt,1.0,4,gcm,False
nonlinear_gaussian,100,0.5,alt,1.0,4,pillai,True
nonlinear_gaussian,100,0.5,alt,1.0,5,gcm,False
nonlinear_gaussian,100,0.5,alt,1.0,5,pillai,False
nonlinear_gaussian,100,0.5,alt,1.0,6,gcm,False
nonlinear_gaussian,100,0.5,alt,1.0,6,pillai,False
nonlinear_gaussian,100,0.5,alt,1.0,7,gcm,False
nonlinear_gaussian,100,0.5,alt,1.0,7,pillai,True
nonlinear_gaussian,100,0.5,alt,1.0,8,gcm,False
nonlinear_gaussian,100,0.5,alt,1.0,8,pillai,True
nonlinear_gaussian,100,0.5,alt,1.0,9,gcm,False
nonlinear_gaussian,100,0.5,alt,1.0,9,pillai,True
nonlinear_gaussian,100,0.5,alt,1.0,10,gcm,False
nonlinear_gaussian,100,0.5,alt,1.0,10,pillai,False
nonlinear_gaussian,100,0.5,alt,1.0,11,gcm,False
nonlinear_gaussian,100,0.5,alt,1.0,11,pillai,False
nonlinear_gaussian,100,0.5,alt,1.0,12,gcm,False
nonlinear_gaussian,100,0.5,alt,1.0,12,pillai,True
nonlinear_gaussian,100,0.5,alt,1.0,13,gcm,False
nonlinear_gaussian,100,0.5,alt,1.0,13,pillai,False
nonlinear_gaussian,100,0.5,alt,1.0,14,gcm,False
nonlinear_gaussian,100,0.5,alt,1.0,14,pillai,False
nonlinear_gaussian,100,0.5,alt,1.0,15,gcm,False
nonlinear_gaussian,100,0.5,alt,1.0,15,pillai,False
nonlinear_gaussian,100,0.5,alt,1.0,16,gcm,False
nonlinear_gaussian,100,0.5,alt,1.0,16,pillai,False
nonlinear_gaussian,100,0.5,alt,1.0,17,gcm,False
nonlinear_gaussian,100,0.5,alt,1.0,17,pillai,False
nonlinear_gaussian,100,0.5,alt,1.0,18,gcm,False
nonlinear_gaussian,100,0.5,alt,1.0,18,pillai,False
nonlinear_gaussian,100,0.5,alt,1.0,19,gcm,False
nonlinear_gaussian,100,0.5,alt,1.0,19,pillai,False
nonlinear_gaussian,100,0.5,alt,1.0,20,gcm,False
nonlinear_gaussian,100,0.5,alt,1.0,20,pillai,False
nonlinear_gaussian,100,0.5,alt,1.0,21,gcm,False
nonlinear_gaussian,100,0.5,alt,1.0,21,pillai,False
nonlinear_gaussian,100,0.5,alt,1.0,22,gcm,False
nonlinear_gaussian,100,0.5,alt,1.0,22,pillai,False
nonlinear_gaussian,100,0.5,alt,1.0,23,gcm,False
nonlinear_gaussian,100,0.5,alt,1.0,23,pillai,False
nonlinear_gaussian,100,0.5,alt,1.0,24,gcm,False
nonlinear_gaussian,100,0.5,alt,1.0,24,pillai,False
nonlinear_gaussian,100,0.5,alt,1.0,25,gcm,False
nonlinear_gaussian,100,0.5,alt,1.0,25,pillai,False
nonlinear_gaussian,100,0.5,alt,1.0,26,gcm,False
nonlinear_gaussian,100,0.5,alt,1.0,26,pillai,False
nonlinear_gaussian,100,0.5,alt,1.0,27,gcm,False
nonlinear_gaussian,100,0.5,alt,1.0,27,pillai,False
nonlinear_gaussian,100,0.5,alt,1.0,28,gcm,False
nonlinear_gaussian,100,0.5,alt,1.0,28,pillai,False
nonlinear_gaussian,100,0.5,alt,1.0,29,gcm,False
nonlinear_gaussian,100,0.5,alt,1.0,29,pillai,False
nonlinear_gaussian,100,0.5,alt,1.0,30,gcm,False
nonlinear_gaussian,100,0.5,alt,1.0,30,pillai,False
nonlinear_gaussian,100,0.5,alt,1.0,31,gcm,False
nonlinear_gaussian,100,0.5,alt,1.0,31,pillai,False
nonlinear_gaussian,100,0.5,alt,1.0,32,gcm,False
nonlinear_gaussian,100,0.5,alt,1.0,32,pillai,False
nonlinear_gaussian,100,0.5,alt,1.0,33,gcm,False
nonlinear_gaussian,100,0.5,alt,1.0,33,pillai,False
nonlinear_gaussian,100,0.5,alt,1.0,34,gcm,False
nonlinear_gaussian,100,0.5,alt,1.0,34,pillai,False
nonlinear_gaussian,100,0.5,alt,1.0,35,gcm,False
nonlinear_gaussian,100,0.5,alt,1.0,35,pillai,True
nonlinear_gaussian,100,0.5,alt,1.0,36,gcm,False
nonlinear_gaussian,100,0.5,alt,1.0,36,pillai,False
nonlinear_gaussian,100,0.5,alt,1.0,37,gcm,False
nonlinear_gaussian,100,0.5,alt,1.0,37,pillai,False
nonlinear_gaussian,100,0.5,alt,1.0,38,gcm,False
nonlinear_gaussian,100,0.5,alt,1.0,38,pillai,False
nonlinear_gaussian,100,0.5,alt,1.0,39,gcm,False
nonlinear_gaussian,100,0.5,alt,1.0,39,pillai,False
nonlinear_gaussian,100,0.5,alt,1.0,40,gcm,False
nonlinear_gaussian,100,0.5,alt,1.0,40,pillai,False
nonlinear_gaussian,100,0.5,alt,1.0,41,gcm,False
nonlinear_gaussian,100,0.5,alt,1.0,41,pillai,False
nonlinear_gaussian,100,0.5,alt,1.0,42,gcm,False
nonlinear_gaussian,100,0.5,alt,1.0,42,pillai,False
nonlinear_gaussian,100,0.5,alt,1.0,43,gcm,False
nonlinear_gaussian,100,0.5,alt,1.0,43,pillai,False
nonlinear_gaussian,100,0.5,alt,1.0,44,gcm,False
nonlinear_gaussian,100,0.5,alt,1.0,44,pillai,False
nonlinear_gaussian,100,0.5,alt,1.0,45,gcm,False
nonlinear_gaussian,100,0.5,alt,1.0,45,pillai,False
nonlinear_gaussian,100,0.5,alt,1.0,46,gcm,False
nonlinear_gaussian,100,0.5,alt,1.0,46,pillai,True
nonlinear_gaussian,100,0.5,alt,1.0,47,gcm,False
nonlinear_gaussian,100,0.5,alt,1.0,47,pillai,False
nonlinear_gaussian,100,0.5,alt,1.0,48,gcm,False
nonlinear_gaussian,100,0.5,alt,1.0,48,pillai,False
nonlinear_gaussian,100,0.5,alt,1.0,49,gcm,True
nonlinear_gaussian,100,0.5,alt,1.0,49,pillai,False
nonlinear_gaussian,100,1.0,null,0.0,0,gcm,False
nonlinear_gaussian,100,1.0,null,0.0,0,pillai,False
nonlinear_gaussian,100,1.0,null,0.0,1,gcm,False
nonlinear_gaussian,100,1.0,null,0.0,1,pillai,False
nonlinear_gaussian,100,1.0,null,0.0,2,gcm,False
nonlinear_gaussian,100,1.0,null,0.0,2,pillai,False
nonlinear_gaussian,100,1.0,null,0.0,3,gcm,False
nonlinear_gaussian,100,1.0,null,0.0,3,pillai,False
nonlinear_gaussian,100,1.0,null,0.0,4,gcm,False
nonlinear_gaussian,100,1.0,null,0.0,4,pillai,True
nonlinear_gaussian,100,1.0,null,0.0,5,gcm,False
nonlinear_gaussian,100,1.0,null,0.0,5,pillai,True
nonlinear_gaussian,100,1.0,null,0.0,6,gcm,False
nonlinear_gaussian,100,1.0,null,0.0,6,pillai,False
nonlinear_gaussian,100,1.0,null,0.0,7,gcm,False
nonlinear_gaussian,100,1.0,null,0.0,7,pillai,True
nonlinear_gaussian,100,1.0,null,0.0,8,gcm,False
nonlinear_gaussian,100,1.0,null,0.0,8,pillai,True
nonlinear_gaussian,100,1.0,null,0.0,9,gcm,False
nonlinear_gaussian,100,1.0,null,0.0,9,pillai,True
nonlinear_gaussian,100,1.0,null,0.0,10,gcm,False
nonlinear_gaussian,100,1.0,null,0.0,10,pillai,False
nonlinear_gaussian,100,1.0,null,0.0,11,gcm,False
nonlinear_gaussian,100,1.0,null,0.0,11,pillai,False
nonlinear_gaussian,100,1.0,null,0.0,12,gcm,False
nonlinear_gaussian,100,1.0,null,0.0,12,pillai,False
nonlinear_gaussian,100,1.0,null,0.0,13,gcm,False
nonlinear_gaussian,100,1.0,null,0.0,13,pillai,False
nonlinear_gaussian,100,1.0,null,0.0,14,gcm,False
nonlinear_gaussian,100,1.0,null,0.0,14,pillai,False
nonlinear_gaussian,100,1.0,null,0.0,15,gcm,False
nonlinear_gaussian,100,1.0,null,0.0,15,pillai,False
nonlinear_gaussian,100,1.0,null,0.0,16,gcm,False
nonlinear_gaussian,100,1.0,null,0.0,16,pillai,False
nonlinear_gaussian,100,1.0,null,0.0,17,gcm,False
nonlinear_gaussian,100,1.0,null,0.0,17,pillai,False
nonlinear_gaussian,100,1.0,null,0.0,18,gcm,False
nonlinear_gaussian,100,1.0,null,0.0,18,pillai,False
nonlinear_gaussian,100,1.0,null,0.0,19,gcm,False
nonlinear_gaussian,100,1.0,null,0.0,19,pillai,False
nonlinear_gaussian,100,1.0,null,0.0,20,gcm,False
nonlinear_gaussian,100,1.0,null,0.0,20,pillai,False
nonlinear_gaussian,100,1.0,null,0.0,21,gcm,False
nonlinear_gaussian,100,1.0,null,0.0,21,pillai,False
nonlinear_gaussian,100,1.0,null,0.0,22,gcm,False
nonlinear_gaussian,100,1.0,null,0.0,22,pillai,False
nonlinear_gaussian,100,1.0,null,0.0,23,gcm,False
nonlinear_gaussian,100,1.0,null,0.0,23,pillai,False
nonlinear_gaussian,100,1.0,null,0.0,24,gcm,False
nonlinear_gaussian,100,1.0,null,0.0,24,pillai,False
nonlinear_gaussian,100,1.0,null,0.0,25,gcm,False
nonlinear_gaussian,100,1.0,null,0.0,25,pillai,False
nonlinear_gaussian,100,1.0,null,0.0,26,gcm,False
nonlinear_gaussian,100,1.0,null,0.0,26,pillai,False
nonlinear_gaussian,100,1.0,null,0.0,27,gcm,False
nonlinear_gaussian,100,1.0,null,0.0,27,pillai,False
nonlinear_gaussian,100,1.0,null,0.0,28,gcm,False
nonlinear_gaussian,100,1.0,null,0.0,28,pillai,False
nonlinear_gaussian,100,1.0,null,0.0,29,gcm,False
nonlinear_gaussian,100,1.0,null,0.0,29,pillai,False
nonlinear_gaussian,100,1.0,null,0.0,30,gcm,False
nonlinear_gaussian,100,1.0,null,0.0,30,pillai,False
nonlinear_gaussian,100,1.0,null,0.0,31,gcm,False
nonlinear_gaussian,100,1.0,null,0.0,31,pillai,False
nonlinear_gaussian,100,1.0,null,0.0,32,gcm,False
nonlinear_gaussian,100,1.0,null,0.0,32,pillai,True
nonlinear_gaussian,100,1.0,null,0.0,33,gcm,False
nonlinear_gaussian,100,1.0,null,0.0,33,pillai,False
nonlinear_gaussian,100,1.0,null,0.0,34,gcm,False
nonlinear_gaussian,100,1.0,null,0.0,34,pillai,False
nonlinear_gaussian,100,1.0,null,0.0,35,gcm,False
nonlinear_gaussian,100,1.0,null,0.0,35,pillai,True
nonlinear_gaussian,100,1.0,null,0.0,36,gcm,False
nonlinear_gaussian,100,1.0,null,0.0,36,pillai,False
nonlinear_gaussian,100,1.0,null,0.0,37,gcm,False
nonlinear_gaussian,100,1.0,null,0.0,37,pillai,False
nonlinear_gaussian,100,1.0,null,0.0,38,gcm,False
nonlinear_gaussian,100,1.0,null,0.0,38,pillai,False
nonlinear_gaussian,100,1.0,null,0.0,39,gcm,False
nonlinear_gaussian,100,1.0,null,0.0,39,pillai,False
nonlinear_gaussian,100,1.0,null,0.0,40,gcm,False
nonlinear_gaussian,100,1.0,null,0.0,40,pillai,False
nonlinear_gaussian,100,1.0,null,0.0,41,gcm,False
nonlinear_gaussian,100,1.0,null,0.0,41,pillai,False
nonlinear_gaussian,100,1.0,null,0.0,42,gcm,False
nonlinear_gaussian,100,1.0,null,0.0,42,pillai,False
nonlinear_gaussian,100,1.0,null,0.0,43,gcm,False
nonlinear_gaussian,100,1.0,null,0.0,43,pillai,False
nonlinear_gaussian,100,1.0,null,0.0,44,gcm,False
nonlinear_gaussian,100,1.0,null,0.0,44,pillai,False
nonlinear_gaussian,100,1.0,null,0.0,45,gcm,False
nonlinear_gaussian,100,1.0,null,0.0,45,pillai,False
nonlinear_gaussian,100,1.0,null,0.0,46,gcm,False
nonlinear_gaussian,100,1.0,null,0.0,46,pillai,True
nonlinear_gaussian,100,1.0,null,0.0,47,gcm,False
nonlinear_gaussian,100,1.0,null,0.0,47,pillai,False
nonlinear_gaussian,100,1.0,null,0.0,48,gcm,False
nonlinear_gaussian,100,1.0,null,0.0,48,pillai,False
nonlinear_gaussian,100,1.0,null,0.0,49,gcm,True
nonlinear_gaussian,100,1.0,null,0.0,49,pillai,False
nonlinear_gaussian,100,1.0,alt,1.0,0,gcm,False
nonlinear_gaussian,100,1.0,alt,1.0,0,pillai,False
nonlinear_gaussian,100,1.0,alt,1.0,1,gcm,False
nonlinear_gaussian,100,1.0,alt,1.0,1,pillai,False
nonlinear_gaussian,100,1.0,alt,1.0,2,gcm,False
nonlinear_gaussian,100,1.0,alt,1.0,2,pillai,False
nonlinear_gaussian,100,1.0,alt,1.0,3,gcm,False
nonlinear_gaussian,100,1.0,alt,1.0,3,pillai,False
nonlinear_gaussian,100,1.0,alt,1.0,4,gcm,False
nonlinear_gaussian,100,1.0,alt,1.0,4,pillai,True
nonlinear_gaussian,100,1.0,alt,1.0,5,gcm,False
nonlinear_gaussian,100,1.0,alt,1.0,5,pillai,False
nonlinear_gaussian,100,1.0,alt,1.0,6,gcm,False
nonlinear_gaussian,100,1.0,alt,1.0,6,pillai,False
nonlinear_gaussian,100,1.0,alt,1.0,7,gcm,False
nonlinear_gaussian,100,1.0,alt,1.0,7,pillai,True
nonlinear_gaussian,100,1.0,alt,1.0,8,gcm,False
nonlinear_gaussian,100,1.0,alt,1.0,8,pillai,False
nonlinear_gaussian,100,1.0,alt,1.0,9,gcm,False
nonlinear_gaussian,100,1.0,alt,1.0,9,pillai,True
nonlinear_gaussian,100,1.0,alt,1.0,10,gcm,False
nonlinear_gaussian,100,1.0,alt,1.0,10,pillai,False
nonlinear_gaussian,100,1.0,alt,1.0,11,gcm,False
nonlinear_gaussian,100,1.0,alt,1.0,11,pillai,False
nonlinear_gaussian,100,1.0,alt,1.0,12,gcm,False
nonlinear_gaussian,100,1.0,alt,1.0,12,pillai,True
nonlinear_gaussian,100,1.0,alt,1.0,13,gcm,False
nonlinear_gaussian,100,1.0,alt,1.0,13,pillai,False
nonlinear_gaussian,100,1.0,alt,1.0,14,gcm,False
nonlinear_gaussian,100,1.0,alt,1.0,14,pillai,False
nonlinear_gaussian,100,1.0,alt,1.0,15,gcm,False
nonlinear_gaussian,100,1.0,alt,1.0,15,pillai,False
nonlinear_gaussian,100,1.0,alt,1.0,16,gcm,False
nonlinear_gaussian,100,1.0,alt,1.0,16,pillai,False
nonlinear_gaussian,100,1.0,alt,1.0,17,gcm,False
nonlinear_gaussian,100,1.0,alt,1.0,17,pillai,False
nonlinear_gaussian,100,1.0,alt,1.0,18,gcm,False
nonlinear_gaussian,100,1.0,alt,1.0,18,pillai,False
nonlinear_gaussian,100,1.0,alt,1.0,19,gcm,False
nonlinear_gaussian,100,1.0,alt,1.0,19,pillai,False
nonlinear_gaussian,100,1.0,alt,1.0,20,gcm,False
nonlinear_gaussian,100,1.0,alt,1.0,20,pillai,False
nonlinear_gaussian,100,1.0,alt,1.0,21,gcm,False
nonlinear_gaussian,100,1.0,alt,1.0,21,pillai,False
nonlinear_gaussian,100,1.0,alt,1.0,22,gcm,False
nonlinear_gaussian,100,1.0,alt,1.0,22,pillai,False
nonlinear_gaussian,100,1.0,alt,1.0,23,gcm,False
nonlinear_gaussian,100,1.0,alt,1.0,23,pillai,False
nonlinear_gaussian,100,1.0,alt,1.0,24,gcm,False
nonlinear_gaussian,100,1.0,alt,1.0,24,pillai,False
nonlinear_gaussian,100,1.0,alt,1.0,25,gcm,False
nonlinear_gaussian,100,1.0,alt,1.0,25,pillai,False
nonlinear_gaussian,100,1.0,alt,1.0,26,gcm,False
nonlinear_gaussian,100,1.0,alt,1.0,26,pillai,False
nonlinear_gaussian,100,1.0,alt,1.0,27,gcm,False
nonlinear_gaussian,100,1.0,alt,1.0,27,pillai,False
nonlinear_gaussian,100,1.0,alt,1.0,28,gcm,False
nonlinear_gaussian,100,1.0,alt,1.0,28,pillai,False
nonlinear_gaussian,100,1.0,alt,1.0,29,gcm,False
nonlinear_gaussian,100,1.0,alt,1.0,29,pillai,False
nonlinear_gaussian,100,1.0,alt,1.0,30,gcm,False
nonlinear_gaussian,100,1.0,alt,1.0,30,pillai,False
nonlinear_gaussian,100,1.0,alt,1.0,31,gcm,False
nonlinear_gaussian,100,1.0,alt,1.0,31,pillai,False
nonlinear_gaussian,100,1.0,alt,1.0,32,gcm,False
nonlinear_gaussian,100,1.0,alt,1.0,32,pillai,False
nonlinear_gaussian,100,1.0,alt,1.0,33,gcm,False
nonlinear_gaussian,100,1.0,alt,1.0,33,pillai,False
nonlinear_gaussian,100,1.0,alt,1.0,34,gcm,False
nonlinear_gaussian,100,1.0,alt,1.0,34,pillai,False
nonlinear_gaussian,100,1.0,alt,1.0,35,gcm,False
nonlinear_gaussian,100,1.0,alt,1.0,35,pillai,True
nonlinear_gaussian,100,1.0,alt,1.0,36,gcm,False
nonlinear_gaussian,100,1.0,alt,1.0,36,pillai,False
nonlinear_gaussian,100,1.0,alt,1.0,37,gcm,False
nonlinear_gaussian,100,1.0,alt,1.0,37,pillai,False
nonlinear_gaussian,100,1.0,alt,1.0,38,gcm,False
nonlinear_gaussian,100,1.0,alt,1.0,38,pillai,False
nonlinear_gaussian,100,1.0,alt,1.0,39,gcm,False
nonlinear_gaussian,100,1.0,alt,1.0,39,pillai,False
nonlinear_gaussian,100,1.0,alt,1.0,40,gcm,False
nonlinear_gaussian,100,1.0,alt,1.0,40,pillai,False
nonlinear_gaussian,100,1.0,alt,1.0,41,gcm,False
nonlinear_gaussian,100,1.0,alt,1.0,41,pillai,False
nonlinear_gaussian,100,1.0,alt,1.0,42,gcm,False
nonlinear_gaussian,100,1.0,alt,1.0,42,pillai,False
nonlinear_gaussian,100,1.0,alt,1.0,43,gcm,False
nonlinear_gaussian,100,1.0,alt,1.0,43,pillai,True
nonlinear_gaussian,100,1.0,alt,1.0,44,gcm,False
nonlinear_gaussian,100,1.0,alt,1.0,44,pillai,False
nonlinear_gaussian,100,1.0,alt,1.0,45,gcm,False
nonlinear_gaussian,100,1.0,alt,1.0,45,pillai,False
nonlinear_gaussian,100,1.0,alt,1.0,46,gcm,False
nonlinear_gaussian,100,1.0,alt,1.0,46,pillai,True
nonlinear_gaussian,100,1.0,alt,1.0,47,gcm,False
nonlinear_gaussian,100,1.0,alt,1.0,47,pillai,False
nonlinear_gaussian,100,1.0,alt,1.0,48,gcm,False
nonlinear_gaussian,100,1.0,alt,1.0,48,pillai,False
nonlinear_gaussian,100,1.0,alt,1.0,49,gcm,True
nonlinear_gaussian,100,1.0,alt,1.0,49,pillai,False
nonlinear_gaussian,500,0.5,null,0.0,0,gcm,False
nonlinear_gaussian,500,0.5,null,0.0,0,pillai,False
nonlinear_gaussian,500,0.5,null,0.0,1,gcm,True
nonlinear_gaussian,500,0.5,null,0.0,1,pillai,False
nonlinear_gaussian,500,0.5,null,0.0,2,gcm,False
nonlinear_gaussian,500,0.5,null,0.0,2,pillai,True
nonlinear_gaussian,500,0.5,null,0.0,3,gcm,False
nonlinear_gaussian,500,0.5,null,0.0,3,pillai,False
nonlinear_gaussian,500,0.5,null,0.0,4,gcm,False
nonlinear_gaussian,500,0.5,null,0.0,4,pillai,False
nonlinear_gaussian,500,0.5,null,0.0,5,gcm,False
nonlinear_gaussian,500,0.5,null,0.0,5,pillai,False
nonlinear_gaussian,500,0.5,null,0.0,6,gcm,False
nonlinear_gaussian,500,0.5,null,0.0,6,pillai,False
nonlinear_gaussian,500,0.5,null,0.0,7,gcm,False
nonlinear_gaussian,500,0.5,null,0.0,7,pillai,False
nonlinear_gaussian,500,0.5,null,0.0,8,gcm,False
nonlinear_gaussian,500,0.5,null,0.0,8,pillai,False
nonlinear_gaussian,500,0.5,null,0.0,9,gcm,False
nonlinear_gaussian,500,0.5,null,0.0,9,pillai,False
nonlinear_gaussian,500,0.5,null,0.0,10,gcm,False
nonlinear_gaussian,500,0.5,null,0.0,10,pillai,False
nonlinear_gaussian,500,0.5,null,0.0,11,gcm,False
nonlinear_gaussian,500,0.5,null,0.0,11,pillai,True
nonlinear_gaussian,500,0.5,null,0.0,12,gcm,False
nonlinear_gaussian,500,0.5,null,0.0,12,pillai,False
nonlinear_gaussian,500,0.5,null,0.0,13,gcm,False
nonlinear_gaussian,500,0.5,null,0.0,13,pillai,False
nonlinear_gaussian,500,0.5,null,0.0,14,gcm,False
nonlinear_gaussian,500,0.5,null,0.0,14,pillai,False
nonlinear_gaussian,500,0.5,null,0.0,15,gcm,False
nonlinear_gaussian,500,0.5,null,0.0,15,pillai,False
nonlinear_gaussian,500,0.5,null,0.0,16,gcm,False
nonlinear_gaussian,500,0.5,null,0.0,16,pillai,False
nonlinear_gaussian,500,0.5,null,0.0,17,gcm,False
nonlinear_gaussian,500,0.5,null,0.0,17,pillai,False
nonlinear_gaussian,500,0.5,null,0.0,18,gcm,False
nonlinear_gaussian,500,0.5,null,0.0,18,pillai,False
nonlinear_gaussian,500,0.5,null,0.0,19,gcm,False
nonlinear_gaussian,500,0.5,null,0.0,19,pillai,False
nonlinear_gaussian,500,0.5,null,0.0,20,gcm,False
nonlinear_gaussian,500,0.5,null,0.0,20,pillai,False
nonlinear_gaussian,500,0.5,null,0.0,21,gcm,False
nonlinear_gaussian,500,0.5,null,0.0,21,pillai,False
nonlinear_gaussian,500,0.5,null,0.0,22,gcm,False
nonlinear_gaussian,500,0.5,null,0.0,22,pillai,False
nonlinear_gaussian,500,0.5,null,0.0,23,gcm,False
nonlinear_gaussian,500,0.5,null,0.0,23,pillai,False
nonlinear_gaussian,500,0.5,null,0.0,24,gcm,False
nonlinear_gaussian,500,0.5,null,0.0,24,pillai,False
nonlinear_gaussian,500,0.5,null,0.0,25,gcm,False
nonlinear_gaussian,500,0.5,null,0.0,25,pillai,False
nonlinear_gaussian,500,0.5,null,0.0,26,gcm,False
nonlinear_gaussian,500,0.5,null,0.0,26,pillai,False
nonlinear_gaussian,500,0.5,null,0.0,27,gcm,False
nonlinear_gaussian,500,0.5,null,0.0,27,pillai,False
nonlinear_gaussian,500,0.5,null,0.0,28,gcm,False
nonlinear_gaussian,500,0.5,null,0.0,28,pillai,False
nonlinear_gaussian,500,0.5,null,0.0,29,gcm,False
nonlinear_gaussian,500,0.5,null,0.0,29,pillai,False
nonlinear_gaussian,500,0.5,null,0.0,30,gcm,False
nonlinear_gaussian,500,0.5,null,0.0,30,pillai,False
nonlinear_gaussian,500,0.5,null,0.0,31,gcm,False
nonlinear_gaussian,500,0.5,null,0.0,31,pillai,False
nonlinear_gaussian,500,0.5,null,0.0,32,gcm,False
nonlinear_gaussian,500,0.5,null,0.0,32,pillai,True
nonlinear_gaussian,500,0.5,null,0.0,33,gcm,False
nonlinear_gaussian,500,0.5,null,0.0,33,pillai,False
nonlinear_gaussian,500,0.5,null,0.0,34,gcm,False
nonlinear_gaussian,500,0.5,null,0.0,34,pillai,False
nonlinear_gaussian,500,0.5,null,0.0,35,gcm,False
nonlinear_gaussian,500,0.5,null,0.0,35,pillai,False
nonlinear_gaussian,500,0.5,null,0.0,36,gcm,False
nonlinear_gaussian,500,0.5,null,0.0,36,pillai,False
nonlinear_gaussian,500,0.5,null,0.0,37,gcm,False
nonlinear_gaussian,500,0.5,null,0.0,37,pillai,False
nonlinear_gaussian,500,0.5,null,0.0,38,gcm,False
nonlinear_gaussian,500,0.5,null,0.0,38,pillai,False
nonlinear_gaussian,500,0.5,null,0.0,39,gcm,False
nonlinear_gaussian,500,0.5,null,0.0,39,pillai,False
nonlinear_gaussian,500,0.5,null,0.0,40,gcm,False
nonlinear_gaussian,500,0.5,null,0.0,40,pillai,False
nonlinear_gaussian,500,0.5,null,0.0,41,gcm,False
nonlinear_gaussian,500,0.5,null,0.0,41,pillai,True
nonlinear_gaussian,500,0.5,null,0.0,42,gcm,False
nonlinear_gaussian,500,0.5,null,0.0,42,pillai,False
nonlinear_gaussian,500,0.5,null,0.0,43,gcm,False
nonlinear_gaussian,500,0.5,null,0.0,43,pillai,False
nonlinear_gaussian,500,0.5,null,0.0,44,gcm,False
nonlinear_gaussian,500,0.5,null,0.0,44,pillai,False
nonlinear_gaussian,500,0.5,null,0.0,45,gcm,False
nonlinear_gaussian,500,0.5,null,0.0,45,pillai,True
nonlinear_gaussian,500,0.5,null,0.0,46,gcm,False
nonlinear_gaussian,500,0.5,null,0.0,46,pillai,False
nonlinear_gaussian,500,0.5,null,0.0,47,gcm,False
nonlinear_gaussian,500,0.5,null,0.0,47,pillai,False
nonlinear_gaussian,500,0.5,null,0.0,48,gcm,False
nonlinear_gaussian,500,0.5,null,0.0,48,pillai,True
nonlinear_gaussian,500,0.5,null,0.0,49,gcm,False
nonlinear_gaussian,500,0.5,null,0.0,49,pillai,False
nonlinear_gaussian,500,0.5,alt,1.0,0,gcm,False
nonlinear_gaussian,500,0.5,alt,1.0,0,pillai,False
nonlinear_gaussian,500,0.5,alt,1.0,1,gcm,True
nonlinear_gaussian,500,0.5,alt,1.0,1,pillai,False
nonlinear_gaussian,500,0.5,alt,1.0,2,gcm,False
nonlinear_gaussian,500,0.5,alt,1.0,2,pillai,True
nonlinear_gaussian,500,0.5,alt,1.0,3,gcm,False
nonlinear_gaussian,500,0.5,alt,1.0,3,pillai,False
nonlinear_gaussian,500,0.5,alt,1.0,4,gcm,False
nonlinear_gaussian,500,0.5,alt,1.0,4,pillai,False
nonlinear_gaussian,500,0.5,alt,1.0,5,gcm,False
nonlinear_gaussian,500,0.5,alt,1.0,5,pillai,False
nonlinear_gaussian,500,0.5,alt,1.0,6,gcm,False
nonlinear_gaussian,500,0.5,alt,1.0,6,pillai,False
nonlinear_gaussian,500,0.5,alt,1.0,7,gcm,False
nonlinear_gaussian,500,0.5,alt,1.0,7,pillai,False
nonlinear_gaussian,500,0.5,alt,1.0,8,gcm,False
nonlinear_gaussian,500,0.5,alt,1.0,8,pillai,False
nonlinear_gaussian,500,0.5,alt,1.0,9,gcm,False
nonlinear_gaussian,500,0.5,alt,1.0,9,pillai,False
nonlinear_gaussian,500,0.5,alt,1.0,10,gcm,False
nonlinear_gaussian,500,0.5,alt,1.0,10,pillai,False
nonlinear_gaussian,500,0.5,alt,1.0,11,gcm,False
nonlinear_gaussian,500,0.5,alt,1.0,11,pillai,True
nonlinear_gaussian,500,0.5,alt,1.0,12,gcm,False
nonlinear_gaussian,500,0.5,alt,1.0,12,pillai,False
nonlinear_gaussian,500,0.5,alt,1.0,13,gcm,False
nonlinear_gaussian,500,0.5,alt,1.0,13,pillai,False
nonlinear_gaussian,500,0.5,alt,1.0,14,gcm,False
nonlinear_gaussian,500,0.5,alt,1.0,14,pillai,False
nonlinear_gaussian,500,0.5,alt,1.0,15,gcm,False
nonlinear_gaussian,500,0.5,alt,1.0,15,pillai,False
nonlinear_gaussian,500,0.5,alt,1.0,16,gcm,False
nonlinear_gaussian,500,0.5,alt,1.0,16,pillai,False
nonlinear_gaussian,500,0.5,alt,1.0,17,gcm,False
nonlinear_gaussian,500,0.5,alt,1.0,17,pillai,False
nonlinear_gaussian,500,0.5,alt,1.0,18,gcm,False
nonlinear_gaussian,500,0.5,alt,1.0,18,pillai,False
nonlinear_gaussian,500,0.5,alt,1.0,19,gcm,False
nonlinear_gaussian,500,0.5,alt,1.0,19,pillai,False
nonlinear_gaussian,500,0.5,alt,1.0,20,gcm,False
nonlinear_gaussian,500,0.5,alt,1.0,20,pillai,False
nonlinear_gaussian,500,0.5,alt,1.0,21,gcm,False
nonlinear_gaussian,500,0.5,alt,1.0,21,pillai,False
nonlinear_gaussian,500,0.5,alt,1.0,22,gcm,False
nonlinear_gaussian,500,0.5,alt,1.0,22,pillai,False
nonlinear_gaussian,500,0.5,alt,1.0,23,gcm,False
nonlinear_gaussian,500,0.5,alt,1.0,23,pillai,False
nonlinear_gaussian,500,0.5,alt,1.0,24,gcm,False
nonlinear_gaussian,500,0.5,alt,1.0,24,pillai,False
nonlinear_gaussian,500,0.5,alt,1.0,25,gcm,False
nonlinear_gaussian,500,0.5,alt,1.0,25,pillai,False
nonlinear_gaussian,500,0.5,alt,1.0,26,gcm,False
nonlinear_gaussian,500,0.5,alt,1.0,26,pillai,False
nonlinear_gaussian,500,0.5,alt,1.0,27,gcm,False
nonlinear_gaussian,500,0.5,alt,1.0,27,pillai,False
nonlinear_gaussian,500,0.5,alt,1.0,28,gcm,False
nonlinear_gaussian,500,0.5,alt,1.0,28,pillai,False
nonlinear_gaussian,500,0.5,alt,1.0,29,gcm,False
nonlinear_gaussian,500,0.5,alt,1.0,29,pillai,False
nonlinear_gaussian,500,0.5,alt,1.0,30,gcm,False
nonlinear_gaussian,500,0.5,alt,1.0,30,pillai,False
nonlinear_gaussian,500,0.5,alt,1.0,31,gcm,False
nonlinear_gaussian,500,0.5,alt,1.0,31,pillai,False
nonlinear_gaussian,500,0.5,alt,1.0,32,gcm,False
nonlinear_gaussian,500,0.5,alt,1.0,32,pillai,True
nonlinear_gaussian,500,0.5,alt,1.0,33,gcm,False
nonlinear_gaussian,500,0.5,alt,1.0,33,pillai,False
nonlinear_gaussian,500,0.5,alt,1.0,34,gcm,False
nonlinear_gaussian,500,0.5,alt,1.0,34,pillai,False
nonlinear_gaussian,500,0.5,alt,1.0,35,gcm,False
nonlinear_gaussian,500,0.5,alt,1.0,35,pillai,False
nonlinear_gaussian,500,0.5,alt,1.0,36,gcm,False
nonlinear_gaussian,500,0.5,alt,1.0,36,pillai,False
nonlinear_gaussian,500,0.5,alt,1.0,37,gcm,False
nonlinear_gaussian,500,0.5,alt,1.0,37,pillai,False
nonlinear_gaussian,500,0.5,alt,1.0,38,gcm,False
nonlinear_gaussian,500,0.5,alt,1.0,38,pillai,False
nonlinear_gaussian,500,0.5,alt,1.0,39,gcm,False
nonlinear_gaussian,500,0.5,alt,1.0,39,pillai,False
nonlinear_gaussian,500,0.5,alt,1.0,40,gcm,False
nonlinear_gaussian,500,0.5,alt,1.0,40,pillai,False
nonlinear_gaussian,500,0.5,alt,1.0,41,gcm,False
nonlinear_gaussian,500,0.5,alt,1.0,41,pillai,True
nonlinear_gaussian,500,0.5,alt,1.0,42,gcm,False
nonlinear_gaussian,500,0.5,alt,1.0,42,pillai,False
nonlinear_gaussian,500,0.5,alt,1.0,43,gcm,False
nonlinear_gaussian,500,0.5,alt,1.0,43,pillai,False
nonlinear_gaussian,500,0.5,alt,1.0,44,gcm,False
nonlinear_gaussian,500,0.5,alt,1.0,44,pillai,False
nonlinear_gaussian,500,0.5,alt,1.0,45,gcm,False
nonlinear_gaussian,500,0.5,alt,1.0,45,pillai,True
nonlinear_gaussian,500,0.5,alt,1.0,46,gcm,False
nonlinear_gaussian,500,0.5,alt,1.0,46,pillai,False
nonlinear_gaussian,500,0.5,alt,1.0,47,gcm,False
nonlinear_gaussian,500,0.5,alt,1.0,47,pillai,False
nonlinear_gaussian,500,0.5,alt,1.0,48,gcm,False
nonlinear_gaussian,500,0.5,alt,1.0,48,pillai,True
nonlinear_gaussian,500,0.5,alt,1.0,49,gcm,False
nonlinear_gaussian,500,0.5,alt,1.0,49,pillai,False
nonlinear_gaussian,500,1.0,null,0.0,0,gcm,False
nonlinear_gaussian,500,1.0,null,0.0,0,pillai,False
nonlinear_gaussian,500,1.0,null,0.0,1,gcm,True
nonlinear_gaussian,500,1.0,null,0.0,1,pillai,False
nonlinear_gaussian,500,1.0,null,0.0,2,gcm,False
nonlinear_gaussian,500,1.0,null,0.0,2,pillai,True
nonlinear_gaussian,500,1.0,null,0.0,3,gcm,False
nonlinear_gaussian,500,1.0,null,0.0,3,pillai,False
nonlinear_gaussian,500,1.0,null,0.0,4,gcm,False
nonlinear_gaussian,500,1.0,null,0.0,4,pillai,False
nonlinear_gaussian,500,1.0,null,0.0,5,gcm,False
nonlinear_gaussian,500,1.0,null,0.0,5,pillai,False
nonlinear_gaussian,500,1.0,null,0.0,6,gcm,False
nonlinear_gaussian,500,1.0,null,0.0,6,pillai,False
nonlinear_gaussian,500,1.0,null,0.0,7,gcm,False
nonlinear_gaussian,500,1.0,null,0.0,7,pillai,False
nonlinear_gaussian,500,1.0,null,0.0,8,gcm,False
nonlinear_gaussian,500,1.0,null,0.0,8,pillai,False
nonlinear_gaussian,500,1.0,null,0.0,9,gcm,False
nonlinear_gaussian,500,1.0,null,0.0,9,pillai,False
nonlinear_gaussian,500,1.0,null,0.0,10,gcm,False
nonlinear_gaussian,500,1.0,null,0.0,10,pillai,False
nonlinear_gaussian,500,1.0,null,0.0,11,gcm,False
nonlinear_gaussian,500,1.0,null,0.0,11,pillai,True
nonlinear_gaussian,500,1.0,null,0.0,12,gcm,False
nonlinear_gaussian,500,1.0,null,0.0,12,pillai,False
nonlinear_gaussian,500,1.0,null,0.0,13,gcm,False
nonlinear_gaussian,500,1.0,null,0.0,13,pillai,False
nonlinear_gaussian,500,1.0,null,0.0,14,gcm,False
nonlinear_gaussian,500,1.0,null,0.0,14,pillai,False
nonlinear_gaussian,500,1.0,null,0.0,15,gcm,False
nonlinear_gaussian,500,1.0,null,0.0,15,pillai,False
nonlinear_gaussian,500,1.0,null,0.0,16,gcm,False
nonlinear_gaussian,500,1.0,null,0.0,16,pillai,False
nonlinear_gaussian,500,1.0,null,0.0,17,gcm,False
nonlinear_gaussian,500,1.0,null,0.0,17,pillai,False
nonlinear_gaussian,500,1.0,null,0.0,18,gcm,False
nonlinear_gaussian,500,1.0,null,0.0,18,pillai,False
nonlinear_gaussian,500,1.0,null,0.0,19,gcm,False
nonlinear_gaussian,500,1.0,null,0.0,19,pillai,False
nonlinear_gaussian,500,1.0,null,0.0,20,gcm,False
nonlinear_gaussian,500,1.0,null,0.0,20,pillai,False
nonlinear_gaussian,500,1.0,null,0.0,21,gcm,False
nonlinear_gaussian,500,1.0,null,0.0,21,pillai,False
nonlinear_gaussian,500,1.0,null,0.0,22,gcm,False
nonlinear_gaussian,500,1.0,null,0.0,22,pillai,False
nonlinear_gaussian,500,1.0,null,0.0,23,gcm,False
nonlinear_gaussian,500,1.0,null,0.0,23,pillai,False
nonlinear_gaussian,500,1.0,null,0.0,24,gcm,False
nonlinear_gaussian,500,1.0,null,0.0,24,pillai,False
nonlinear_gaussian,500,1.0,null,0.0,25,gcm,False
nonlinear_gaussian,500,1.0,null,0.0,25,pillai,False
nonlinear_gaussian,500,1.0,null,0.0,26,gcm,False
nonlinear_gaussian,500,1.0,null,0.0,26,pillai,False
nonlinear_gaussian,500,1.0,null,0.0,27,gcm,False
nonlinear_gaussian,500,1.0,null,0.0,27,pillai,False
nonlinear_gaussian,500,1.0,null,0.0,28,gcm,False
nonlinear_gaussian,500,1.0,null,0.0,28,pillai,False
nonlinear_gaussian,500,1.0,null,0.0,29,gcm,False
nonlinear_gaussian,500,1.0,null,0.0,29,pillai,False
nonlinear_gaussian,500,1.0,null,0.0,30,gcm,False
nonlinear_gaussian,500,1.0,null,0.0,30,pillai,False
nonlinear_gaussian,500,1.0,null,0.0,31,gcm,False
nonlinear_gaussian,500,1.0,null,0.0,31,pillai,False
nonlinear_gaussian,500,1.0,null,0.0,32,gcm,False
nonlinear_gaussian,500,1.0,null,0.0,32,pillai,True
nonlinear_gaussian,500,1.0,null,0.0,33,gcm,False
nonlinear_gaussian,500,1.0,null,0.0,33,pillai,False
nonlinear_gaussian,500,1.0,null,0.0,34,gcm,False
nonlinear_gaussian,500,1.0,null,0.0,34,pillai,False
nonlinear_gaussian,500,1.0,null,0.0,35,gcm,False
nonlinear_gaussian,500,1.0,null,0.0,35,pillai,False
nonlinear_gaussian,500,1.0,null,0.0,36,gcm,False
nonlinear_gaussian,500,1.0,null,0.0,36,pillai,False
nonlinear_gaussian,500,1.0,null,0.0,37,gcm,False
nonlinear_gaussian,500,1.0,null,0.0,37,pillai,False
nonlinear_gaussian,500,1.0,null,0.0,38,gcm,False
nonlinear_gaussian,500,1.0,null,0.0,38,pillai,False
nonlinear_gaussian,500,1.0,null,0.0,39,gcm,False
nonlinear_gaussian,500,1.0,null,0.0,39,pillai,False
nonlinear_gaussian,500,1.0,null,0.0,40,gcm,False
nonlinear_gaussian,500,1.0,null,0.0,40,pillai,False
nonlinear_gaussian,500,1.0,null,0.0,41,gcm,False
nonlinear_gaussian,500,1.0,null,0.0,41,pillai,True
nonlinear_gaussian,500,1.0,null,0.0,42,gcm,False
nonlinear_gaussian,500,1.0,null,0.0,42,pillai,False
nonlinear_gaussian,500,1.0,null,0.0,43,gcm,False
nonlinear_gaussian,500,1.0,null,0.0,43,pillai,False
nonlinear_gaussian,500,1.0,null,0.0,44,gcm,False
nonlinear_gaussian,500,1.0,null,0.0,44,pillai,False
nonlinear_gaussian,500,1.0,null,0.0,45,gcm,False
nonlinear_gaussian,500,1.0,null,0.0,45,pillai,True
nonlinear_gaussian,500,1.0,null,0.0,46,gcm,False
nonlinear_gaussian,500,1.0,null,0.0,46,pillai,False
nonlinear_gaussian,500,1.0,null,0.0,47,gcm,False
nonlinear_gaussian,500,1.0,null,0.0,47,pillai,False
nonlinear_gaussian,500,1.0,null,0.0,48,gcm,False
nonlinear_gaussian,500,1.0,null,0.0,48,pillai,True
nonlinear_gaussian,500,1.0,null,0.0,49,gcm,False
nonlinear_gaussian,500,1.0,null,0.0,49,pillai,False
nonlinear_gaussian,500,1.0,alt,1.0,0,gcm,False
nonlinear_gaussian,500,1.0,alt,1.0,0,pillai,False
nonlinear_gaussian,500,1.0,alt,1.0,1,gcm,True
nonlinear_gaussian,500,1.0,alt,1.0,1,pillai,False
nonlinear_gaussian,500,1.0,alt,1.0,2,gcm,False
nonlinear_gaussian,500,1.0,alt,1.0,2,pillai,True
nonlinear_gaussian,500,1.0,alt,1.0,3,gcm,False
nonlinear_gaussian,500,1.0,alt,1.0,3,pillai,False
nonlinear_gaussian,500,1.0,alt,1.0,4,gcm,False
nonlinear_gaussian,500,1.0,alt,1.0,4,pillai,False
nonlinear_gaussian,500,1.0,alt,1.0,5,gcm,False
nonlinear_gaussian,500,1.0,alt,1.0,5,pillai,False
nonlinear_gaussian,500,1.0,alt,1.0,6,gcm,False
nonlinear_gaussian,500,1.0,alt,1.0,6,pillai,False
nonlinear_gaussian,500,1.0,alt,1.0,7,gcm,False
nonlinear_gaussian,500,1.0,alt,1.0,7,pillai,False
nonlinear_gaussian,500,1.0,alt,1.0,8,gcm,False
nonlinear_gaussian,500,1.0,alt,1.0,8,pillai,False
nonlinear_gaussian,500,1.0,alt,1.0,9,gcm,False
nonlinear_gaussian,500,1.0,alt,1.0,9,pillai,False
nonlinear_gaussian,500,1.0,alt,1.0,10,gcm,False
nonlinear_gaussian,500,1.0,alt,1.0,10,pillai,False
nonlinear_gaussian,500,1.0,alt,1.0,11,gcm,False
nonlinear_gaussian,500,1.0,alt,1.0,11,pillai,True
nonlinear_gaussian,500,1.0,alt,1.0,12,gcm,False
nonlinear_gaussian,500,1.0,alt,1.0,12,pillai,False
nonlinear_gaussian,500,1.0,alt,1.0,13,gcm,False
nonlinear_gaussian,500,1.0,alt,1.0,13,pillai,False
nonlinear_gaussian,500,1.0,alt,1.0,14,gcm,False
nonlinear_gaussian,500,1.0,alt,1.0,14,pillai,False
nonlinear_gaussian,500,1.0,alt,1.0,15,gcm,False
nonlinear_gaussian,500,1.0,alt,1.0,15,pillai,False
nonlinear_gaussian,500,1.0,alt,1.0,16,gcm,False
nonlinear_gaussian,500,1.0,alt,1.0,16,pillai,False
nonlinear_gaussian,500,1.0,alt,1.0,17,gcm,False
nonlinear_gaussian,500,1.0,alt,1.0,17,pillai,False
nonlinear_gaussian,500,1.0,alt,1.0,18,gcm,False
nonlinear_gaussian,500,1.0,alt,1.0,18,pillai,False
nonlinear_gaussian,500,1.0,alt,1.0,19,gcm,False
nonlinear_gaussian,500,1.0,alt,1.0,19,pillai,False
nonlinear_gaussian,500,1.0,alt,1.0,20,gcm,False
nonlinear_gaussian,500,1.0,alt,1.0,20,pillai,False
nonlinear_gaussian,500,1.0,alt,1.0,21,gcm,False
nonlinear_gaussian,500,1.0,alt,1.0,21,pillai,False
nonlinear_gaussian,500,1.0,alt,1.0,22,gcm,False
nonlinear_gaussian,500,1.0,alt,1.0,22,pillai,False
nonlinear_gaussian,500,1.0,alt,1.0,23,gcm,False
nonlinear_gaussian,500,1.0,alt,1.0,23,pillai,False
nonlinear_gaussian,500,1.0,alt,1.0,24,gcm,False
nonlinear_gaussian,500,1.0,alt,1.0,24,pillai,False
nonlinear_gaussian,500,1.0,alt,1.0,25,gcm,False
nonlinear_gaussian,500,1.0,alt,1.0,25,pillai,False
nonlinear_gaussian,500,1.0,alt,1.0,26,gcm,False
nonlinear_gaussian,500,1.0,alt,1.0,26,pillai,False
nonlinear_gaussian,500,1.0,alt,1.0,27,gcm,False
nonlinear_gaussian,500,1.0,alt,1.0,27,pillai,False
nonlinear_gaussian,500,1.0,alt,1.0,28,gcm,False
nonlinear_gaussian,500,1.0,alt,1.0,28,pillai,False
nonlinear_gaussian,500,1.0,alt,1.0,29,gcm,False
nonlinear_gaussian,500,1.0,alt,1.0,29,pillai,False
nonlinear_gaussian,500,1.0,alt,1.0,30,gcm,False
nonlinear_gaussian,500,1.0,alt,1.0,30,pillai,False
nonlinear_gaussian,500,1.0,alt,1.0,31,gcm,False
nonlinear_gaussian,500,1.0,alt,1.0,31,pillai,False
nonlinear_gaussian,500,1.0,alt,1.0,32,gcm,False
nonlinear_gaussian,500,1.0,alt,1.0,32,pillai,True
nonlinear_gaussian,500,1.0,alt,1.0,33,gcm,False
nonlinear_gaussian,500,1.0,alt,1.0,33,pillai,False
nonlinear_gaussian,500,1.0,alt,1.0,34,gcm,False
nonlinear_gaussian,500,1.0,alt,1.0,34,pillai,False
nonlinear_gaussian,500,1.0,alt,1.0,35,gcm,False
nonlinear_gaussian,500,1.0,alt,1.0,35,pillai,False
nonlinear_gaussian,500,1.0,alt,1.0,36,gcm,False
nonlinear_gaussian,500,1.0,alt,1.0,36,pillai,False
nonlinear_gaussian,500,1.0,alt,1.0,37,gcm,False
nonlinear_gaussian,500,1.0,alt,1.0,37,pillai,False
nonlinear_gaussian,500,1.0,alt,1.0,38,gcm,False
nonlinear_gaussian,500,1.0,alt,1.0,38,pillai,False
nonlinear_gaussian,500,1.0,alt,1.0,39,gcm,False
nonlinear_gaussian,500,1.0,alt,1.0,39,pillai,False
nonlinear_gaussian,500,1.0,alt,1.0,40,gcm,False
nonlinear_gaussian,500,1.0,alt,1.0,40,pillai,False
nonlinear_gaussian,500,1.0,alt,1.0,41,gcm,False
nonlinear_gaussian,500,1.0,alt,1.0,41,pillai,True
nonlinear_gaussian,500,1.0,alt,1.0,42,gcm,False
nonlinear_gaussian,500,1.0,alt,1.0,42,pillai,False
nonlinear_gaussian,500,1.0,alt,1.0,43,gcm,False
nonlinear_gaussian,500,1.0,alt,1.0,43,pillai,False
nonlinear_gaussian,500,1.0,alt,1.0,44,gcm,False
nonlinear_gaussian,500,1.0,alt,1.0,44,pillai,False
nonlinear_gaussian,500,1.0,alt,1.0,45,gcm,False
nonlinear_gaussian,500,1.0,alt,1.0,45,pillai,True
nonlinear_gaussian,500,1.0,alt,1.0,46,gcm,False
nonlinear_gaussian,500,1.0,alt,1.0,46,pillai,False
nonlinear_gaussian,500,1.0,alt,1.0,47,gcm,False
nonlinear_gaussian,500,1.0,alt,1.0,47,pillai,False
nonlinear_gaussian,500,1.0,alt,1.0,48,gcm,False
nonlinear_gaussian,500,1.0,alt,1.0,48,pillai,True
nonlinear_gaussian,500,1.0,alt,1.0,49,gcm,False
nonlinear_gaussian,500,1.0,alt,1.0,49,pillai,False
nonlinear_gaussian,1000,0.5,null,0.0,0,gcm,False
nonlinear_gaussian,1000,0.5,null,0.0,0,pillai,False
nonlinear_gaussian,1000,0.5,null,0.0,1,gcm,False
nonlinear_gaussian,1000,0.5,null,0.0,1,pillai,False
nonlinear_gaussian,1000,0.5,null,0.0,2,gcm,False
nonlinear_gaussian,1000,0.5,null,0.0,2,pillai,False
nonlinear_gaussian,1000,0.5,null,0.0,3,gcm,True
nonlinear_gaussian,1000,0.5,null,0.0,3,pillai,True
nonlinear_gaussian,1000,0.5,null,0.0,4,gcm,True
nonlinear_gaussian,1000,0.5,null,0.0,4,pillai,True
nonlinear_gaussian,1000,0.5,null,0.0,5,gcm,False
nonlinear_gaussian,1000,0.5,null,0.0,5,pillai,False
nonlinear_gaussian,1000,0.5,null,0.0,6,gcm,False
nonlinear_gaussian,1000,0.5,null,0.0,6,pillai,False
nonlinear_gaussian,1000,0.5,null,0.0,7,gcm,False
nonlinear_gaussian,1000,0.5,null,0.0,7,pillai,False
nonlinear_gaussian,1000,0.5,null,0.0,8,gcm,False
nonlinear_gaussian,1000,0.5,null,0.0,8,pillai,False
nonlinear_gaussian,1000,0.5,null,0.0,9,gcm,False
nonlinear_gaussian,1000,0.5,null,0.0,9,pillai,False
nonlinear_gaussian,1000,0.5,null,0.0,10,gcm,False
nonlinear_gaussian,1000,0.5,null,0.0,10,pillai,False
nonlinear_gaussian,1000,0.5,null,0.0,11,gcm,False
nonlinear_gaussian,1000,0.5,null,0.0,11,pillai,False
nonlinear_gaussian,1000,0.5,null,0.0,12,gcm,True
nonlinear_gaussian,1000,0.5,null,0.0,12,pillai,True
nonlinear_gaussian,1000,0.5,null,0.0,13,gcm,False
nonlinear_gaussian,1000,0.5,null,0.0,13,pillai,False
nonlinear_gaussian,1000,0.5,null,0.0,14,gcm,False
nonlinear_gaussian,1000,0.5,null,0.0,14,pillai,False
nonlinear_gaussian,1000,0.5,null,0.0,15,gcm,False
nonlinear_gaussian,1000,0.5,null,0.0,15,pillai,False
nonlinear_gaussian,1000,0.5,null,0.0,16,gcm,False
nonlinear_gaussian,1000,0.5,null,0.0,16,pillai,False
nonlinear_gaussian,1000,0.5,null,0.0,17,gcm,False
nonlinear_gaussian,1000,0.5,null,0.0,17,pillai,False
nonlinear_gaussian,1000,0.5,null,0.0,18,gcm,False
nonlinear_gaussian,1000,0.5,null,0.0,18,pillai,False
nonlinear_gaussian,1000,0.5,null,0.0,19,gcm,False
nonlinear_gaussian,1000,0.5,null,0.0,19,pillai,False
nonlinear_gaussian,1000,0.5,null,0.0,20,gcm,False
nonlinear_gaussian,1000,0.5,null,0.0,20,pillai,False
nonlinear_gaussian,1000,0.5,null,0.0,21,gcm,False
nonlinear_gaussian,1000,0.5,null,0.0,21,pillai,False
nonlinear_gaussian,1000,0.5,null,0.0,22,gcm,False
nonlinear_gaussian,1000,0.5,null,0.0,22,pillai,False
nonlinear_gaussian,1000,0.5,null,0.0,23,gcm,False
nonlinear_gaussian,1000,0.5,null,0.0,23,pillai,False
nonlinear_gaussian,1000,0.5,null,0.0,24,gcm,False
nonlinear_gaussian,1000,0.5,null,0.0,24,pillai,False
nonlinear_gaussian,1000,0.5,null,0.0,25,gcm,True
nonlinear_gaussian,1000,0.5,null,0.0,25,pillai,True
nonlinear_gaussian,1000,0.5,null,0.0,26,gcm,False
nonlinear_gaussian,1000,0.5,null,0.0,26,pillai,False
nonlinear_gaussian,1000,0.5,null,0.0,27,gcm,False
nonlinear_gaussian,1000,0.5,null,0.0,27,pillai,False
nonlinear_gaussian,1000,0.5,null,0.0,28,gcm,False
nonlinear_gaussian,1000,0.5,null,0.0,28,pillai,False
nonlinear_gaussian,1000,0.5,null,0.0,29,gcm,False
nonlinear_gaussian,1000,0.5,null,0.0,29,pillai,True
nonlinear_gaussian,1000,0.5,null,0.0,30,gcm,False
nonlinear_gaussian,1000,0.5,null,0.0,30,pillai,False
nonlinear_gaussian,1000,0.5,null,0.0,31,gcm,False
nonlinear_gaussian,1000,0.5,null,0.0,31,pillai,False
nonlinear_gaussian,1000,0.5,null,0.0,32,gcm,False
nonlinear_gaussian,1000,0.5,null,0.0,32,pillai,False
nonlinear_gaussian,1000,0.5,null,0.0,33,gcm,False
nonlinear_gaussian,1000,0.5,null,0.0,33,pillai,False
nonlinear_gaussian,1000,0.5,null,0.0,34,gcm,False
nonlinear_gaussian,1000,0.5,null,0.0,34,pillai,False
nonlinear_gaussian,1000,0.5,null,0.0,35,gcm,False
nonlinear_gaussian,1000,0.5,null,0.0,35,pillai,False
nonlinear_gaussian,1000,0.5,null,0.0,36,gcm,False
nonlinear_gaussian,1000,0.5,null,0.0,36,pillai,False
nonlinear_gaussian,1000,0.5,null,0.0,37,gcm,False
nonlinear_gaussian,1000,0.5,null,0.0,37,pillai,False
nonlinear_gaussian,1000,0.5,null,0.0,38,gcm,False
nonlinear_gaussian,1000,0.5,null,0.0,38,pillai,False
nonlinear_gaussian,1000,0.5,null,0.0,39,gcm,False
nonlinear_gaussian,1000,0.5,null,0.0,39,pillai,False
nonlinear_gaussian,1000,0.5,null,0.0,40,gcm,False
nonlinear_gaussian,1000,0.5,null,0.0,40,pillai,False
nonlinear_gaussian,1000,0.5,null,0.0,41,gcm,False
nonlinear_gaussian,1000,0.5,null,0.0,41,pillai,False
nonlinear_gaussian,1000,0.5,null,0.0,42,gcm,False
nonlinear_gaussian,1000,0.5,null,0.0,42,pillai,False
nonlinear_gaussian,1000,0.5,null,0.0,43,gcm,False
nonlinear_gaussian,1000,0.5,null,0.0,43,pillai,False
nonlinear_gaussian,1000,0.5,null,0.0,44,gcm,False
nonlinear_gaussian,1000,0.5,null,0.0,44,pillai,False
nonlinear_gaussian,1000,0.5,null,0.0,45,gcm,False
nonlinear_gaussian,1000,0.5,null,0.0,45,pillai,False
nonlinear_gaussian,1000,0.5,null,0.0,46,gcm,False
nonlinear_gaussian,1000,0.5,null,0.0,46,pillai,False
nonlinear_gaussian,1000,0.5,null,0.0,47,gcm,False
nonlinear_gaussian,1000,0.5,null,0.0,47,pillai,False
nonlinear_gaussian,1000,0.5,null,0.0,48,gcm,False
nonlinear_gaussian,1000,0.5,null,0.0,48,pillai,False
nonlinear_gaussian,1000,0.5,null,0.0,49,gcm,False
nonlinear_gaussian,1000,0.5,null,0.0,49,pillai,False
nonlinear_gaussian,1000,0.5,alt,1.0,0,gcm,False
nonlinear_gaussian,1000,0.5,alt,1.0,0,pillai,False
nonlinear_gaussian,1000,0.5,alt,1.0,1,gcm,False
nonlinear_gaussian,1000,0.5,alt,1.0,1,pillai,False
nonlinear_gaussian,1000,0.5,alt,1.0,2,gcm,False
nonlinear_gaussian,1000,0.5,alt,1.0,2,pillai,False
nonlinear_gaussian,1000,0.5,alt,1.0,3,gcm,True
nonlinear_gaussian,1000,0.5,alt,1.0,3,pillai,True
nonlinear_gaussian,1000,0.5,alt,1.0,4,gcm,True
nonlinear_gaussian,1000,0.5,alt,1.0,4,pillai,True
nonlinear_gaussian,1000,0.5,alt,1.0,5,gcm,False
nonlinear_gaussian,1000,0.5,alt,1.0,5,pillai,False
nonlinear_gaussian,1000,0.5,alt,1.0,6,gcm,False
nonlinear_gaussian,1000,0.5,alt,1.0,6,pillai,False
nonlinear_gaussian,1000,0.5,alt,1.0,7,gcm,False
nonlinear_gaussian,1000,0.5,alt,1.0,7,pillai,False
nonlinear_gaussian,1000,0.5,alt,1.0,8,gcm,False
nonlinear_gaussian,1000,0.5,alt,1.0,8,pillai,True
nonlinear_gaussian,1000,0.5,alt,1.0,9,gcm,False
nonlinear_gaussian,1000,0.5,alt,1.0,9,pillai,False
nonlinear_gaussian,1000,0.5,alt,1.0,10,gcm,False
nonlinear_gaussian,1000,0.5,alt,1.0,10,pillai,False
nonlinear_gaussian,1000,0.5,alt,1.0,11,gcm,False
nonlinear_gaussian,1000,0.5,alt,1.0,11,pillai,False
nonlinear_gaussian,1000,0.5,alt,1.0,12,gcm,True
nonlinear_gaussian,1000,0.5,alt,1.0,12,pillai,True
nonlinear_gaussian,1000,0.5,alt,1.0,13,gcm,False
nonlinear_gaussian,1000,0.5,alt,1.0,13,pillai,False
nonlinear_gaussian,1000,0.5,alt,1.0,14,gcm,False
nonlinear_gaussian,1000,0.5,alt,1.0,14,pillai,False
nonlinear_gaussian,1000,0.5,alt,1.0,15,gcm,False
nonlinear_gaussian,1000,0.5,alt,1.0,15,pillai,False
nonlinear_gaussian,1000,0.5,alt,1.0,16,gcm,False
nonlinear_gaussian,1000,0.5,alt,1.0,16,pillai,False
nonlinear_gaussian,1000,0.5,alt,1.0,17,gcm,False
nonlinear_gaussian,1000,0.5,alt,1.0,17,pillai,False
nonlinear_gaussian,1000,0.5,alt,1.0,18,gcm,False
nonlinear_gaussian,1000,0.5,alt,1.0,18,pillai,False
nonlinear_gaussian,1000,0.5,alt,1.0,19,gcm,False
nonlinear_gaussian,1000,0.5,alt,1.0,19,pillai,False
nonlinear_gaussian,1000,0.5,alt,1.0,20,gcm,False
nonlinear_gaussian,1000,0.5,alt,1.0,20,pillai,False
nonlinear_gaussian,1000,0.5,alt,1.0,21,gcm,False
nonlinear_gaussian,1000,0.5,alt,1.0,21,pillai,False
nonlinear_gaussian,1000,0.5,alt,1.0,22,gcm,False
nonlinear_gaussian,1000,0.5,alt,1.0,22,pillai,False
nonlinear_gaussian,1000,0.5,alt,1.0,23,gcm,False
nonlinear_gaussian,1000,0.5,alt,1.0,23,pillai,False
nonlinear_gaussian,1000,0.5,alt,1.0,24,gcm,False
nonlinear_gaussian,1000,0.5,alt,1.0,24,pillai,False
nonlinear_gaussian,1000,0.5,alt,1.0,25,gcm,True
nonlinear_gaussian,1000,0.5,alt,1.0,25,pillai,True
nonlinear_gaussian,1000,0.5,alt,1.0,26,gcm,False
nonlinear_gaussian,1000,0.5,alt,1.0,26,pillai,False
nonlinear_gaussian,1000,0.5,alt,1.0,27,gcm,False
nonlinear_gaussian,1000,0.5,alt,1.0,27,pillai,False
nonlinear_gaussian,1000,0.5,alt,1.0,28,gcm,False
nonlinear_gaussian,1000,0.5,alt,1.0,28,pillai,False
nonlinear_gaussian,1000,0.5,alt,1.0,29,gcm,False
nonlinear_gaussian,1000,0.5,alt,1.0,29,pillai,True
nonlinear_gaussian,1000,0.5,alt,1.0,30,gcm,False
nonlinear_gaussian,1000,0.5,alt,1.0,30,pillai,False
nonlinear_gaussian,1000,0.5,alt,1.0,31,gcm,False
nonlinear_gaussian,1000,0.5,alt,1.0,31,pillai,False
nonlinear_gaussian,1000,0.5,alt,1.0,32,gcm,False
nonlinear_gaussian,1000,0.5,alt,1.0,32,pillai,False
nonlinear_gaussian,1000,0.5,alt,1.0,33,gcm,False
nonlinear_gaussian,1000,0.5,alt,1.0,33,pillai,False
nonlinear_gaussian,1000,0.5,alt,1.0,34,gcm,False
nonlinear_gaussian,1000,0.5,alt,1.0,34,pillai,False
nonlinear_gaussian,1000,0.5,alt,1.0,35,gcm,False
nonlinear_gaussian,1000,0.5,alt,1.0,35,pillai,False
nonlinear_gaussian,1000,0.5,alt,1.0,36,gcm,False
nonlinear_gaussian,1000,0.5,alt,1.0,36,pillai,False
nonlinear_gaussian,1000,0.5,alt,1.0,37,gcm,False
nonlinear_gaussian,1000,0.5,alt,1.0,37,pillai,False
nonlinear_gaussian,1000,0.5,alt,1.0,38,gcm,False
nonlinear_gaussian,1000,0.5,alt,1.0,38,pillai,False
nonlinear_gaussian,1000,0.5,alt,1.0,39,gcm,False
nonlinear_gaussian,1000,0.5,alt,1.0,39,pillai,False
nonlinear_gaussian,1000,0.5,alt,1.0,40,gcm,False
nonlinear_gaussian,1000,0.5,alt,1.0,40,pillai,False
nonlinear_gaussian,1000,0.5,alt,1.0,41,gcm,False
nonlinear_gaussian,1000,0.5,alt,1.0,41,pillai,False
nonlinear_gaussian,1000,0.5,alt,1.0,42,gcm,False
nonlinear_gaussian,1000,0.5,alt,1.0,42,pillai,False
nonlinear_gaussian,1000,0.5,alt,1.0,43,gcm,False
nonlinear_gaussian,1000,0.5,alt,1.0,43,pillai,False
nonlinear_gaussian,1000,0.5,alt,1.0,44,gcm,False
nonlinear_gaussian,1000,0.5,alt,1.0,44,pillai,False
nonlinear_gaussian,1000,0.5,alt,1.0,45,gcm,False
nonlinear_gaussian,1000,0.5,alt,1.0,45,pillai,False
nonlinear_gaussian,1000,0.5,alt,1.0,46,gcm,False
nonlinear_gaussian,1000,0.5,alt,1.0,46,pillai,False
nonlinear_gaussian,1000,0.5,alt,1.0,47,gcm,False
nonlinear_gaussian,1000,0.5,alt,1.0,47,pillai,False
nonlinear_gaussian,1000,0.5,alt,1.0,48,gcm,False
nonlinear_gaussian,1000,0.5,alt,1.0,48,pillai,False
nonlinear_gaussian,1000,0.5,alt,1.0,49,gcm,False
nonlinear_gaussian,1000,0.5,alt,1.0,49,pillai,False
nonlinear_gaussian,1000,1.0,null,0.0,0,gcm,False
nonlinear_gaussian,1000,1.0,null,0.0,0,pillai,False
nonlinear_gaussian,1000,1.0,null,0.0,1,gcm,False
nonlinear_gaussian,1000,1.0,null,0.0,1,pillai,False
nonlinear_gaussian,1000,1.0,null,0.0,2,gcm,False
nonlinear_gaussian,1000,1.0,null,0.0,2,pillai,False
nonlinear_gaussian,1000,1.0,null,0.0,3,gcm,True
nonlinear_gaussian,1000,1.0,null,0.0,3,pillai,True
nonlinear_gaussian,1000,1.0,null,0.0,4,gcm,True
nonlinear_gaussian,1000,1.0,null,0.0,4,pillai,True
nonlinear_gaussian,1000,1.0,null,0.0,5,gcm,False
nonlinear_gaussian,1000,1.0,null,0.0,5,pillai,False
nonlinear_gaussian,1000,1.0,null,0.0,6,gcm,False
nonlinear_gaussian,1000,1.0,null,0.0,6,pillai,False
nonlinear_gaussian,1000,1.0,null,0.0,7,gcm,False
nonlinear_gaussian,1000,1.0,null,0.0,7,pillai,False
nonlinear_gaussian,1000,1.0,null,0.0,8,gcm,False
nonlinear_gaussian,1000,1.0,null,0.0,8,pillai,False
nonlinear_gaussian,1000,1.0,null,0.0,9,gcm,False
nonlinear_gaussian,1000,1.0,null,0.0,9,pillai,False
nonlinear_gaussian,1000,1.0,null,0.0,10,gcm,False
nonlinear_gaussian,1000,1.0,null,0.0,10,pillai,False
nonlinear_gaussian,1000,1.0,null,0.0,11,gcm,False
nonlinear_gaussian,1000,1.0,null,0.0,11,pillai,False
nonlinear_gaussian,1000,1.0,null,0.0,12,gcm,True
nonlinear_gaussian,1000,1.0,null,0.0,12,pillai,True
nonlinear_gaussian,1000,1.0,null,0.0,13,gcm,False
nonlinear_gaussian,1000,1.0,null,0.0,13,pillai,False
nonlinear_gaussian,1000,1.0,null,0.0,14,gcm,False
nonlinear_gaussian,1000,1.0,null,0.0,14,pillai,False
nonlinear_gaussian,1000,1.0,null,0.0,15,gcm,False
nonlinear_gaussian,1000,1.0,null,0.0,15,pillai,False
nonlinear_gaussian,1000,1.0,null,0.0,16,gcm,False
nonlinear_gaussian,1000,1.0,null,0.0,16,pillai,False
nonlinear_gaussian,1000,1.0,null,0.0,17,gcm,False
nonlinear_gaussian,1000,1.0,null,0.0,17,pillai,False
nonlinear_gaussian,1000,1.0,null,0.0,18,gcm,False
nonlinear_gaussian,1000,1.0,null,0.0,18,pillai,False
nonlinear_gaussian,1000,1.0,null,0.0,19,gcm,False
nonlinear_gaussian,1000,1.0,null,0.0,19,pillai,False
nonlinear_gaussian,1000,1.0,null,0.0,20,gcm,False
nonlinear_gaussian,1000,1.0,null,0.0,20,pillai,False
nonlinear_gaussian,1000,1.0,null,0.0,21,gcm,False
nonlinear_gaussian,1000,1.0,null,0.0,21,pillai,False
nonlinear_gaussian,1000,1.0,null,0.0,22,gcm,False
nonlinear_gaussian,1000,1.0,null,0.0,22,pillai,False
nonlinear_gaussian,1000,1.0,null,0.0,23,gcm,False
nonlinear_gaussian,1000,1.0,null,0.0,23,pillai,False
nonlinear_gaussian,1000,1.0,null,0.0,24,gcm,False
nonlinear_gaussian,1000,1.0,null,0.0,24,pillai,False
nonlinear_gaussian,1000,1.0,null,0.0,25,gcm,True
nonlinear_gaussian,1000,1.0,null,0.0,25,pillai,True
nonlinear_gaussian,1000,1.0,null,0.0,26,gcm,False
nonlinear_gaussian,1000,1.0,null,0.0,26,pillai,False
nonlinear_gaussian,1000,1.0,null,0.0,27,gcm,False
nonlinear_gaussian,1000,1.0,null,0.0,27,pillai,False
nonlinear_gaussian,1000,1.0,null,0.0,28,gcm,False
nonlinear_gaussian,1000,1.0,null,0.0,28,pillai,False
nonlinear_gaussian,1000,1.0,null,0.0,29,gcm,False
nonlinear_gaussian,1000,1.0,null,0.0,29,pillai,True
nonlinear_gaussian,1000,1.0,null,0.0,30,gcm,False
nonlinear_gaussian,1000,1.0,null,0.0,30,pillai,False
nonlinear_gaussian,1000,1.0,null,0.0,31,gcm,False
nonlinear_gaussian,1000,1.0,null,0.0,31,pillai,False
nonlinear_gaussian,1000,1.0,null,0.0,32,gcm,False
nonlinear_gaussian,1000,1.0,null,0.0,32,pillai,False
nonlinear_gaussian,1000,1.0,null,0.0,33,gcm,False
nonlinear_gaussian,1000,1.0,null,0.0,33,pillai,False
nonlinear_gaussian,1000,1.0,null,0.0,34,gcm,False
nonlinear_gaussian,1000,1.0,null,0.0,34,pillai,False
nonlinear_gaussian,1000,1.0,null,0.0,35,gcm,False
nonlinear_gaussian,1000,1.0,null,0.0,35,pillai,False
nonlinear_gaussian,1000,1.0,null,0.0,36,gcm,False
nonlinear_gaussian,1000,1.0,null,0.0,36,pillai,False
nonlinear_gaussian,1000,1.0,null,0.0,37,gcm,False
nonlinear_gaussian,1000,1.0,null,0.0,37,pillai,False
nonlinear_gaussian,1000,1.0,null,0.0,38,gcm,False
nonlinear_gaussian,1000,1.0,null,0.0,38,pillai,False
nonlinear_gaussian,1000,1.0,null,0.0,39,gcm,False
nonlinear_gaussian,1000,1.0,null,0.0,39,pillai,False
nonlinear_gaussian,1000,1.0,null,0.0,40,gcm,False
nonlinear_gaussian,1000,1.0,null,0.0,40,pillai,False
nonlinear_gaussian,1000,1.0,null,0.0,41,gcm,False
nonlinear_gaussian,1000,1.0,null,0.0,41,pillai,False
nonlinear_gaussian,1000,1.0,null,0.0,42,gcm,False
nonlinear_gaussian,1000,1.0,null,0.0,42,pillai,False
nonlinear_gaussian,1000,1.0,null,0.0,43,gcm,False
nonlinear_gaussian,1000,1.0,null,0.0,43,pillai,False
nonlinear_gaussian,1000,1.0,null,0.0,44,gcm,False
nonlinear_gaussian,1000,1.0,null,0.0,44,pillai,False
nonlinear_gaussian,1000,1.0,null,0.0,45,gcm,False
nonlinear_gaussian,1000,1.0,null,0.0,45,pillai,False
nonlinear_gaussian,1000,1.0,null,0.0,46,gcm,False
nonlinear_gaussian,1000,1.0,null,0.0,46,pillai,False
nonlinear_gaussian,1000,1.0,null,0.0,47,gcm,False
nonlinear_gaussian,1000,1.0,null,0.0,47,pillai,False
nonlinear_gaussian,1000,1.0,null,0.0,48,gcm,False
nonlinear_gaussian,1000,1.0,null,0.0,48,pillai,False
nonlinear_gaussian,1000,1.0,null,0.0,49,gcm,False
nonlinear_gaussian,1000,1.0,null,0.0,49,pillai,False
nonlinear_gaussian,1000,1.0,alt,1.0,0,gcm,False
nonlinear_gaussian,1000,1.0,alt,1.0,0,pillai,False
nonlinear_gaussian,1000,1.0,alt,1.0,1,gcm,False
nonlinear_gaussian,1000,1.0,alt,1.0,1,pillai,False
nonlinear_gaussian,1000,1.0,alt,1.0,2,gcm,False
nonlinear_gaussian,1000,1.0,alt,1.0,2,pillai,False
nonlinear_gaussian,1000,1.0,alt,1.0,3,gcm,True
nonlinear_gaussian,1000,1.0,alt,1.0,3,pillai,True
nonlinear_gaussian,1000,1.0,alt,1.0,4,gcm,True
nonlinear_gaussian,1000,1.0,alt,1.0,4,pillai,True
nonlinear_gaussian,1000,1.0,alt,1.0,5,gcm,False
nonlinear_gaussian,1000,1.0,alt,1.0,5,pillai,False
nonlinear_gaussian,1000,1.0,alt,1.0,6,gcm,False
nonlinear_gaussian,1000,1.0,alt,1.0,6,pillai,False
nonlinear_gaussian,1000,1.0,alt,1.0,7,gcm,False
nonlinear_gaussian,1000,1.0,alt,1.0,7,pillai,False
nonlinear_gaussian,1000,1.0,alt,1.0,8,gcm,False
nonlinear_gaussian,1000,1.0,alt,1.0,8,pillai,True
nonlinear_gaussian,1000,1.0,alt,1.0,9,gcm,False
nonlinear_gaussian,1000,1.0,alt,1.0,9,pillai,False
nonlinear_gaussian,1000,1.0,alt,1.0,10,gcm,False
nonlinear_gaussian,1000,1.0,alt,1.0,10,pillai,False
nonlinear_gaussian,1000,1.0,alt,1.0,11,gcm,False
nonlinear_gaussian,1000,1.0,alt,1.0,11,pillai,False
nonlinear_gaussian,1000,1.0,alt,1.0,12,gcm,True
nonlinear_gaussian,1000,1.0,alt,1.0,12,pillai,True
nonlinear_gaussian,1000,1.0,alt,1.0,13,gcm,False
nonlinear_gaussian,1000,1.0,alt,1.0,13,pillai,False
nonlinear_gaussian,1000,1.0,alt,1.0,14,gcm,False
nonlinear_gaussian,1000,1.0,alt,1.0,14,pillai,False
nonlinear_gaussian,1000,1.0,alt,1.0,15,gcm,False
nonlinear_gaussian,1000,1.0,alt,1.0,15,pillai,False
nonlinear_gaussian,1000,1.0,alt,1.0,16,gcm,False
nonlinear_gaussian,1000,1.0,alt,1.0,16,pillai,False
nonlinear_gaussian,1000,1.0,alt,1.0,17,gcm,False
nonlinear_gaussian,1000,1.0,alt,1.0,17,pillai,False
nonlinear_gaussian,1000,1.0,alt,1.0,18,gcm,False
nonlinear_gaussian,1000,1.0,alt,1.0,18,pillai,False
nonlinear_gaussian,1000,1.0,alt,1.0,19,gcm,False
nonlinear_gaussian,1000,1.0,alt,1.0,19,pillai,False
nonlinear_gaussian,1000,1.0,alt,1.0,20,gcm,False
nonlinear_gaussian,1000,1.0,alt,1.0,20,pillai,False
nonlinear_gaussian,1000,1.0,alt,1.0,21,gcm,False
nonlinear_gaussian,1000,1.0,alt,1.0,21,pillai,False
nonlinear_gaussian,1000,1.0,alt,1.0,22,gcm,False
nonlinear_gaussian,1000,1.0,alt,1.0,22,pillai,False
nonlinear_gaussian,1000,1.0,alt,1.0,23,gcm,False
nonlinear_gaussian,1000,1.0,alt,1.0,23,pillai,False
nonlinear_gaussian,1000,1.0,alt,1.0,24,gcm,False
nonlinear_gaussian,1000,1.0,alt,1.0,24,pillai,False
nonlinear_gaussian,1000,1.0,alt,1.0,25,gcm,True
nonlinear_gaussian,1000,1.0,alt,1.0,25,pillai,True
nonlinear_gaussian,1000,1.0,alt,1.0,26,gcm,False
nonlinear_gaussian,1000,1.0,alt,1.0,26,pillai,False
nonlinear_gaussian,1000,1.0,alt,1.0,27,gcm,False
nonlinear_gaussian,1000,1.0,alt,1.0,27,pillai,False
nonlinear_gaussian,1000,1.0,alt,1.0,28,gcm,False
nonlinear_gaussian,1000,1.0,alt,1.0,28,pillai,False
nonlinear_gaussian,1000,1.0,alt,1.0,29,gcm,False
nonlinear_gaussian,1000,1.0,alt,1.0,29,pillai,True
nonlinear_gaussian,1000,1.0,alt,1.0,30,gcm,False
nonlinear_gaussian,1000,1.0,alt,1.0,30,pillai,False
nonlinear_gaussian,1000,1.0,alt,1.0,31,gcm,False
nonlinear_gaussian,1000,1.0,alt,1.0,31,pillai,False
nonlinear_gaussian,1000,1.0,alt,1.0,32,gcm,False
nonlinear_gaussian,1000,1.0,alt,1.0,32,pillai,False
nonlinear_gaussian,1000,1.0,alt,1.0,33,gcm,False
nonlinear_gaussian,1000,1.0,alt,1.0,33,pillai,False
nonlinear_gaussian,1000,1.0,alt,1.0,34,gcm,False
nonlinear_gaussian,1000,1.0,alt,1.0,34,pillai,False
nonlinear_gaussian,1000,1.0,alt,1.0,35,gcm,False
nonlinear_gaussian,1000,1.0,alt,1.0,35,pillai,False
nonlinear_gaussian,1000,1.0,alt,1.0,36,gcm,False
nonlinear_gaussian,1000,1.0,alt,1.0,36,pillai,False
nonlinear_gaussian,1000,1.0,alt,1.0,37,gcm,False
nonlinear_gaussian,1000,1.0,alt,1.0,37,pillai,False
nonlinear_gaussian,1000,1.0,alt,1.0,38,gcm,False
nonlinear_gaussian,1000,1.0,alt,1.0,38,pillai,False
nonlinear_gaussian,1000,1.0,alt,1.0,39,gcm,False
nonlinear_gaussian,1000,1.0,alt,1.0,39,pillai,False
nonlinear_gaussian,1000,1.0,alt,1.0,40,gcm,False
nonlinear_gaussian,1000,1.0,alt,1.0,40,pillai,False
nonlinear_gaussian,1000,1.0,alt,1.0,41,gcm,False
nonlinear_gaussian,1000,1.0,alt,1.0,41,pillai,False
nonlinear_gaussian,1000,1.0,alt,1.0,42,gcm,False
nonlinear_gaussian,1000,1.0,alt,1.0,42,pillai,False
nonlinear_gaussian,1000,1.0,alt,1.0,43,gcm,False
nonlinear_gaussian,1000,1.0,alt,1.0,43,pillai,False
nonlinear_gaussian,1000,1.0,alt,1.0,44,gcm,False
nonlinear_gaussian,1000,1.0,alt,1.0,44,pillai,False
nonlinear_gaussian,1000,1.0,alt,1.0,45,gcm,False
nonlinear_gaussian,1000,1.0,alt,1.0,45,pillai,False
nonlinear_gaussian,1000,1.0,alt,1.0,46,gcm,False
nonlinear_gaussian,1000,1.0,alt,1.0,46,pillai,False
nonlinear_gaussian,1000,1.0,alt,1.0,47,gcm,False
nonlinear_gaussian,1000,1.0,alt,1.0,47,pillai,False
nonlinear_gaussian,1000,1.0,alt,1.0,48,gcm,False
nonlinear_gaussian,1000,1.0,alt,1.0,48,pillai,False
nonlinear_gaussian,1000,1.0,alt,1.0,49,gcm,False
nonlinear_gaussian,1000,1.0,alt,1.0,49,pillai,False
non_gaussian_continuous,100,0.5,null,0.0,0,gcm,False
non_gaussian_continuous,100,0.5,null,0.0,0,pillai,False
non_gaussian_continuous,100,0.5,null,0.0,1,gcm,False
non_gaussian_continuous,100,0.5,null,0.0,1,pillai,False
non_gaussian_continuous,100,0.5,null,0.0,2,gcm,True
non_gaussian_continuous,100,0.5,null,0.0,2,pillai,True
non_gaussian_continuous,100,0.5,null,0.0,3,gcm,False
non_gaussian_continuous,100,0.5,null,0.0,3,pillai,False
non_gaussian_continuous,100,0.5,null,0.0,4,gcm,False
non_gaussian_continuous,100,0.5,null,0.0,4,pillai,False
non_gaussian_continuous,100,0.5,null,0.0,5,gcm,False
non_gaussian_continuous,100,0.5,null,0.0,5,pillai,False
non_gaussian_continuous,100,0.5,null,0.0,6,gcm,False
non_gaussian_continuous,100,0.5,null,0.0,6,pillai,False
non_gaussian_continuous,100,0.5,null,0.0,7,gcm,False
non_gaussian_continuous,100,0.5,null,0.0,7,pillai,False
non_gaussian_continuous,100,0.5,null,0.0,8,gcm,False
non_gaussian_continuous,100,0.5,null,0.0,8,pillai,False
non_gaussian_continuous,100,0.5,null,0.0,9,gcm,False
non_gaussian_continuous,100,0.5,null,0.0,9,pillai,False
non_gaussian_continuous,100,0.5,null,0.0,10,gcm,True
non_gaussian_continuous,100,0.5,null,0.0,10,pillai,False
non_gaussian_continuous,100,0.5,null,0.0,11,gcm,False
non_gaussian_continuous,100,0.5,null,0.0,11,pillai,False
non_gaussian_continuous,100,0.5,null,0.0,12,gcm,False
non_gaussian_continuous,100,0.5,null,0.0,12,pillai,False
non_gaussian_continuous,100,0.5,null,0.0,13,gcm,False
non_gaussian_continuous,100,0.5,null,0.0,13,pillai,False
non_gaussian_continuous,100,0.5,null,0.0,14,gcm,False
non_gaussian_continuous,100,0.5,null,0.0,14,pillai,False
non_gaussian_continuous,100,0.5,null,0.0,15,gcm,False
non_gaussian_continuous,100,0.5,null,0.0,15,pillai,False
non_gaussian_continuous,100,0.5,null,0.0,16,gcm,False
non_gaussian_continuous,100,0.5,null,0.0,16,pillai,False
non_gaussian_continuous,100,0.5,null,0.0,17,gcm,False
non_gaussian_continuous,100,0.5,null,0.0,17,pillai,False
non_gaussian_continuous,100,0.5,null,0.0,18,gcm,True
non_gaussian_continuous,100,0.5,null,0.0,18,pillai,False
non_gaussian_continuous,100,0.5,null,0.0,19,gcm,False
non_gaussian_continuous,100,0.5,null,0.0,19,pillai,False
non_gaussian_continuous,100,0.5,null,0.0,20,gcm,False
non_gaussian_continuous,100,0.5,null,0.0,20,pillai,False
non_gaussian_continuous,100,0.5,null,0.0,21,gcm,False
non_gaussian_continuous,100,0.5,null,0.0,21,pillai,False
non_gaussian_continuous,100,0.5,null,0.0,22,gcm,False
non_gaussian_continuous,100,0.5,null,0.0,22,pillai,False
non_gaussian_continuous,100,0.5,null,0.0,23,gcm,False
non_gaussian_continuous,100,0.5,null,0.0,23,pillai,False
non_gaussian_continuous,100,0.5,null,0.0,24,gcm,False
non_gaussian_continuous,100,0.5,null,0.0,24,pillai,True
non_gaussian_continuous,100,0.5,null,0.0,25,gcm,False
non_gaussian_continuous,100,0.5,null,0.0,25,pillai,False
non_gaussian_continuous,100,0.5,null,0.0,26,gcm,False
non_gaussian_continuous,100,0.5,null,0.0,26,pillai,True
non_gaussian_continuous,100,0.5,null,0.0,27,gcm,False
non_gaussian_continuous,100,0.5,null,0.0,27,pillai,False
non_gaussian_continuous,100,0.5,null,0.0,28,gcm,False
non_gaussian_continuous,100,0.5,null,0.0,28,pillai,False
non_gaussian_continuous,100,0.5,null,0.0,29,gcm,False
non_gaussian_continuous,100,0.5,null,0.0,29,pillai,False
non_gaussian_continuous,100,0.5,null,0.0,30,gcm,False
non_gaussian_continuous,100,0.5,null,0.0,30,pillai,True
non_gaussian_continuous,100,0.5,null,0.0,31,gcm,False
non_gaussian_continuous,100,0.5,null,0.0,31,pillai,False
non_gaussian_continuous,100,0.5,null,0.0,32,gcm,False
non_gaussian_continuous,100,0.5,null,0.0,32,pillai,False
non_gaussian_continuous,100,0.5,null,0.0,33,gcm,False
non_gaussian_continuous,100,0.5,null,0.0,33,pillai,False
non_gaussian_continuous,100,0.5,null,0.0,34,gcm,False
non_gaussian_continuous,100,0.5,null,0.0,34,pillai,True
non_gaussian_continuous,100,0.5,null,0.0,35,gcm,False
non_gaussian_continuous,100,0.5,null,0.0,35,pillai,False
non_gaussian_continuous,100,0.5,null,0.0,36,gcm,False
non_gaussian_continuous,100,0.5,null,0.0,36,pillai,False
non_gaussian_continuous,100,0.5,null,0.0,37,gcm,True
non_gaussian_continuous,100,0.5,null,0.0,37,pillai,False
non_gaussian_continuous,100,0.5,null,0.0,38,gcm,False
non_gaussian_continuous,100,0.5,null,0.0,38,pillai,False
non_gaussian_continuous,100,0.5,null,0.0,39,gcm,False
non_gaussian_continuous,100,0.5,null,0.0,39,pillai,False
non_gaussian_continuous,100,0.5,null,0.0,40,gcm,False
non_gaussian_continuous,100,0.5,null,0.0,40,pillai,False
non_gaussian_continuous,100,0.5,null,0.0,41,gcm,False
non_gaussian_continuous,100,0.5,null,0.0,41,pillai,False
non_gaussian_continuous,100,0.5,null,0.0,42,gcm,True
non_gaussian_continuous,100,0.5,null,0.0,42,pillai,False
non_gaussian_continuous,100,0.5,null,0.0,43,gcm,False
non_gaussian_continuous,100,0.5,null,0.0,43,pillai,False
non_gaussian_continuous,100,0.5,null,0.0,44,gcm,False
non_gaussian_continuous,100,0.5,null,0.0,44,pillai,True
non_gaussian_continuous,100,0.5,null,0.0,45,gcm,False
non_gaussian_continuous,100,0.5,null,0.0,45,pillai,False
non_gaussian_continuous,100,0.5,null,0.0,46,gcm,False
non_gaussian_continuous,100,0.5,null,0.0,46,pillai,False
non_gaussian_continuous,100,0.5,null,0.0,47,gcm,True
non_gaussian_continuous,100,0.5,null,0.0,47,pillai,False
non_gaussian_continuous,100,0.5,null,0.0,48,gcm,False
non_gaussian_continuous,100,0.5,null,0.0,48,pillai,True
non_gaussian_continuous,100,0.5,null,0.0,49,gcm,False
non_gaussian_continuous,100,0.5,null,0.0,49,pillai,False
non_gaussian_continuous,100,0.5,alt,1.0,0,gcm,True
non_gaussian_continuous,100,0.5,alt,1.0,0,pillai,False
non_gaussian_continuous,100,0.5,alt,1.0,1,gcm,True
non_gaussian_continuous,100,0.5,alt,1.0,1,pillai,False
non_gaussian_continuous,100,0.5,alt,1.0,2,gcm,True
non_gaussian_continuous,100,0.5,alt,1.0,2,pillai,True
non_gaussian_continuous,100,0.5,alt,1.0,3,gcm,False
non_gaussian_continuous,100,0.5,alt,1.0,3,pillai,False
non_gaussian_continuous,100,0.5,alt,1.0,4,gcm,True
non_gaussian_continuous,100,0.5,alt,1.0,4,pillai,False
non_gaussian_continuous,100,0.5,alt,1.0,5,gcm,True
non_gaussian_continuous,100,0.5,alt,1.0,5,pillai,False
non_gaussian_continuous,100,0.5,alt,1.0,6,gcm,True
non_gaussian_continuous,100,0.5,alt,1.0,6,pillai,False
non_gaussian_continuous,100,0.5,alt,1.0,7,gcm,True
non_gaussian_continuous,100,0.5,alt,1.0,7,pillai,False
non_gaussian_continuous,100,0.5,alt,1.0,8,gcm,True
non_gaussian_continuous,100,0.5,alt,1.0,8,pillai,False
non_gaussian_continuous,100,0.5,alt,1.0,9,gcm,True
non_gaussian_continuous,100,0.5,alt,1.0,9,pillai,False
non_gaussian_continuous,100,0.5,alt,1.0,10,gcm,True
non_gaussian_continuous,100,0.5,alt,1.0,10,pillai,False
non_gaussian_continuous,100,0.5,alt,1.0,11,gcm,True
non_gaussian_continuous,100,0.5,alt,1.0,11,pillai,False
non_gaussian_continuous,100,0.5,alt,1.0,12,gcm,False
non_gaussian_continuous,100,0.5,alt,1.0,12,pillai,False
non_gaussian_continuous,100,0.5,alt,1.0,13,gcm,True
non_gaussian_continuous,100,0.5,alt,1.0,13,pillai,False
non_gaussian_continuous,100,0.5,alt,1.0,14,gcm,True
non_gaussian_continuous,100,0.5,alt,1.0,14,pillai,False
non_gaussian_continuous,100,0.5,alt,1.0,15,gcm,True
non_gaussian_continuous,100,0.5,alt,1.0,15,pillai,False
non_gaussian_continuous,100,0.5,alt,1.0,16,gcm,False
non_gaussian_continuous,100,0.5,alt,1.0,16,pillai,False
non_gaussian_continuous,100,0.5,alt,1.0,17,gcm,True
non_gaussian_continuous,100,0.5,alt,1.0,17,pillai,False
non_gaussian_continuous,100,0.5,alt,1.0,18,gcm,True
non_gaussian_continuous,100,0.5,alt,1.0,18,pillai,False
non_gaussian_continuous,100,0.5,alt,1.0,19,gcm,True
non_gaussian_continuous,100,0.5,alt,1.0,19,pillai,False
non_gaussian_continuous,100,0.5,alt,1.0,20,gcm,True
non_gaussian_continuous,100,0.5,alt,1.0,20,pillai,True
non_gaussian_continuous,100,0.5,alt,1.0,21,gcm,True
non_gaussian_continuous,100,0.5,alt,1.0,21,pillai,False
non_gaussian_continuous,100,0.5,alt,1.0,22,gcm,True
non_gaussian_continuous,100,0.5,alt,1.0,22,pillai,False
non_gaussian_continuous,100,0.5,alt,1.0,23,gcm,True
non_gaussian_continuous,100,0.5,alt,1.0,23,pillai,False
non_gaussian_continuous,100,0.5,alt,1.0,24,gcm,True
non_gaussian_continuous,100,0.5,alt,1.0,24,pillai,True
non_gaussian_continuous,100,0.5,alt,1.0,25,gcm,True
non_gaussian_continuous,100,0.5,alt,1.0,25,pillai,False
non_gaussian_continuous,100,0.5,alt,1.0,26,gcm,True
non_gaussian_continuous,100,0.5,alt,1.0,26,pillai,True
non_gaussian_continuous,100,0.5,alt,1.0,27,gcm,True
non_gaussian_continuous,100,0.5,alt,1.0,27,pillai,False
non_gaussian_continuous,100,0.5,alt,1.0,28,gcm,True
non_gaussian_continuous,100,0.5,alt,1.0,28,pillai,False
non_gaussian_continuous,100,0.5,alt,1.0,29,gcm,True
non_gaussian_continuous,100,0.5,alt,1.0,29,pillai,False
non_gaussian_continuous,100,0.5,alt,1.0,30,gcm,True
non_gaussian_continuous,100,0.5,alt,1.0,30,pillai,True
non_gaussian_continuous,100,0.5,alt,1.0,31,gcm,True
non_gaussian_continuous,100,0.5,alt,1.0,31,pillai,False
non_gaussian_continuous,100,0.5,alt,1.0,32,gcm,True
non_gaussian_continuous,100,0.5,alt,1.0,32,pillai,False
non_gaussian_continuous,100,0.5,alt,1.0,33,gcm,True
non_gaussian_continuous,100,0.5,alt,1.0,33,pillai,False
non_gaussian_continuous,100,0.5,alt,1.0,34,gcm,True
non_gaussian_continuous,100,0.5,alt,1.0,34,pillai,True
non_gaussian_continuous,100,0.5,alt,1.0,35,gcm,True
non_gaussian_continuous,100,0.5,alt,1.0,35,pillai,False
non_gaussian_continuous,100,0.5,alt,1.0,36,gcm,True
non_gaussian_continuous,100,0.5,alt,1.0,36,pillai,True
non_gaussian_continuous,100,0.5,alt,1.0,37,gcm,True
non_gaussian_continuous,100,0.5,alt,1.0,37,pillai,False
non_gaussian_continuous,100,0.5,alt,1.0,38,gcm,True
non_gaussian_continuous,100,0.5,alt,1.0,38,pillai,False
non_gaussian_continuous,100,0.5,alt,1.0,39,gcm,True
non_gaussian_continuous,100,0.5,alt,1.0,39,pillai,False
non_gaussian_continuous,100,0.5,alt,1.0,40,gcm,True
non_gaussian_continuous,100,0.5,alt,1.0,40,pillai,False
non_gaussian_continuous,100,0.5,alt,1.0,41,gcm,True
non_gaussian_continuous,100,0.5,alt,1.0,41,pillai,False
non_gaussian_continuous,100,0.5,alt,1.0,42,gcm,True
non_gaussian_continuous,100,0.5,alt,1.0,42,pillai,False
non_gaussian_continuous,100,0.5,alt,1.0,43,gcm,True
non_gaussian_continuous,100,0.5,alt,1.0,43,pillai,False
non_gaussian_continuous,100,0.5,alt,1.0,44,gcm,True
non_gaussian_continuous,100,0.5,alt,1.0,44,pillai,True
non_gaussian_continuous,100,0.5,alt,1.0,45,gcm,True
non_gaussian_continuous,100,0.5,alt,1.0,45,pillai,False
non_gaussian_continuous,100,0.5,alt,1.0,46,gcm,True
non_gaussian_continuous,100,0.5,alt,1.0,46,pillai,False
non_gaussian_continuous,100,0.5,alt,1.0,47,gcm,True
non_gaussian_continuous,100,0.5,alt,1.0,47,pillai,False
non_gaussian_continuous,100,0.5,alt,1.0,48,gcm,True
non_gaussian_continuous,100,0.5,alt,1.0,48,pillai,True
non_gaussian_continuous,100,0.5,alt,1.0,49,gcm,True
non_gaussian_continuous,100,0.5,alt,1.0,49,pillai,False
non_gaussian_continuous,100,1.0,null,0.0,0,gcm,False
non_gaussian_continuous,100,1.0,null,0.0,0,pillai,False
non_gaussian_continuous,100,1.0,null,0.0,1,gcm,False
non_gaussian_continuous,100,1.0,null,0.0,1,pillai,False
non_gaussian_continuous,100,1.0,null,0.0,2,gcm,True
non_gaussian_continuous,100,1.0,null,0.0,2,pillai,True
non_gaussian_continuous,100,1.0,null,0.0,3,gcm,False
non_gaussian_continuous,100,1.0,null,0.0,3,pillai,False
non_gaussian_continuous,100,1.0,null,0.0,4,gcm,False
non_gaussian_continuous,100,1.0,null,0.0,4,pillai,False
non_gaussian_continuous,100,1.0,null,0.0,5,gcm,False
non_gaussian_continuous,100,1.0,null,0.0,5,pillai,False
non_gaussian_continuous,100,1.0,null,0.0,6,gcm,False
non_gaussian_continuous,100,1.0,null,0.0,6,pillai,False
non_gaussian_continuous,100,1.0,null,0.0,7,gcm,False
non_gaussian_continuous,100,1.0,null,0.0,7,pillai,False
non_gaussian_continuous,100,1.0,null,0.0,8,gcm,False
non_gaussian_continuous,100,1.0,null,0.0,8,pillai,False
non_gaussian_continuous,100,1.0,null,0.0,9,gcm,False
non_gaussian_continuous,100,1.0,null,0.0,9,pillai,False
non_gaussian_continuous,100,1.0,null,0.0,10,gcm,True
non_gaussian_continuous,100,1.0,null,0.0,10,pillai,False
non_gaussian_continuous,100,1.0,null,0.0,11,gcm,False
non_gaussian_continuous,100,1.0,null,0.0,11,pillai,False
non_gaussian_continuous,100,1.0,null,0.0,12,gcm,False
non_gaussian_continuous,100,1.0,null,0.0,12,pillai,False
non_gaussian_continuous,100,1.0,null,0.0,13,gcm,False
non_gaussian_continuous,100,1.0,null,0.0,13,pillai,False
non_gaussian_continuous,100,1.0,null,0.0,14,gcm,False
non_gaussian_continuous,100,1.0,null,0.0,14,pillai,False
non_gaussian_continuous,100,1.0,null,0.0,15,gcm,False
non_gaussian_continuous,100,1.0,null,0.0,15,pillai,False
non_gaussian_continuous,100,1.0,null,0.0,16,gcm,False
non_gaussian_continuous,100,1.0,null,0.0,16,pillai,False
non_gaussian_continuous,100,1.0,null,0.0,17,gcm,False
non_gaussian_continuous,100,1.0,null,0.0,17,pillai,False
non_gaussian_continuous,100,1.0,null,0.0,18,gcm,True
non_gaussian_continuous,100,1.0,null,0.0,18,pillai,False
non_gaussian_continuous,100,1.0,null,0.0,19,gcm,False
non_gaussian_continuous,100,1.0,null,0.0,19,pillai,False
non_gaussian_continuous,100,1.0,null,0.0,20,gcm,False
non_gaussian_continuous,100,1.0,null,0.0,20,pillai,False
non_gaussian_continuous,100,1.0,null,0.0,21,gcm,False
non_gaussian_continuous,100,1.0,null,0.0,21,pillai,False
non_gaussian_continuous,100,1.0,null,0.0,22,gcm,False
non_gaussian_continuous,100,1.0,null,0.0,22,pillai,False
non_gaussian_continuous,100,1.0,null,0.0,23,gcm,False
non_gaussian_continuous,100,1.0,null,0.0,23,pillai,False
non_gaussian_continuous,100,1.0,null,0.0,24,gcm,False
non_gaussian_continuous,100,1.0,null,0.0,24,pillai,True
non_gaussian_continuous,100,1.0,null,0.0,25,gcm,False
non_gaussian_continuous,100,1.0,null,0.0,25,pillai,False
non_gaussian_continuous,100,1.0,null,0.0,26,gcm,False
non_gaussian_continuous,100,1.0,null,0.0,26,pillai,True
non_gaussian_continuous,100,1.0,null,0.0,27,gcm,False
non_gaussian_continuous,100,1.0,null,0.0,27,pillai,False
non_gaussian_continuous,100,1.0,null,0.0,28,gcm,False
non_gaussian_continuous,100,1.0,null,0.0,28,pillai,False
non_gaussian_continuous,100,1.0,null,0.0,29,gcm,False
non_gaussian_continuous,100,1.0,null,0.0,29,pillai,False
non_gaussian_continuous,100,1.0,null,0.0,30,gcm,False
non_gaussian_continuous,100,1.0,null,0.0,30,pillai,True
non_gaussian_continuous,100,1.0,null,0.0,31,gcm,False
non_gaussian_continuous,100,1.0,null,0.0,31,pillai,False
non_gaussian_continuous,100,1.0,null,0.0,32,gcm,False
non_gaussian_continuous,100,1.0,null,0.0,32,pillai,False
non_gaussian_continuous,100,1.0,null,0.0,33,gcm,False
non_gaussian_continuous,100,1.0,null,0.0,33,pillai,False
non_gaussian_continuous,100,1.0,null,0.0,34,gcm,False
non_gaussian_continuous,100,1.0,null,0.0,34,pillai,True
non_gaussian_continuous,100,1.0,null,0.0,35,gcm,False
non_gaussian_continuous,100,1.0,null,0.0,35,pillai,False
non_gaussian_continuous,100,1.0,null,0.0,36,gcm,False
non_gaussian_continuous,100,1.0,null,0.0,36,pillai,False
non_gaussian_continuous,100,1.0,null,0.0,37,gcm,True
non_gaussian_continuous,100,1.0,null,0.0,37,pillai,False
non_gaussian_continuous,100,1.0,null,0.0,38,gcm,False
non_gaussian_continuous,100,1.0,null,0.0,38,pillai,False
non_gaussian_continuous,100,1.0,null,0.0,39,gcm,False
non_gaussian_continuous,100,1.0,null,0.0,39,pillai,False
non_gaussian_continuous,100,1.0,null,0.0,40,gcm,False
non_gaussian_continuous,100,1.0,null,0.0,40,pillai,False
non_gaussian_continuous,100,1.0,null,0.0,41,gcm,False
non_gaussian_continuous,100,1.0,null,0.0,41,pillai,False
non_gaussian_continuous,100,1.0,null,0.0,42,gcm,True
non_gaussian_continuous,100,1.0,null,0.0,42,pillai,False
non_gaussian_continuous,100,1.0,null,0.0,43,gcm,False
non_gaussian_continuous,100,1.0,null,0.0,43,pillai,False
non_gaussian_continuous,100,1.0,null,0.0,44,gcm,False
non_gaussian_continuous,100,1.0,null,0.0,44,pillai,True
non_gaussian_continuous,100,1.0,null,0.0,45,gcm,False
non_gaussian_continuous,100,1.0,null,0.0,45,pillai,False
non_gaussian_continuous,100,1.0,null,0.0,46,gcm,False
non_gaussian_continuous,100,1.0,null,0.0,46,pillai,False
non_gaussian_continuous,100,1.0,null,0.0,47,gcm,True
non_gaussian_continuous,100,1.0,null,0.0,47,pillai,False
non_gaussian_continuous,100,1.0,null,0.0,48,gcm,False
non_gaussian_continuous,100,1.0,null,0.0,48,pillai,True
non_gaussian_continuous,100,1.0,null,0.0,49,gcm,False
non_gaussian_continuous,100,1.0,null,0.0,49,pillai,False
non_gaussian_continuous,100,1.0,alt,1.0,0,gcm,True
non_gaussian_continuous,100,1.0,alt,1.0,0,pillai,False
non_gaussian_continuous,100,1.0,alt,1.0,1,gcm,True
non_gaussian_continuous,100,1.0,alt,1.0,1,pillai,False
non_gaussian_continuous,100,1.0,alt,1.0,2,gcm,True
non_gaussian_continuous,100,1.0,alt,1.0,2,pillai,True
non_gaussian_continuous,100,1.0,alt,1.0,3,gcm,False
non_gaussian_continuous,100,1.0,alt,1.0,3,pillai,False
non_gaussian_continuous,100,1.0,alt,1.0,4,gcm,True
non_gaussian_continuous,100,1.0,alt,1.0,4,pillai,False
non_gaussian_continuous,100,1.0,alt,1.0,5,gcm,True
non_gaussian_continuous,100,1.0,alt,1.0,5,pillai,False
non_gaussian_continuous,100,1.0,alt,1.0,6,gcm,True
non_gaussian_continuous,100,1.0,alt,1.0,6,pillai,False
non_gaussian_continuous,100,1.0,alt,1.0,7,gcm,True
non_gaussian_continuous,100,1.0,alt,1.0,7,pillai,False
non_gaussian_continuous,100,1.0,alt,1.0,8,gcm,True
non_gaussian_continuous,100,1.0,alt,1.0,8,pillai,False
non_gaussian_continuous,100,1.0,alt,1.0,9,gcm,True
non_gaussian_continuous,100,1.0,alt,1.0,9,pillai,False
non_gaussian_continuous,100,1.0,alt,1.0,10,gcm,True
non_gaussian_continuous,100,1.0,alt,1.0,10,pillai,False
non_gaussian_continuous,100,1.0,alt,1.0,11,gcm,True
non_gaussian_continuous,100,1.0,alt,1.0,11,pillai,False
non_gaussian_continuous,100,1.0,alt,1.0,12,gcm,False
non_gaussian_continuous,100,1.0,alt,1.0,12,pillai,False
non_gaussian_continuous,100,1.0,alt,1.0,13,gcm,True
non_gaussian_continuous,100,1.0,alt,1.0,13,pillai,False
non_gaussian_continuous,100,1.0,alt,1.0,14,gcm,True
non_gaussian_continuous,100,1.0,alt,1.0,14,pillai,False
non_gaussian_continuous,100,1.0,alt,1.0,15,gcm,True
non_gaussian_continuous,100,1.0,alt,1.0,15,pillai,False
non_gaussian_continuous,100,1.0,alt,1.0,16,gcm,False
non_gaussian_continuous,100,1.0,alt,1.0,16,pillai,False
non_gaussian_continuous,100,1.0,alt,1.0,17,gcm,True
non_gaussian_continuous,100,1.0,alt,1.0,17,pillai,False
non_gaussian_continuous,100,1.0,alt,1.0,18,gcm,True
non_gaussian_continuous,100,1.0,alt,1.0,18,pillai,False
non_gaussian_continuous,100,1.0,alt,1.0,19,gcm,True
non_gaussian_continuous,100,1.0,alt,1.0,19,pillai,False
non_gaussian_continuous,100,1.0,alt,1.0,20,gcm,True
non_gaussian_continuous,100,1.0,alt,1.0,20,pillai,True
non_gaussian_continuous,100,1.0,alt,1.0,21,gcm,True
non_gaussian_continuous,100,1.0,alt,1.0,21,pillai,False
non_gaussian_continuous,100,1.0,alt,1.0,22,gcm,True
non_gaussian_continuous,100,1.0,alt,1.0,22,pillai,False
non_gaussian_continuous,100,1.0,alt,1.0,23,gcm,True
non_gaussian_continuous,100,1.0,alt,1.0,23,pillai,False
non_gaussian_continuous,100,1.0,alt,1.0,24,gcm,True
non_gaussian_continuous,100,1.0,alt,1.0,24,pillai,True
non_gaussian_continuous,100,1.0,alt,1.0,25,gcm,True
non_gaussian_continuous,100,1.0,alt,1.0,25,pillai,False
non_gaussian_continuous,100,1.0,alt,1.0,26,gcm,True
non_gaussian_continuous,100,1.0,alt,1.0,26,pillai,True
non_gaussian_continuous,100,1.0,alt,1.0,27,gcm,True
non_gaussian_continuous,100,1.0,alt,1.0,27,pillai,False
non_gaussian_continuous,100,1.0,alt,1.0,28,gcm,True
non_gaussian_continuous,100,1.0,alt,1.0,28,pillai,False
non_gaussian_continuous,100,1.0,alt,1.0,29,gcm,True
non_gaussian_continuous,100,1.0,alt,1.0,29,pillai,False
non_gaussian_continuous,100,1.0,alt,1.0,30,gcm,True
non_gaussian_continuous,100,1.0,alt,1.0,30,pillai,True
non_gaussian_continuous,100,1.0,alt,1.0,31,gcm,True
non_gaussian_continuous,100,1.0,alt,1.0,31,pillai,False
non_gaussian_continuous,100,1.0,alt,1.0,32,gcm,True
non_gaussian_continuous,100,1.0,alt,1.0,32,pillai,False
non_gaussian_continuous,100,1.0,alt,1.0,33,gcm,True
non_gaussian_continuous,100,1.0,alt,1.0,33,pillai,False
non_gaussian_continuous,100,1.0,alt,1.0,34,gcm,True
non_gaussian_continuous,100,1.0,alt,1.0,34,pillai,True
non_gaussian_continuous,100,1.0,alt,1.0,35,gcm,True
non_gaussian_continuous,100,1.0,alt,1.0,35,pillai,False
non_gaussian_continuous,100,1.0,alt,1.0,36,gcm,True
non_gaussian_continuous,100,1.0,alt,1.0,36,pillai,True
non_gaussian_continuous,100,1.0,alt,1.0,37,gcm,True
non_gaussian_continuous,100,1.0,alt,1.0,37,pillai,False
non_gaussian_continuous,100,1.0,alt,1.0,38,gcm,True
non_gaussian_continuous,100,1.0,alt,1.0,38,pillai,False
non_gaussian_continuous,100,1.0,alt,1.0,39,gcm,True
non_gaussian_continuous,100,1.0,alt,1.0,39,pillai,False
non_gaussian_continuous,100,1.0,alt,1.0,40,gcm,True
non_gaussian_continuous,100,1.0,alt,1.0,40,pillai,False
non_gaussian_continuous,100,1.0,alt,1.0,41,gcm,True
non_gaussian_continuous,100,1.0,alt,1.0,41,pillai,False
non_gaussian_continuous,100,1.0,alt,1.0,42,gcm,True
non_gaussian_continuous,100,1.0,alt,1.0,42,pillai,False
non_gaussian_continuous,100,1.0,alt,1.0,43,gcm,True
non_gaussian_continuous,100,1.0,alt,1.0,43,pillai,False
non_gaussian_continuous,100,1.0,alt,1.0,44,gcm,True
non_gaussian_continuous,100,1.0,alt,1.0,44,pillai,True
non_gaussian_continuous,100,1.0,alt,1.0,45,gcm,True
non_gaussian_continuous,100,1.0,alt,1.0,45,pillai,False
non_gaussian_continuous,100,1.0,alt,1.0,46,gcm,True
non_gaussian_continuous,100,1.0,alt,1.0,46,pillai,False
non_gaussian_continuous,100,1.0,alt,1.0,47,gcm,True
non_gaussian_continuous,100,1.0,alt,1.0,47,pillai,False
non_gaussian_continuous,100,1.0,alt,1.0,48,gcm,True
non_gaussian_continuous,100,1.0,alt,1.0,48,pillai,True
non_gaussian_continuous,100,1.0,alt,1.0,49,gcm,True
non_gaussian_continuous,100,1.0,alt,1.0,49,pillai,False
non_gaussian_continuous,500,0.5,null,0.0,0,gcm,False
non_gaussian_continuous,500,0.5,null,0.0,0,pillai,False
non_gaussian_continuous,500,0.5,null,0.0,1,gcm,False
non_gaussian_continuous,500,0.5,null,0.0,1,pillai,False
non_gaussian_continuous,500,0.5,null,0.0,2,gcm,False
non_gaussian_continuous,500,0.5,null,0.0,2,pillai,False
non_gaussian_continuous,500,0.5,null,0.0,3,gcm,False
non_gaussian_continuous,500,0.5,null,0.0,3,pillai,False
non_gaussian_continuous,500,0.5,null,0.0,4,gcm,False
non_gaussian_continuous,500,0.5,null,0.0,4,pillai,False
non_gaussian_continuous,500,0.5,null,0.0,5,gcm,False
non_gaussian_continuous,500,0.5,null,0.0,5,pillai,False
non_gaussian_continuous,500,0.5,null,0.0,6,gcm,False
non_gaussian_continuous,500,0.5,null,0.0,6,pillai,False
non_gaussian_continuous,500,0.5,null,0.0,7,gcm,False
non_gaussian_continuous,500,0.5,null,0.0,7,pillai,False
non_gaussian_continuous,500,0.5,null,0.0,8,gcm,False
non_gaussian_continuous,500,0.5,null,0.0,8,pillai,False
non_gaussian_continuous,500,0.5,null,0.0,9,gcm,False
non_gaussian_continuous,500,0.5,null,0.0,9,pillai,False
non_gaussian_continuous,500,0.5,null,0.0,10,gcm,False
non_gaussian_continuous,500,0.5,null,0.0,10,pillai,False
non_gaussian_continuous,500,0.5,null,0.0,11,gcm,False
non_gaussian_continuous,500,0.5,null,0.0,11,pillai,False
non_gaussian_continuous,500,0.5,null,0.0,12,gcm,False
non_gaussian_continuous,500,0.5,null,0.0,12,pillai,False
non_gaussian_continuous,500,0.5,null,0.0,13,gcm,False
non_gaussian_continuous,500,0.5,null,0.0,13,pillai,True
non_gaussian_continuous,500,0.5,null,0.0,14,gcm,False
non_gaussian_continuous,500,0.5,null,0.0,14,pillai,False
non_gaussian_continuous,500,0.5,null,0.0,15,gcm,False
non_gaussian_continuous,500,0.5,null,0.0,15,pillai,False
non_gaussian_continuous,500,0.5,null,0.0,16,gcm,True
non_gaussian_continuous,500,0.5,null,0.0,16,pillai,False
non_gaussian_continuous,500,0.5,null,0.0,17,gcm,False
non_gaussian_continuous,500,0.5,null,0.0,17,pillai,False
non_gaussian_continuous,500,0.5,null,0.0,18,gcm,False
non_gaussian_continuous,500,0.5,null,0.0,18,pillai,False
non_gaussian_continuous,500,0.5,null,0.0,19,gcm,False
non_gaussian_continuous,500,0.5,null,0.0,19,pillai,False
non_gaussian_continuous,500,0.5,null,0.0,20,gcm,False
non_gaussian_continuous,500,0.5,null,0.0,20,pillai,False
non_gaussian_continuous,500,0.5,null,0.0,21,gcm,False
non_gaussian_continuous,500,0.5,null,0.0,21,pillai,False
non_gaussian_continuous,500,0.5,null,0.0,22,gcm,True
non_gaussian_continuous,500,0.5,null,0.0,22,pillai,False
non_gaussian_continuous,500,0.5,null,0.0,23,gcm,True
non_gaussian_continuous,500,0.5,null,0.0,23,pillai,False
non_gaussian_continuous,500,0.5,null,0.0,24,gcm,False
non_gaussian_continuous,500,0.5,null,0.0,24,pillai,False
non_gaussian_continuous,500,0.5,null,0.0,25,gcm,False
non_gaussian_continuous,500,0.5,null,0.0,25,pillai,False
non_gaussian_continuous,500,0.5,null,0.0,26,gcm,False
non_gaussian_continuous,500,0.5,null,0.0,26,pillai,False
non_gaussian_continuous,500,0.5,null,0.0,27,gcm,False
non_gaussian_continuous,500,0.5,null,0.0,27,pillai,False
non_gaussian_continuous,500,0.5,null,0.0,28,gcm,False
non_gaussian_continuous,500,0.5,null,0.0,28,pillai,False
non_gaussian_continuous,500,0.5,null,0.0,29,gcm,False
non_gaussian_continuous,500,0.5,null,0.0,29,pillai,False
non_gaussian_continuous,500,0.5,null,0.0,30,gcm,False
non_gaussian_continuous,500,0.5,null,0.0,30,pillai,True
non_gaussian_continuous,500,0.5,null,0.0,31,gcm,False
non_gaussian_continuous,500,0.5,null,0.0,31,pillai,False
non_gaussian_continuous,500,0.5,null,0.0,32,gcm,False
non_gaussian_continuous,500,0.5,null,0.0,32,pillai,False
non_gaussian_continuous,500,0.5,null,0.0,33,gcm,False
non_gaussian_continuous,500,0.5,null,0.0,33,pillai,False
non_gaussian_continuous,500,0.5,null,0.0,34,gcm,False
non_gaussian_continuous,500,0.5,null,0.0,34,pillai,False
non_gaussian_continuous,500,0.5,null,0.0,35,gcm,False
non_gaussian_continuous,500,0.5,null,0.0,35,pillai,False
non_gaussian_continuous,500,0.5,null,0.0,36,gcm,False
non_gaussian_continuous,500,0.5,null,0.0,36,pillai,False
non_gaussian_continuous,500,0.5,null,0.0,37,gcm,False
non_gaussian_continuous,500,0.5,null,0.0,37,pillai,True
non_gaussian_continuous,500,0.5,null,0.0,38,gcm,False
non_gaussian_continuous,500,0.5,null,0.0,38,pillai,False
non_gaussian_continuous,500,0.5,null,0.0,39,gcm,False
non_gaussian_continuous,500,0.5,null,0.0,39,pillai,True
non_gaussian_continuous,500,0.5,null,0.0,40,gcm,False
non_gaussian_continuous,500,0.5,null,0.0,40,pillai,False
non_gaussian_continuous,500,0.5,null,0.0,41,gcm,False
non_gaussian_continuous,500,0.5,null,0.0,41,pillai,False
non_gaussian_continuous,500,0.5,null,0.0,42,gcm,False
non_gaussian_continuous,500,0.5,null,0.0,42,pillai,False
non_gaussian_continuous,500,0.5,null,0.0,43,gcm,False
non_gaussian_continuous,500,0.5,null,0.0,43,pillai,False
non_gaussian_continuous,500,0.5,null,0.0,44,gcm,False
non_gaussian_continuous,500,0.5,null,0.0,44,pillai,False
non_gaussian_continuous,500,0.5,null,0.0,45,gcm,False
non_gaussian_continuous,500,0.5,null,0.0,45,pillai,False
non_gaussian_continuous,500,0.5,null,0.0,46,gcm,False
non_gaussian_continuous,500,0.5,null,0.0,46,pillai,False
non_gaussian_continuous,500,0.5,null,0.0,47,gcm,False
non_gaussian_continuous,500,0.5,null,0.0,47,pillai,False
non_gaussian_continuous,500,0.5,null,0.0,48,gcm,False
non_gaussian_continuous,500,0.5,null,0.0,48,pillai,False
non_gaussian_continuous,500,0.5,null,0.0,49,gcm,False
non_gaussian_continuous,500,0.5,null,0.0,49,pillai,False
non_gaussian_continuous,500,0.5,alt,1.0,0,gcm,True
non_gaussian_continuous,500,0.5,alt,1.0,0,pillai,False
non_gaussian_continuous,500,0.5,alt,1.0,1,gcm,True
non_gaussian_continuous,500,0.5,alt,1.0,1,pillai,False
non_gaussian_continuous,500,0.5,alt,1.0,2,gcm,True
non_gaussian_continuous,500,0.5,alt,1.0,2,pillai,False
non_gaussian_continuous,500,0.5,alt,1.0,3,gcm,True
non_gaussian_continuous,500,0.5,alt,1.0,3,pillai,False
non_gaussian_continuous,500,0.5,alt,1.0,4,gcm,True
non_gaussian_continuous,500,0.5,alt,1.0,4,pillai,False
non_gaussian_continuous,500,0.5,alt,1.0,5,gcm,True
non_gaussian_continuous,500,0.5,alt,1.0,5,pillai,False
non_gaussian_continuous,500,0.5,alt,1.0,6,gcm,True
non_gaussian_continuous,500,0.5,alt,1.0,6,pillai,False
non_gaussian_continuous,500,0.5,alt,1.0,7,gcm,True
non_gaussian_continuous,500,0.5,alt,1.0,7,pillai,False
non_gaussian_continuous,500,0.5,alt,1.0,8,gcm,True
non_gaussian_continuous,500,0.5,alt,1.0,8,pillai,False
non_gaussian_continuous,500,0.5,alt,1.0,9,gcm,True
non_gaussian_continuous,500,0.5,alt,1.0,9,pillai,False
non_gaussian_continuous,500,0.5,alt,1.0,10,gcm,True
non_gaussian_continuous,500,0.5,alt,1.0,10,pillai,False
non_gaussian_continuous,500,0.5,alt,1.0,11,gcm,True
non_gaussian_continuous,500,0.5,alt,1.0,11,pillai,False
non_gaussian_continuous,500,0.5,alt,1.0,12,gcm,True
non_gaussian_continuous,500,0.5,alt,1.0,12,pillai,False
non_gaussian_continuous,500,0.5,alt,1.0,13,gcm,True
non_gaussian_continuous,500,0.5,alt,1.0,13,pillai,True
non_gaussian_continuous,500,0.5,alt,1.0,14,gcm,True
non_gaussian_continuous,500,0.5,alt,1.0,14,pillai,False
non_gaussian_continuous,500,0.5,alt,1.0,15,gcm,True
non_gaussian_continuous,500,0.5,alt,1.0,15,pillai,False
non_gaussian_continuous,500,0.5,alt,1.0,16,gcm,True
non_gaussian_continuous,500,0.5,alt,1.0,16,pillai,False
non_gaussian_continuous,500,0.5,alt,1.0,17,gcm,True
non_gaussian_continuous,500,0.5,alt,1.0,17,pillai,False
non_gaussian_continuous,500,0.5,alt,1.0,18,gcm,True
non_gaussian_continuous,500,0.5,alt,1.0,18,pillai,False
non_gaussian_continuous,500,0.5,alt,1.0,19,gcm,True
non_gaussian_continuous,500,0.5,alt,1.0,19,pillai,False
non_gaussian_continuous,500,0.5,alt,1.0,20,gcm,True
non_gaussian_continuous,500,0.5,alt,1.0,20,pillai,False
non_gaussian_continuous,500,0.5,alt,1.0,21,gcm,True
non_gaussian_continuous,500,0.5,alt,1.0,21,pillai,False
non_gaussian_continuous,500,0.5,alt,1.0,22,gcm,True
non_gaussian_continuous,500,0.5,alt,1.0,22,pillai,False
non_gaussian_continuous,500,0.5,alt,1.0,23,gcm,True
non_gaussian_continuous,500,0.5,alt,1.0,23,pillai,False
non_gaussian_continuous,500,0.5,alt,1.0,24,gcm,True
non_gaussian_continuous,500,0.5,alt,1.0,24,pillai,False
non_gaussian_continuous,500,0.5,alt,1.0,25,gcm,True
non_gaussian_continuous,500,0.5,alt,1.0,25,pillai,False
non_gaussian_continuous,500,0.5,alt,1.0,26,gcm,True
non_gaussian_continuous,500,0.5,alt,1.0,26,pillai,False
non_gaussian_continuous,500,0.5,alt,1.0,27,gcm,True
non_gaussian_continuous,500,0.5,alt,1.0,27,pillai,False
non_gaussian_continuous,500,0.5,alt,1.0,28,gcm,True
non_gaussian_continuous,500,0.5,alt,1.0,28,pillai,False
non_gaussian_continuous,500,0.5,alt,1.0,29,gcm,True
non_gaussian_continuous,500,0.5,alt,1.0,29,pillai,False
non_gaussian_continuous,500,0.5,alt,1.0,30,gcm,True
non_gaussian_continuous,500,0.5,alt,1.0,30,pillai,True
non_gaussian_continuous,500,0.5,alt,1.0,31,gcm,True
non_gaussian_continuous,500,0.5,alt,1.0,31,pillai,False
non_gaussian_continuous,500,0.5,alt,1.0,32,gcm,True
non_gaussian_continuous,500,0.5,alt,1.0,32,pillai,False
non_gaussian_continuous,500,0.5,alt,1.0,33,gcm,True
non_gaussian_continuous,500,0.5,alt,1.0,33,pillai,False
non_gaussian_continuous,500,0.5,alt,1.0,34,gcm,True
non_gaussian_continuous,500,0.5,alt,1.0,34,pillai,False
non_gaussian_continuous,500,0.5,alt,1.0,35,gcm,True
non_gaussian_continuous,500,0.5,alt,1.0,35,pillai,False
non_gaussian_continuous,500,0.5,alt,1.0,36,gcm,True
non_gaussian_continuous,500,0.5,alt,1.0,36,pillai,False
non_gaussian_continuous,500,0.5,alt,1.0,37,gcm,True
non_gaussian_continuous,500,0.5,alt,1.0,37,pillai,True
non_gaussian_continuous,500,0.5,alt,1.0,38,gcm,True
non_gaussian_continuous,500,0.5,alt,1.0,38,pillai,False
non_gaussian_continuous,500,0.5,alt,1.0,39,gcm,True
non_gaussian_continuous,500,0.5,alt,1.0,39,pillai,True
non_gaussian_continuous,500,0.5,alt,1.0,40,gcm,True
non_gaussian_continuous,500,0.5,alt,1.0,40,pillai,False
non_gaussian_continuous,500,0.5,alt,1.0,41,gcm,True
non_gaussian_continuous,500,0.5,alt,1.0,41,pillai,False
non_gaussian_continuous,500,0.5,alt,1.0,42,gcm,True
non_gaussian_continuous,500,0.5,alt,1.0,42,pillai,False
non_gaussian_continuous,500,0.5,alt,1.0,43,gcm,True
non_gaussian_continuous,500,0.5,alt,1.0,43,pillai,False
non_gaussian_continuous,500,0.5,alt,1.0,44,gcm,True
non_gaussian_continuous,500,0.5,alt,1.0,44,pillai,False
non_gaussian_continuous,500,0.5,alt,1.0,45,gcm,True
non_gaussian_continuous,500,0.5,alt,1.0,45,pillai,False
non_gaussian_continuous,500,0.5,alt,1.0,46,gcm,True
non_gaussian_continuous,500,0.5,alt,1.0,46,pillai,False
non_gaussian_continuous,500,0.5,alt,1.0,47,gcm,True
non_gaussian_continuous,500,0.5,alt,1.0,47,pillai,False
non_gaussian_continuous,500,0.5,alt,1.0,48,gcm,True
non_gaussian_continuous,500,0.5,alt,1.0,48,pillai,False
non_gaussian_continuous,500,0.5,alt,1.0,49,gcm,True
non_gaussian_continuous,500,0.5,alt,1.0,49,pillai,False
non_gaussian_continuous,500,1.0,null,0.0,0,gcm,False
non_gaussian_continuous,500,1.0,null,0.0,0,pillai,False
non_gaussian_continuous,500,1.0,null,0.0,1,gcm,False
non_gaussian_continuous,500,1.0,null,0.0,1,pillai,False
non_gaussian_continuous,500,1.0,null,0.0,2,gcm,False
non_gaussian_continuous,500,1.0,null,0.0,2,pillai,False
non_gaussian_continuous,500,1.0,null,0.0,3,gcm,False
non_gaussian_continuous,500,1.0,null,0.0,3,pillai,False
non_gaussian_continuous,500,1.0,null,0.0,4,gcm,False
non_gaussian_continuous,500,1.0,null,0.0,4,pillai,False
non_gaussian_continuous,500,1.0,null,0.0,5,gcm,False
non_gaussian_continuous,500,1.0,null,0.0,5,pillai,False
non_gaussian_continuous,500,1.0,null,0.0,6,gcm,False
non_gaussian_continuous,500,1.0,null,0.0,6,pillai,False
non_gaussian_continuous,500,1.0,null,0.0,7,gcm,False
non_gaussian_continuous,500,1.0,null,0.0,7,pillai,False
non_gaussian_continuous,500,1.0,null,0.0,8,gcm,False
non_gaussian_continuous,500,1.0,null,0.0,8,pillai,False
non_gaussian_continuous,500,1.0,null,0.0,9,gcm,False
non_gaussian_continuous,500,1.0,null,0.0,9,pillai,False
non_gaussian_continuous,500,1.0,null,0.0,10,gcm,False
non_gaussian_continuous,500,1.0,null,0.0,10,pillai,False
non_gaussian_continuous,500,1.0,null,0.0,11,gcm,False
non_gaussian_continuous,500,1.0,null,0.0,11,pillai,False
non_gaussian_continuous,500,1.0,null,0.0,12,gcm,False
non_gaussian_continuous,500,1.0,null,0.0,12,pillai,False
non_gaussian_continuous,500,1.0,null,0.0,13,gcm,False
non_gaussian_continuous,500,1.0,null,0.0,13,pillai,True
non_gaussian_continuous,500,1.0,null,0.0,14,gcm,False
non_gaussian_continuous,500,1.0,null,0.0,14,pillai,False
non_gaussian_continuous,500,1.0,null,0.0,15,gcm,False
non_gaussian_continuous,500,1.0,null,0.0,15,pillai,False
non_gaussian_continuous,500,1.0,null,0.0,16,gcm,True
non_gaussian_continuous,500,1.0,null,0.0,16,pillai,False
non_gaussian_continuous,500,1.0,null,0.0,17,gcm,False
non_gaussian_continuous,500,1.0,null,0.0,17,pillai,False
non_gaussian_continuous,500,1.0,null,0.0,18,gcm,False
non_gaussian_continuous,500,1.0,null,0.0,18,pillai,False
non_gaussian_continuous,500,1.0,null,0.0,19,gcm,False
non_gaussian_continuous,500,1.0,null,0.0,19,pillai,False
non_gaussian_continuous,500,1.0,null,0.0,20,gcm,False
non_gaussian_continuous,500,1.0,null,0.0,20,pillai,False
non_gaussian_continuous,500,1.0,null,0.0,21,gcm,False
non_gaussian_continuous,500,1.0,null,0.0,21,pillai,False
non_gaussian_continuous,500,1.0,null,0.0,22,gcm,True
non_gaussian_continuous,500,1.0,null,0.0,22,pillai,False
non_gaussian_continuous,500,1.0,null,0.0,23,gcm,True
non_gaussian_continuous,500,1.0,null,0.0,23,pillai,False
non_gaussian_continuous,500,1.0,null,0.0,24,gcm,False
non_gaussian_continuous,500,1.0,null,0.0,24,pillai,False
non_gaussian_continuous,500,1.0,null,0.0,25,gcm,False
non_gaussian_continuous,500,1.0,null,0.0,25,pillai,False
non_gaussian_continuous,500,1.0,null,0.0,26,gcm,False
non_gaussian_continuous,500,1.0,null,0.0,26,pillai,False
non_gaussian_continuous,500,1.0,null,0.0,27,gcm,False
non_gaussian_continuous,500,1.0,null,0.0,27,pillai,False
non_gaussian_continuous,500,1.0,null,0.0,28,gcm,False
non_gaussian_continuous,500,1.0,null,0.0,28,pillai,False
non_gaussian_continuous,500,1.0,null,0.0,29,gcm,False
non_gaussian_continuous,500,1.0,null,0.0,29,pillai,False
non_gaussian_continuous,500,1.0,null,0.0,30,gcm,False
non_gaussian_continuous,500,1.0,null,0.0,30,pillai,True
non_gaussian_continuous,500,1.0,null,0.0,31,gcm,False
non_gaussian_continuous,500,1.0,null,0.0,31,pillai,False
non_gaussian_continuous,500,1.0,null,0.0,32,gcm,False
non_gaussian_continuous,500,1.0,null,0.0,32,pillai,False
non_gaussian_continuous,500,1.0,null,0.0,33,gcm,False
non_gaussian_continuous,500,1.0,null,0.0,33,pillai,False
non_gaussian_continuous,500,1.0,null,0.0,34,gcm,False
non_gaussian_continuous,500,1.0,null,0.0,34,pillai,False
non_gaussian_continuous,500,1.0,null,0.0,35,gcm,False
non_gaussian_continuous,500,1.0,null,0.0,35,pillai,False
non_gaussian_continuous,500,1.0,null,0.0,36,gcm,False
non_gaussian_continuous,500,1.0,null,0.0,36,pillai,False
non_gaussian_continuous,500,1.0,null,0.0,37,gcm,False
non_gaussian_continuous,500,1.0,null,0.0,37,pillai,True
non_gaussian_continuous,500,1.0,null,0.0,38,gcm,False
non_gaussian_continuous,500,1.0,null,0.0,38,pillai,False
non_gaussian_continuous,500,1.0,null,0.0,39,gcm,False
non_gaussian_continuous,500,1.0,null,0.0,39,pillai,True
non_gaussian_continuous,500,1.0,null,0.0,40,gcm,False
non_gaussian_continuous,500,1.0,null,0.0,40,pillai,False
non_gaussian_continuous,500,1.0,null,0.0,41,gcm,False
non_gaussian_continuous,500,1.0,null,0.0,41,pillai,False
non_gaussian_continuous,500,1.0,null,0.0,42,gcm,False
non_gaussian_continuous,500,1.0,null,0.0,42,pillai,False
non_gaussian_continuous,500,1.0,null,0.0,43,gcm,False
non_gaussian_continuous,500,1.0,null,0.0,43,pillai,False
non_gaussian_continuous,500,1.0,null,0.0,44,gcm,False
non_gaussian_continuous,500,1.0,null,0.0,44,pillai,False
non_gaussian_continuous,500,1.0,null,0.0,45,gcm,False
non_gaussian_continuous,500,1.0,null,0.0,45,pillai,False
non_gaussian_continuous,500,1.0,null,0.0,46,gcm,False
non_gaussian_continuous,500,1.0,null,0.0,46,pillai,False
non_gaussian_continuous,500,1.0,null,0.0,47,gcm,False
non_gaussian_continuous,500,1.0,null,0.0,47,pillai,False
non_gaussian_continuous,500,1.0,null,0.0,48,gcm,False
non_gaussian_continuous,500,1.0,null,0.0,48,pillai,False
non_gaussian_continuous,500,1.0,null,0.0,49,gcm,False
non_gaussian_continuous,500,1.0,null,0.0,49,pillai,False
non_gaussian_continuous,500,1.0,alt,1.0,0,gcm,True
non_gaussian_continuous,500,1.0,alt,1.0,0,pillai,False
non_gaussian_continuous,500,1.0,alt,1.0,1,gcm,True
non_gaussian_continuous,500,1.0,alt,1.0,1,pillai,False
non_gaussian_continuous,500,1.0,alt,1.0,2,gcm,True
non_gaussian_continuous,500,1.0,alt,1.0,2,pillai,False
non_gaussian_continuous,500,1.0,alt,1.0,3,gcm,True
non_gaussian_continuous,500,1.0,alt,1.0,3,pillai,False
non_gaussian_continuous,500,1.0,alt,1.0,4,gcm,True
non_gaussian_continuous,500,1.0,alt,1.0,4,pillai,False
non_gaussian_continuous,500,1.0,alt,1.0,5,gcm,True
non_gaussian_continuous,500,1.0,alt,1.0,5,pillai,False
non_gaussian_continuous,500,1.0,alt,1.0,6,gcm,True
non_gaussian_continuous,500,1.0,alt,1.0,6,pillai,False
non_gaussian_continuous,500,1.0,alt,1.0,7,gcm,True
non_gaussian_continuous,500,1.0,alt,1.0,7,pillai,False
non_gaussian_continuous,500,1.0,alt,1.0,8,gcm,True
non_gaussian_continuous,500,1.0,alt,1.0,8,pillai,False
non_gaussian_continuous,500,1.0,alt,1.0,9,gcm,True
non_gaussian_continuous,500,1.0,alt,1.0,9,pillai,False
non_gaussian_continuous,500,1.0,alt,1.0,10,gcm,True
non_gaussian_continuous,500,1.0,alt,1.0,10,pillai,False
non_gaussian_continuous,500,1.0,alt,1.0,11,gcm,True
non_gaussian_continuous,500,1.0,alt,1.0,11,pillai,False
non_gaussian_continuous,500,1.0,alt,1.0,12,gcm,True
non_gaussian_continuous,500,1.0,alt,1.0,12,pillai,False
non_gaussian_continuous,500,1.0,alt,1.0,13,gcm,True
non_gaussian_continuous,500,1.0,alt,1.0,13,pillai,True
non_gaussian_continuous,500,1.0,alt,1.0,14,gcm,True
non_gaussian_continuous,500,1.0,alt,1.0,14,pillai,False
non_gaussian_continuous,500,1.0,alt,1.0,15,gcm,True
non_gaussian_continuous,500,1.0,alt,1.0,15,pillai,False
non_gaussian_continuous,500,1.0,alt,1.0,16,gcm,True
non_gaussian_continuous,500,1.0,alt,1.0,16,pillai,False
non_gaussian_continuous,500,1.0,alt,1.0,17,gcm,True
non_gaussian_continuous,500,1.0,alt,1.0,17,pillai,False
non_gaussian_continuous,500,1.0,alt,1.0,18,gcm,True
non_gaussian_continuous,500,1.0,alt,1.0,18,pillai,False
non_gaussian_continuous,500,1.0,alt,1.0,19,gcm,True
non_gaussian_continuous,500,1.0,alt,1.0,19,pillai,False
non_gaussian_continuous,500,1.0,alt,1.0,20,gcm,True
non_gaussian_continuous,500,1.0,alt,1.0,20,pillai,False
non_gaussian_continuous,500,1.0,alt,1.0,21,gcm,True
non_gaussian_continuous,500,1.0,alt,1.0,21,pillai,False
non_gaussian_continuous,500,1.0,alt,1.0,22,gcm,True
non_gaussian_continuous,500,1.0,alt,1.0,22,pillai,False
non_gaussian_continuous,500,1.0,alt,1.0,23,gcm,True
non_gaussian_continuous,500,1.0,alt,1.0,23,pillai,False
non_gaussian_continuous,500,1.0,alt,1.0,24,gcm,True
non_gaussian_continuous,500,1.0,alt,1.0,24,pillai,False
non_gaussian_continuous,500,1.0,alt,1.0,25,gcm,True
non_gaussian_continuous,500,1.0,alt,1.0,25,pillai,False
non_gaussian_continuous,500,1.0,alt,1.0,26,gcm,True
non_gaussian_continuous,500,1.0,alt,1.0,26,pillai,False
non_gaussian_continuous,500,1.0,alt,1.0,27,gcm,True
non_gaussian_continuous,500,1.0,alt,1.0,27,pillai,False
non_gaussian_continuous,500,1.0,alt,1.0,28,gcm,True
non_gaussian_continuous,500,1.0,alt,1.0,28,pillai,False
non_gaussian_continuous,500,1.0,alt,1.0,29,gcm,True
non_gaussian_continuous,500,1.0,alt,1.0,29,pillai,False
non_gaussian_continuous,500,1.0,alt,1.0,30,gcm,True
non_gaussian_continuous,500,1.0,alt,1.0,30,pillai,True
non_gaussian_continuous,500,1.0,alt,1.0,31,gcm,True
non_gaussian_continuous,500,1.0,alt,1.0,31,pillai,False
non_gaussian_continuous,500,1.0,alt,1.0,32,gcm,True
non_gaussian_continuous,500,1.0,alt,1.0,32,pillai,False
non_gaussian_continuous,500,1.0,alt,1.0,33,gcm,True
non_gaussian_continuous,500,1.0,alt,1.0,33,pillai,False
non_gaussian_continuous,500,1.0,alt,1.0,34,gcm,True
non_gaussian_continuous,500,1.0,alt,1.0,34,pillai,False
non_gaussian_continuous,500,1.0,alt,1.0,35,gcm,True
non_gaussian_continuous,500,1.0,alt,1.0,35,pillai,False
non_gaussian_continuous,500,1.0,alt,1.0,36,gcm,True
non_gaussian_continuous,500,1.0,alt,1.0,36,pillai,False
non_gaussian_continuous,500,1.0,alt,1.0,37,gcm,True
non_gaussian_continuous,500,1.0,alt,1.0,37,pillai,True
non_gaussian_continuous,500,1.0,alt,1.0,38,gcm,True
non_gaussian_continuous,500,1.0,alt,1.0,38,pillai,False
non_gaussian_continuous,500,1.0,alt,1.0,39,gcm,True
non_gaussian_continuous,500,1.0,alt,1.0,39,pillai,True
non_gaussian_continuous,500,1.0,alt,1.0,40,gcm,True
non_gaussian_continuous,500,1.0,alt,1.0,40,pillai,False
non_gaussian_continuous,500,1.0,alt,1.0,41,gcm,True
non_gaussian_continuous,500,1.0,alt,1.0,41,pillai,False
non_gaussian_continuous,500,1.0,alt,1.0,42,gcm,True
non_gaussian_continuous,500,1.0,alt,1.0,42,pillai,False
non_gaussian_continuous,500,1.0,alt,1.0,43,gcm,True
non_gaussian_continuous,500,1.0,alt,1.0,43,pillai,False
non_gaussian_continuous,500,1.0,alt,1.0,44,gcm,True
non_gaussian_continuous,500,1.0,alt,1.0,44,pillai,False
non_gaussian_continuous,500,1.0,alt,1.0,45,gcm,True
non_gaussian_continuous,500,1.0,alt,1.0,45,pillai,False
non_gaussian_continuous,500,1.0,alt,1.0,46,gcm,True
non_gaussian_continuous,500,1.0,alt,1.0,46,pillai,False
non_gaussian_continuous,500,1.0,alt,1.0,47,gcm,True
non_gaussian_continuous,500,1.0,alt,1.0,47,pillai,False
non_gaussian_continuous,500,1.0,alt,1.0,48,gcm,True
non_gaussian_continuous,500,1.0,alt,1.0,48,pillai,False
non_gaussian_continuous,500,1.0,alt,1.0,49,gcm,True
non_gaussian_continuous,500,1.0,alt,1.0,49,pillai,False
non_gaussian_continuous,1000,0.5,null,0.0,0,gcm,False
non_gaussian_continuous,1000,0.5,null,0.0,0,pillai,True
non_gaussian_continuous,1000,0.5,null,0.0,1,gcm,False
non_gaussian_continuous,1000,0.5,null,0.0,1,pillai,False
non_gaussian_continuous,1000,0.5,null,0.0,2,gcm,False
non_gaussian_continuous,1000,0.5,null,0.0,2,pillai,False
non_gaussian_continuous,1000,0.5,null,0.0,3,gcm,False
non_gaussian_continuous,1000,0.5,null,0.0,3,pillai,False
non_gaussian_continuous,1000,0.5,null,0.0,4,gcm,False
non_gaussian_continuous,1000,0.5,null,0.0,4,pillai,False
non_gaussian_continuous,1000,0.5,null,0.0,5,gcm,False
non_gaussian_continuous,1000,0.5,null,0.0,5,pillai,False
non_gaussian_continuous,1000,0.5,null,0.0,6,gcm,False
non_gaussian_continuous,1000,0.5,null,0.0,6,pillai,False
non_gaussian_continuous,1000,0.5,null,0.0,7,gcm,False
non_gaussian_continuous,1000,0.5,null,0.0,7,pillai,False
non_gaussian_continuous,1000,0.5,null,0.0,8,gcm,False
non_gaussian_continuous,1000,0.5,null,0.0,8,pillai,False
non_gaussian_continuous,1000,0.5,null,0.0,9,gcm,False
non_gaussian_continuous,1000,0.5,null,0.0,9,pillai,False
non_gaussian_continuous,1000,0.5,null,0.0,10,gcm,False
non_gaussian_continuous,1000,0.5,null,0.0,10,pillai,False
non_gaussian_continuous,1000,0.5,null,0.0,11,gcm,False
non_gaussian_continuous,1000,0.5,null,0.0,11,pillai,False
non_gaussian_continuous,1000,0.5,null,0.0,12,gcm,False
non_gaussian_continuous,1000,0.5,null,0.0,12,pillai,False
non_gaussian_continuous,1000,0.5,null,0.0,13,gcm,False
non_gaussian_continuous,1000,0.5,null,0.0,13,pillai,False
non_gaussian_continuous,1000,0.5,null,0.0,14,gcm,False
non_gaussian_continuous,1000,0.5,null,0.0,14,pillai,False
non_gaussian_continuous,1000,0.5,null,0.0,15,gcm,False
non_gaussian_continuous,1000,0.5,null,0.0,15,pillai,False
non_gaussian_continuous,1000,0.5,null,0.0,16,gcm,False
non_gaussian_continuous,1000,0.5,null,0.0,16,pillai,False
non_gaussian_continuous,1000,0.5,null,0.0,17,gcm,False
non_gaussian_continuous,1000,0.5,null,0.0,17,pillai,False
non_gaussian_continuous,1000,0.5,null,0.0,18,gcm,False
non_gaussian_continuous,1000,0.5,null,0.0,18,pillai,False
non_gaussian_continuous,1000,0.5,null,0.0,19,gcm,False
non_gaussian_continuous,1000,0.5,null,0.0,19,pillai,False
non_gaussian_continuous,1000,0.5,null,0.0,20,gcm,False
non_gaussian_continuous,1000,0.5,null,0.0,20,pillai,False
non_gaussian_continuous,1000,0.5,null,0.0,21,gcm,False
non_gaussian_continuous,1000,0.5,null,0.0,21,pillai,False
non_gaussian_continuous,1000,0.5,null,0.0,22,gcm,False
non_gaussian_continuous,1000,0.5,null,0.0,22,pillai,False
non_gaussian_continuous,1000,0.5,null,0.0,23,gcm,False
non_gaussian_continuous,1000,0.5,null,0.0,23,pillai,False
non_gaussian_continuous,1000,0.5,null,0.0,24,gcm,False
non_gaussian_continuous,1000,0.5,null,0.0,24,pillai,False
non_gaussian_continuous,1000,0.5,null,0.0,25,gcm,False
non_gaussian_continuous,1000,0.5,null,0.0,25,pillai,True
non_gaussian_continuous,1000,0.5,null,0.0,26,gcm,False
non_gaussian_continuous,1000,0.5,null,0.0,26,pillai,True
non_gaussian_continuous,1000,0.5,null,0.0,27,gcm,False
non_gaussian_continuous,1000,0.5,null,0.0,27,pillai,False
non_gaussian_continuous,1000,0.5,null,0.0,28,gcm,False
non_gaussian_continuous,1000,0.5,null,0.0,28,pillai,False
non_gaussian_continuous,1000,0.5,null,0.0,29,gcm,False
non_gaussian_continuous,1000,0.5,null,0.0,29,pillai,False
non_gaussian_continuous,1000,0.5,null,0.0,30,gcm,False
non_gaussian_continuous,1000,0.5,null,0.0,30,pillai,False
non_gaussian_continuous,1000,0.5,null,0.0,31,gcm,False
non_gaussian_continuous,1000,0.5,null,0.0,31,pillai,False
non_gaussian_continuous,1000,0.5,null,0.0,32,gcm,False
non_gaussian_continuous,1000,0.5,null,0.0,32,pillai,False
non_gaussian_continuous,1000,0.5,null,0.0,33,gcm,False
non_gaussian_continuous,1000,0.5,null,0.0,33,pillai,False
non_gaussian_continuous,1000,0.5,null,0.0,34,gcm,False
non_gaussian_continuous,1000,0.5,null,0.0,34,pillai,False
non_gaussian_continuous,1000,0.5,null,0.0,35,gcm,True
non_gaussian_continuous,1000,0.5,null,0.0,35,pillai,True
non_gaussian_continuous,1000,0.5,null,0.0,36,gcm,False
non_gaussian_continuous,1000,0.5,null,0.0,36,pillai,False
non_gaussian_continuous,1000,0.5,null,0.0,37,gcm,False
non_gaussian_continuous,1000,0.5,null,0.0,37,pillai,False
non_gaussian_continuous,1000,0.5,null,0.0,38,gcm,False
non_gaussian_continuous,1000,0.5,null,0.0,38,pillai,False
non_gaussian_continuous,1000,0.5,null,0.0,39,gcm,False
non_gaussian_continuous,1000,0.5,null,0.0,39,pillai,False
non_gaussian_continuous,1000,0.5,null,0.0,40,gcm,False
non_gaussian_continuous,1000,0.5,null,0.0,40,pillai,False
non_gaussian_continuous,1000,0.5,null,0.0,41,gcm,True
non_gaussian_continuous,1000,0.5,null,0.0,41,pillai,True
non_gaussian_continuous,1000,0.5,null,0.0,42,gcm,False
non_gaussian_continuous,1000,0.5,null,0.0,42,pillai,False
non_gaussian_continuous,1000,0.5,null,0.0,43,gcm,False
non_gaussian_continuous,1000,0.5,null,0.0,43,pillai,False
non_gaussian_continuous,1000,0.5,null,0.0,44,gcm,False
non_gaussian_continuous,1000,0.5,null,0.0,44,pillai,False
non_gaussian_continuous,1000,0.5,null,0.0,45,gcm,False
non_gaussian_continuous,1000,0.5,null,0.0,45,pillai,False
non_gaussian_continuous,1000,0.5,null,0.0,46,gcm,False
non_gaussian_continuous,1000,0.5,null,0.0,46,pillai,False
non_gaussian_continuous,1000,0.5,null,0.0,47,gcm,False
non_gaussian_continuous,1000,0.5,null,0.0,47,pillai,False
non_gaussian_continuous,1000,0.5,null,0.0,48,gcm,False
non_gaussian_continuous,1000,0.5,null,0.0,48,pillai,False
non_gaussian_continuous,1000,0.5,null,0.0,49,gcm,False
non_gaussian_continuous,1000,0.5,null,0.0,49,pillai,False
non_gaussian_continuous,1000,0.5,alt,1.0,0,gcm,True
non_gaussian_continuous,1000,0.5,alt,1.0,0,pillai,True
non_gaussian_continuous,1000,0.5,alt,1.0,1,gcm,True
non_gaussian_continuous,1000,0.5,alt,1.0,1,pillai,False
non_gaussian_continuous,1000,0.5,alt,1.0,2,gcm,True
non_gaussian_continuous,1000,0.5,alt,1.0,2,pillai,False
non_gaussian_continuous,1000,0.5,alt,1.0,3,gcm,True
non_gaussian_continuous,1000,0.5,alt,1.0,3,pillai,False
non_gaussian_continuous,1000,0.5,alt,1.0,4,gcm,True
non_gaussian_continuous,1000,0.5,alt,1.0,4,pillai,False
non_gaussian_continuous,1000,0.5,alt,1.0,5,gcm,True
non_gaussian_continuous,1000,0.5,alt,1.0,5,pillai,False
non_gaussian_continuous,1000,0.5,alt,1.0,6,gcm,True
non_gaussian_continuous,1000,0.5,alt,1.0,6,pillai,False
non_gaussian_continuous,1000,0.5,alt,1.0,7,gcm,True
non_gaussian_continuous,1000,0.5,alt,1.0,7,pillai,False
non_gaussian_continuous,1000,0.5,alt,1.0,8,gcm,True
non_gaussian_continuous,1000,0.5,alt,1.0,8,pillai,False
non_gaussian_continuous,1000,0.5,alt,1.0,9,gcm,True
non_gaussian_continuous,1000,0.5,alt,1.0,9,pillai,False
non_gaussian_continuous,1000,0.5,alt,1.0,10,gcm,True
non_gaussian_continuous,1000,0.5,alt,1.0,10,pillai,False
non_gaussian_continuous,1000,0.5,alt,1.0,11,gcm,True
non_gaussian_continuous,1000,0.5,alt,1.0,11,pillai,False
non_gaussian_continuous,1000,0.5,alt,1.0,12,gcm,True
non_gaussian_continuous,1000,0.5,alt,1.0,12,pillai,False
non_gaussian_continuous,1000,0.5,alt,1.0,13,gcm,True
non_gaussian_continuous,1000,0.5,alt,1.0,13,pillai,False
non_gaussian_continuous,1000,0.5,alt,1.0,14,gcm,True
non_gaussian_continuous,1000,0.5,alt,1.0,14,pillai,False
non_gaussian_continuous,1000,0.5,alt,1.0,15,gcm,True
non_gaussian_continuous,1000,0.5,alt,1.0,15,pillai,False
non_gaussian_continuous,1000,0.5,alt,1.0,16,gcm,True
non_gaussian_continuous,1000,0.5,alt,1.0,16,pillai,False
non_gaussian_continuous,1000,0.5,alt,1.0,17,gcm,True
non_gaussian_continuous,1000,0.5,alt,1.0,17,pillai,False
non_gaussian_continuous,1000,0.5,alt,1.0,18,gcm,True
non_gaussian_continuous,1000,0.5,alt,1.0,18,pillai,False
non_gaussian_continuous,1000,0.5,alt,1.0,19,gcm,True
non_gaussian_continuous,1000,0.5,alt,1.0,19,pillai,False
non_gaussian_continuous,1000,0.5,alt,1.0,20,gcm,True
non_gaussian_continuous,1000,0.5,alt,1.0,20,pillai,False
non_gaussian_continuous,1000,0.5,alt,1.0,21,gcm,True
non_gaussian_continuous,1000,0.5,alt,1.0,21,pillai,False
non_gaussian_continuous,1000,0.5,alt,1.0,22,gcm,True
non_gaussian_continuous,1000,0.5,alt,1.0,22,pillai,False
non_gaussian_continuous,1000,0.5,alt,1.0,23,gcm,True
non_gaussian_continuous,1000,0.5,alt,1.0,23,pillai,False
non_gaussian_continuous,1000,0.5,alt,1.0,24,gcm,True
non_gaussian_continuous,1000,0.5,alt,1.0,24,pillai,False
non_gaussian_continuous,1000,0.5,alt,1.0,25,gcm,True
non_gaussian_continuous,1000,0.5,alt,1.0,25,pillai,True
non_gaussian_continuous,1000,0.5,alt,1.0,26,gcm,True
non_gaussian_continuous,1000,0.5,alt,1.0,26,pillai,True
non_gaussian_continuous,1000,0.5,alt,1.0,27,gcm,True
non_gaussian_continuous,1000,0.5,alt,1.0,27,pillai,False
non_gaussian_continuous,1000,0.5,alt,1.0,28,gcm,True
non_gaussian_continuous,1000,0.5,alt,1.0,28,pillai,False
non_gaussian_continuous,1000,0.5,alt,1.0,29,gcm,True
non_gaussian_continuous,1000,0.5,alt,1.0,29,pillai,False
non_gaussian_continuous,1000,0.5,alt,1.0,30,gcm,True
non_gaussian_continuous,1000,0.5,alt,1.0,30,pillai,False
non_gaussian_continuous,1000,0.5,alt,1.0,31,gcm,True
non_gaussian_continuous,1000,0.5,alt,1.0,31,pillai,False
non_gaussian_continuous,1000,0.5,alt,1.0,32,gcm,True
non_gaussian_continuous,1000,0.5,alt,1.0,32,pillai,False
non_gaussian_continuous,1000,0.5,alt,1.0,33,gcm,True
non_gaussian_continuous,1000,0.5,alt,1.0,33,pillai,False
non_gaussian_continuous,1000,0.5,alt,1.0,34,gcm,True
non_gaussian_continuous,1000,0.5,alt,1.0,34,pillai,False
non_gaussian_continuous,1000,0.5,alt,1.0,35,gcm,True
non_gaussian_continuous,1000,0.5,alt,1.0,35,pillai,True
non_gaussian_continuous,1000,0.5,alt,1.0,36,gcm,True
non_gaussian_continuous,1000,0.5,alt,1.0,36,pillai,False
non_gaussian_continuous,1000,0.5,alt,1.0,37,gcm,True
non_gaussian_continuous,1000,0.5,alt,1.0,37,pillai,False
non_gaussian_continuous,1000,0.5,alt,1.0,38,gcm,True
non_gaussian_continuous,1000,0.5,alt,1.0,38,pillai,False
non_gaussian_continuous,1000,0.5,alt,1.0,39,gcm,True
non_gaussian_continuous,1000,0.5,alt,1.0,39,pillai,False
non_gaussian_continuous,1000,0.5,alt,1.0,40,gcm,True
non_gaussian_continuous,1000,0.5,alt,1.0,40,pillai,False
non_gaussian_continuous,1000,0.5,alt,1.0,41,gcm,True
non_gaussian_continuous,1000,0.5,alt,1.0,41,pillai,True
non_gaussian_continuous,1000,0.5,alt,1.0,42,gcm,True
non_gaussian_continuous,1000,0.5,alt,1.0,42,pillai,False
non_gaussian_continuous,1000,0.5,alt,1.0,43,gcm,True
non_gaussian_continuous,1000,0.5,alt,1.0,43,pillai,False
non_gaussian_continuous,1000,0.5,alt,1.0,44,gcm,True
non_gaussian_continuous,1000,0.5,alt,1.0,44,pillai,False
non_gaussian_continuous,1000,0.5,alt,1.0,45,gcm,True
non_gaussian_continuous,1000,0.5,alt,1.0,45,pillai,False
non_gaussian_continuous,1000,0.5,alt,1.0,46,gcm,True
non_gaussian_continuous,1000,0.5,alt,1.0,46,pillai,False
non_gaussian_continuous,1000,0.5,alt,1.0,47,gcm,True
non_gaussian_continuous,1000,0.5,alt,1.0,47,pillai,False
non_gaussian_continuous,1000,0.5,alt,1.0,48,gcm,True
non_gaussian_continuous,1000,0.5,alt,1.0,48,pillai,False
non_gaussian_continuous,1000,0.5,alt,1.0,49,gcm,True
non_gaussian_continuous,1000,0.5,alt,1.0,49,pillai,False
non_gaussian_continuous,1000,1.0,null,0.0,0,gcm,False
non_gaussian_continuous,1000,1.0,null,0.0,0,pillai,True
non_gaussian_continuous,1000,1.0,null,0.0,1,gcm,False
non_gaussian_continuous,1000,1.0,null,0.0,1,pillai,False
non_gaussian_continuous,1000,1.0,null,0.0,2,gcm,False
non_gaussian_continuous,1000,1.0,null,0.0,2,pillai,False
non_gaussian_continuous,1000,1.0,null,0.0,3,gcm,False
non_gaussian_continuous,1000,1.0,null,0.0,3,pillai,False
non_gaussian_continuous,1000,1.0,null,0.0,4,gcm,False
non_gaussian_continuous,1000,1.0,null,0.0,4,pillai,False
non_gaussian_continuous,1000,1.0,null,0.0,5,gcm,False
non_gaussian_continuous,1000,1.0,null,0.0,5,pillai,False
non_gaussian_continuous,1000,1.0,null,0.0,6,gcm,False
non_gaussian_continuous,1000,1.0,null,0.0,6,pillai,False
non_gaussian_continuous,1000,1.0,null,0.0,7,gcm,False
non_gaussian_continuous,1000,1.0,null,0.0,7,pillai,False
non_gaussian_continuous,1000,1.0,null,0.0,8,gcm,False
non_gaussian_continuous,1000,1.0,null,0.0,8,pillai,False
non_gaussian_continuous,1000,1.0,null,0.0,9,gcm,False
non_gaussian_continuous,1000,1.0,null,0.0,9,pillai,False
non_gaussian_continuous,1000,1.0,null,0.0,10,gcm,False
non_gaussian_continuous,1000,1.0,null,0.0,10,pillai,False
non_gaussian_continuous,1000,1.0,null,0.0,11,gcm,False
non_gaussian_continuous,1000,1.0,null,0.0,11,pillai,False
non_gaussian_continuous,1000,1.0,null,0.0,12,gcm,False
non_gaussian_continuous,1000,1.0,null,0.0,12,pillai,False
non_gaussian_continuous,1000,1.0,null,0.0,13,gcm,False
non_gaussian_continuous,1000,1.0,null,0.0,13,pillai,False
non_gaussian_continuous,1000,1.0,null,0.0,14,gcm,False
non_gaussian_continuous,1000,1.0,null,0.0,14,pillai,False
non_gaussian_continuous,1000,1.0,null,0.0,15,gcm,False
non_gaussian_continuous,1000,1.0,null,0.0,15,pillai,False
non_gaussian_continuous,1000,1.0,null,0.0,16,gcm,False
non_gaussian_continuous,1000,1.0,null,0.0,16,pillai,False
non_gaussian_continuous,1000,1.0,null,0.0,17,gcm,False
non_gaussian_continuous,1000,1.0,null,0.0,17,pillai,False
non_gaussian_continuous,1000,1.0,null,0.0,18,gcm,False
non_gaussian_continuous,1000,1.0,null,0.0,18,pillai,False
non_gaussian_continuous,1000,1.0,null,0.0,19,gcm,False
non_gaussian_continuous,1000,1.0,null,0.0,19,pillai,False
non_gaussian_continuous,1000,1.0,null,0.0,20,gcm,False
non_gaussian_continuous,1000,1.0,null,0.0,20,pillai,False
non_gaussian_continuous,1000,1.0,null,0.0,21,gcm,False
non_gaussian_continuous,1000,1.0,null,0.0,21,pillai,False
non_gaussian_continuous,1000,1.0,null,0.0,22,gcm,False
non_gaussian_continuous,1000,1.0,null,0.0,22,pillai,False
non_gaussian_continuous,1000,1.0,null,0.0,23,gcm,False
non_gaussian_continuous,1000,1.0,null,0.0,23,pillai,False
non_gaussian_continuous,1000,1.0,null,0.0,24,gcm,False
non_gaussian_continuous,1000,1.0,null,0.0,24,pillai,False
non_gaussian_continuous,1000,1.0,null,0.0,25,gcm,False
non_gaussian_continuous,1000,1.0,null,0.0,25,pillai,True
non_gaussian_continuous,1000,1.0,null,0.0,26,gcm,False
non_gaussian_continuous,1000,1.0,null,0.0,26,pillai,True
non_gaussian_continuous,1000,1.0,null,0.0,27,gcm,False
non_gaussian_continuous,1000,1.0,null,0.0,27,pillai,False
non_gaussian_continuous,1000,1.0,null,0.0,28,gcm,False
non_gaussian_continuous,1000,1.0,null,0.0,28,pillai,False
non_gaussian_continuous,1000,1.0,null,0.0,29,gcm,False
non_gaussian_continuous,1000,1.0,null,0.0,29,pillai,False
non_gaussian_continuous,1000,1.0,null,0.0,30,gcm,False
non_gaussian_continuous,1000,1.0,null,0.0,30,pillai,False
non_gaussian_continuous,1000,1.0,null,0.0,31,gcm,False
non_gaussian_continuous,1000,1.0,null,0.0,31,pillai,False
non_gaussian_continuous,1000,1.0,null,0.0,32,gcm,False
non_gaussian_continuous,1000,1.0,null,0.0,32,pillai,False
non_gaussian_continuous,1000,1.0,null,0.0,33,gcm,False
non_gaussian_continuous,1000,1.0,null,0.0,33,pillai,False
non_gaussian_continuous,1000,1.0,null,0.0,34,gcm,False
non_gaussian_continuous,1000,1.0,null,0.0,34,pillai,False
non_gaussian_continuous,1000,1.0,null,0.0,35,gcm,True
non_gaussian_continuous,1000,1.0,null,0.0,35,pillai,True
non_gaussian_continuous,1000,1.0,null,0.0,36,gcm,False
non_gaussian_continuous,1000,1.0,null,0.0,36,pillai,False
non_gaussian_continuous,1000,1.0,null,0.0,37,gcm,False
non_gaussian_continuous,1000,1.0,null,0.0,37,pillai,False
non_gaussian_continuous,1000,1.0,null,0.0,38,gcm,False
non_gaussian_continuous,1000,1.0,null,0.0,38,pillai,False
non_gaussian_continuous,1000,1.0,null,0.0,39,gcm,False
non_gaussian_continuous,1000,1.0,null,0.0,39,pillai,False
non_gaussian_continuous,1000,1.0,null,0.0,40,gcm,False
non_gaussian_continuous,1000,1.0,null,0.0,40,pillai,False
non_gaussian_continuous,1000,1.0,null,0.0,41,gcm,True
non_gaussian_continuous,1000,1.0,null,0.0,41,pillai,True
non_gaussian_continuous,1000,1.0,null,0.0,42,gcm,False
non_gaussian_continuous,1000,1.0,null,0.0,42,pillai,False
non_gaussian_continuous,1000,1.0,null,0.0,43,gcm,False
non_gaussian_continuous,1000,1.0,null,0.0,43,pillai,False
non_gaussian_continuous,1000,1.0,null,0.0,44,gcm,False
non_gaussian_continuous,1000,1.0,null,0.0,44,pillai,False
non_gaussian_continuous,1000,1.0,null,0.0,45,gcm,False
non_gaussian_continuous,1000,1.0,null,0.0,45,pillai,False
non_gaussian_continuous,1000,1.0,null,0.0,46,gcm,False
non_gaussian_continuous,1000,1.0,null,0.0,46,pillai,False
non_gaussian_continuous,1000,1.0,null,0.0,47,gcm,False
non_gaussian_continuous,1000,1.0,null,0.0,47,pillai,False
non_gaussian_continuous,1000,1.0,null,0.0,48,gcm,False
non_gaussian_continuous,1000,1.0,null,0.0,48,pillai,False
non_gaussian_continuous,1000,1.0,null,0.0,49,gcm,False
non_gaussian_continuous,1000,1.0,null,0.0,49,pillai,False
non_gaussian_continuous,1000,1.0,alt,1.0,0,gcm,True
non_gaussian_continuous,1000,1.0,alt,1.0,0,pillai,True
non_gaussian_continuous,1000,1.0,alt,1.0,1,gcm,True
non_gaussian_continuous,1000,1.0,alt,1.0,1,pillai,False
non_gaussian_continuous,1000,1.0,alt,1.0,2,gcm,True
non_gaussian_continuous,1000,1.0,alt,1.0,2,pillai,False
non_gaussian_continuous,1000,1.0,alt,1.0,3,gcm,True
non_gaussian_continuous,1000,1.0,alt,1.0,3,pillai,False
non_gaussian_continuous,1000,1.0,alt,1.0,4,gcm,True
non_gaussian_continuous,1000,1.0,alt,1.0,4,pillai,False
non_gaussian_continuous,1000,1.0,alt,1.0,5,gcm,True
non_gaussian_continuous,1000,1.0,alt,1.0,5,pillai,False
non_gaussian_continuous,1000,1.0,alt,1.0,6,gcm,True
non_gaussian_continuous,1000,1.0,alt,1.0,6,pillai,False
non_gaussian_continuous,1000,1.0,alt,1.0,7,gcm,True
non_gaussian_continuous,1000,1.0,alt,1.0,7,pillai,False
non_gaussian_continuous,1000,1.0,alt,1.0,8,gcm,True
non_gaussian_continuous,1000,1.0,alt,1.0,8,pillai,False
non_gaussian_continuous,1000,1.0,alt,1.0,9,gcm,True
non_gaussian_continuous,1000,1.0,alt,1.0,9,pillai,False
non_gaussian_continuous,1000,1.0,alt,1.0,10,gcm,True
non_gaussian_continuous,1000,1.0,alt,1.0,10,pillai,False
non_gaussian_continuous,1000,1.0,alt,1.0,11,gcm,True
non_gaussian_continuous,1000,1.0,alt,1.0,11,pillai,False
non_gaussian_continuous,1000,1.0,alt,1.0,12,gcm,True
non_gaussian_continuous,1000,1.0,alt,1.0,12,pillai,False
non_gaussian_continuous,1000,1.0,alt,1.0,13,gcm,True
non_gaussian_continuous,1000,1.0,alt,1.0,13,pillai,False
non_gaussian_continuous,1000,1.0,alt,1.0,14,gcm,True
non_gaussian_continuous,1000,1.0,alt,1.0,14,pillai,False
non_gaussian_continuous,1000,1.0,alt,1.0,15,gcm,True
non_gaussian_continuous,1000,1.0,alt,1.0,15,pillai,False
non_gaussian_continuous,1000,1.0,alt,1.0,16,gcm,True
non_gaussian_continuous,1000,1.0,alt,1.0,16,pillai,False
non_gaussian_continuous,1000,1.0,alt,1.0,17,gcm,True
non_gaussian_continuous,1000,1.0,alt,1.0,17,pillai,False
non_gaussian_continuous,1000,1.0,alt,1.0,18,gcm,True
non_gaussian_continuous,1000,1.0,alt,1.0,18,pillai,False
non_gaussian_continuous,1000,1.0,alt,1.0,19,gcm,True
non_gaussian_continuous,1000,1.0,alt,1.0,19,pillai,False
non_gaussian_continuous,1000,1.0,alt,1.0,20,gcm,True
non_gaussian_continuous,1000,1.0,alt,1.0,20,pillai,False
non_gaussian_continuous,1000,1.0,alt,1.0,21,gcm,True
non_gaussian_continuous,1000,1.0,alt,1.0,21,pillai,False
non_gaussian_continuous,1000,1.0,alt,1.0,22,gcm,True
non_gaussian_continuous,1000,1.0,alt,1.0,22,pillai,False
non_gaussian_continuous,1000,1.0,alt,1.0,23,gcm,True
non_gaussian_continuous,1000,1.0,alt,1.0,23,pillai,False
non_gaussian_continuous,1000,1.0,alt,1.0,24,gcm,True
non_gaussian_continuous,1000,1.0,alt,1.0,24,pillai,False
non_gaussian_continuous,1000,1.0,alt,1.0,25,gcm,True
non_gaussian_continuous,1000,1.0,alt,1.0,25,pillai,True
non_gaussian_continuous,1000,1.0,alt,1.0,26,gcm,True
non_gaussian_continuous,1000,1.0,alt,1.0,26,pillai,True
non_gaussian_continuous,1000,1.0,alt,1.0,27,gcm,True
non_gaussian_continuous,1000,1.0,alt,1.0,27,pillai,False
non_gaussian_continuous,1000,1.0,alt,1.0,28,gcm,True
non_gaussian_continuous,1000,1.0,alt,1.0,28,pillai,False
non_gaussian_continuous,1000,1.0,alt,1.0,29,gcm,True
non_gaussian_continuous,1000,1.0,alt,1.0,29,pillai,False
non_gaussian_continuous,1000,1.0,alt,1.0,30,gcm,True
non_gaussian_continuous,1000,1.0,alt,1.0,30,pillai,False
non_gaussian_continuous,1000,1.0,alt,1.0,31,gcm,True
non_gaussian_continuous,1000,1.0,alt,1.0,31,pillai,False
non_gaussian_continuous,1000,1.0,alt,1.0,32,gcm,True
non_gaussian_continuous,1000,1.0,alt,1.0,32,pillai,False
non_gaussian_continuous,1000,1.0,alt,1.0,33,gcm,True
non_gaussian_continuous,1000,1.0,alt,1.0,33,pillai,False
non_gaussian_continuous,1000,1.0,alt,1.0,34,gcm,True
non_gaussian_continuous,1000,1.0,alt,1.0,34,pillai,False
non_gaussian_continuous,1000,1.0,alt,1.0,35,gcm,True
non_gaussian_continuous,1000,1.0,alt,1.0,35,pillai,True
non_gaussian_continuous,1000,1.0,alt,1.0,36,gcm,True
non_gaussian_continuous,1000,1.0,alt,1.0,36,pillai,False
non_gaussian_continuous,1000,1.0,alt,1.0,37,gcm,True
non_gaussian_continuous,1000,1.0,alt,1.0,37,pillai,False
non_gaussian_continuous,1000,1.0,alt,1.0,38,gcm,True
non_gaussian_continuous,1000,1.0,alt,1.0,38,pillai,False
non_gaussian_continuous,1000,1.0,alt,1.0,39,gcm,True
non_gaussian_continuous,1000,1.0,alt,1.0,39,pillai,False
non_gaussian_continuous,1000,1.0,alt,1.0,40,gcm,True
non_gaussian_continuous,1000,1.0,alt,1.0,40,pillai,False
non_gaussian_continuous,1000,1.0,alt,1.0,41,gcm,True
non_gaussian_continuous,1000,1.0,alt,1.0,41,pillai,True
non_gaussian_continuous,1000,1.0,alt,1.0,42,gcm,True
non_gaussian_continuous,1000,1.0,alt,1.0,42,pillai,False
non_gaussian_continuous,1000,1.0,alt,1.0,43,gcm,True
non_gaussian_continuous,1000,1.0,alt,1.0,43,pillai,False
non_gaussian_continuous,1000,1.0,alt,1.0,44,gcm,True
non_gaussian_continuous,1000,1.0,alt,1.0,44,pillai,False
non_gaussian_continuous,1000,1.0,alt,1.0,45,gcm,True
non_gaussian_continuous,1000,1.0,alt,1.0,45,pillai,False
non_gaussian_continuous,1000,1.0,alt,1.0,46,gcm,True
non_gaussian_continuous,1000,1.0,alt,1.0,46,pillai,False
non_gaussian_continuous,1000,1.0,alt,1.0,47,gcm,True
non_gaussian_continuous,1000,1.0,alt,1.0,47,pillai,False
non_gaussian_continuous,1000,1.0,alt,1.0,48,gcm,True
non_gaussian_continuous,1000,1.0,alt,1.0,48,pillai,False
non_gaussian_continuous,1000,1.0,alt,1.0,49,gcm,True
non_gaussian_continuous,1000,1.0,alt,1.0,49,pillai,False
discrete_categorical,100,0.5,null,0.0,0,chi_square,
discrete_categorical,100,0.5,null,0.0,0,log_likelihood,
discrete_categorical,100,0.5,null,0.0,0,modified_log_likelihood,
discrete_categorical,100,0.5,null,0.0,0,pillai,True
discrete_categorical,100,0.5,null,0.0,1,chi_square,
discrete_categorical,100,0.5,null,0.0,1,log_likelihood,
discrete_categorical,100,0.5,null,0.0,1,modified_log_likelihood,
discrete_categorical,100,0.5,null,0.0,1,pillai,False
discrete_categorical,100,0.5,null,0.0,2,chi_square,
discrete_categorical,100,0.5,null,0.0,2,log_likelihood,
discrete_categorical,100,0.5,null,0.0,2,modified_log_likelihood,
discrete_categorical,100,0.5,null,0.0,2,pillai,False
discrete_categorical,100,0.5,null,0.0,3,chi_square,
discrete_categorical,100,0.5,null,0.0,3,log_likelihood,
discrete_categorical,100,0.5,null,0.0,3,modified_log_likelihood,
discrete_categorical,100,0.5,null,0.0,3,pillai,False
discrete_categorical,100,0.5,null,0.0,4,chi_square,
discrete_categorical,100,0.5,null,0.0,4,log_likelihood,
discrete_categorical,100,0.5,null,0.0,4,modified_log_likelihood,
discrete_categorical,100,0.5,null,0.0,4,pillai,False
discrete_categorical,100,0.5,null,0.0,5,chi_square,
discrete_categorical,100,0.5,null,0.0,5,log_likelihood,
discrete_categorical,100,0.5,null,0.0,5,modified_log_likelihood,
discrete_categorical,100,0.5,null,0.0,5,pillai,False
discrete_categorical,100,0.5,null,0.0,6,chi_square,
discrete_categorical,100,0.5,null,0.0,6,log_likelihood,
discrete_categorical,100,0.5,null,0.0,6,modified_log_likelihood,
discrete_categorical,100,0.5,null,0.0,6,pillai,False
discrete_categorical,100,0.5,null,0.0,7,chi_square,
discrete_categorical,100,0.5,null,0.0,7,log_likelihood,
discrete_categorical,100,0.5,null,0.0,7,modified_log_likelihood,
discrete_categorical,100,0.5,null,0.0,7,pillai,False
discrete_categorical,100,0.5,null,0.0,8,chi_square,
discrete_categorical,100,0.5,null,0.0,8,log_likelihood,
discrete_categorical,100,0.5,null,0.0,8,modified_log_likelihood,
discrete_categorical,100,0.5,null,0.0,8,pillai,False
discrete_categorical,100,0.5,null,0.0,9,chi_square,
discrete_categorical,100,0.5,null,0.0,9,log_likelihood,
discrete_categorical,100,0.5,null,0.0,9,modified_log_likelihood,
discrete_categorical,100,0.5,null,0.0,9,pillai,False
discrete_categorical,100,0.5,null,0.0,10,chi_square,
discrete_categorical,100,0.5,null,0.0,10,log_likelihood,
discrete_categorical,100,0.5,null,0.0,10,modified_log_likelihood,
discrete_categorical,100,0.5,null,0.0,10,pillai,False
discrete_categorical,100,0.5,null,0.0,11,chi_square,
discrete_categorical,100,0.5,null,0.0,11,log_likelihood,
discrete_categorical,100,0.5,null,0.0,11,modified_log_likelihood,
discrete_categorical,100,0.5,null,0.0,11,pillai,True
discrete_categorical,100,0.5,null,0.0,12,chi_square,
discrete_categorical,100,0.5,null,0.0,12,log_likelihood,
discrete_categorical,100,0.5,null,0.0,12,modified_log_likelihood,
discrete_categorical,100,0.5,null,0.0,12,pillai,False
discrete_categorical,100,0.5,null,0.0,13,chi_square,
discrete_categorical,100,0.5,null,0.0,13,log_likelihood,
discrete_categorical,100,0.5,null,0.0,13,modified_log_likelihood,
discrete_categorical,100,0.5,null,0.0,13,pillai,False
discrete_categorical,100,0.5,null,0.0,14,chi_square,
discrete_categorical,100,0.5,null,0.0,14,log_likelihood,
discrete_categorical,100,0.5,null,0.0,14,modified_log_likelihood,
discrete_categorical,100,0.5,null,0.0,14,pillai,True
discrete_categorical,100,0.5,null,0.0,15,chi_square,
discrete_categorical,100,0.5,null,0.0,15,log_likelihood,
discrete_categorical,100,0.5,null,0.0,15,modified_log_likelihood,
discrete_categorical,100,0.5,null,0.0,15,pillai,False
discrete_categorical,100,0.5,null,0.0,16,chi_square,
discrete_categorical,100,0.5,null,0.0,16,log_likelihood,
discrete_categorical,100,0.5,null,0.0,16,modified_log_likelihood,
discrete_categorical,100,0.5,null,0.0,16,pillai,False
discrete_categorical,100,0.5,null,0.0,17,chi_square,
discrete_categorical,100,0.5,null,0.0,17,log_likelihood,
discrete_categorical,100,0.5,null,0.0,17,modified_log_likelihood,
discrete_categorical,100,0.5,null,0.0,17,pillai,True
discrete_categorical,100,0.5,null,0.0,18,chi_square,
discrete_categorical,100,0.5,null,0.0,18,log_likelihood,
discrete_categorical,100,0.5,null,0.0,18,modified_log_likelihood,
discrete_categorical,100,0.5,null,0.0,18,pillai,False
discrete_categorical,100,0.5,null,0.0,19,chi_square,
discrete_categorical,100,0.5,null,0.0,19,log_likelihood,
discrete_categorical,100,0.5,null,0.0,19,modified_log_likelihood,
discrete_categorical,100,0.5,null,0.0,19,pillai,False
discrete_categorical,100,0.5,null,0.0,20,chi_square,
discrete_categorical,100,0.5,null,0.0,20,log_likelihood,
discrete_categorical,100,0.5,null,0.0,20,modified_log_likelihood,
discrete_categorical,100,0.5,null,0.0,20,pillai,False
discrete_categorical,100,0.5,null,0.0,21,chi_square,
discrete_categorical,100,0.5,null,0.0,21,log_likelihood,
discrete_categorical,100,0.5,null,0.0,21,modified_log_likelihood,
discrete_categorical,100,0.5,null,0.0,21,pillai,False
discrete_categorical,100,0.5,null,0.0,22,chi_square,
discrete_categorical,100,0.5,null,0.0,22,log_likelihood,
discrete_categorical,100,0.5,null,0.0,22,modified_log_likelihood,
discrete_categorical,100,0.5,null,0.0,22,pillai,False
discrete_categorical,100,0.5,null,0.0,23,chi_square,
discrete_categorical,100,0.5,null,0.0,23,log_likelihood,
discrete_categorical,100,0.5,null,0.0,23,modified_log_likelihood,
discrete_categorical,100,0.5,null,0.0,23,pillai,False
discrete_categorical,100,0.5,null,0.0,24,chi_square,
discrete_categorical,100,0.5,null,0.0,24,log_likelihood,
discrete_categorical,100,0.5,null,0.0,24,modified_log_likelihood,
discrete_categorical,100,0.5,null,0.0,24,pillai,False
discrete_categorical,100,0.5,null,0.0,25,chi_square,
discrete_categorical,100,0.5,null,0.0,25,log_likelihood,
discrete_categorical,100,0.5,null,0.0,25,modified_log_likelihood,
discrete_categorical,100,0.5,null,0.0,25,pillai,False
discrete_categorical,100,0.5,null,0.0,26,chi_square,
discrete_categorical,100,0.5,null,0.0,26,log_likelihood,
discrete_categorical,100,0.5,null,0.0,26,modified_log_likelihood,
discrete_categorical,100,0.5,null,0.0,26,pillai,False
discrete_categorical,100,0.5,null,0.0,27,chi_square,
discrete_categorical,100,0.5,null,0.0,27,log_likelihood,
discrete_categorical,100,0.5,null,0.0,27,modified_log_likelihood,
discrete_categorical,100,0.5,null,0.0,27,pillai,False
discrete_categorical,100,0.5,null,0.0,28,chi_square,
discrete_categorical,100,0.5,null,0.0,28,log_likelihood,
discrete_categorical,100,0.5,null,0.0,28,modified_log_likelihood,
discrete_categorical,100,0.5,null,0.0,28,pillai,False
discrete_categorical,100,0.5,null,0.0,29,chi_square,
discrete_categorical,100,0.5,null,0.0,29,log_likelihood,
discrete_categorical,100,0.5,null,0.0,29,modified_log_likelihood,
discrete_categorical,100,0.5,null,0.0,29,pillai,False
discrete_categorical,100,0.5,null,0.0,30,chi_square,
discrete_categorical,100,0.5,null,0.0,30,log_likelihood,
discrete_categorical,100,0.5,null,0.0,30,modified_log_likelihood,
discrete_categorical,100,0.5,null,0.0,30,pillai,False
discrete_categorical,100,0.5,null,0.0,31,chi_square,
discrete_categorical,100,0.5,null,0.0,31,log_likelihood,
discrete_categorical,100,0.5,null,0.0,31,modified_log_likelihood,
discrete_categorical,100,0.5,null,0.0,31,pillai,False
discrete_categorical,100,0.5,null,0.0,32,chi_square,
discrete_categorical,100,0.5,null,0.0,32,log_likelihood,
discrete_categorical,100,0.5,null,0.0,32,modified_log_likelihood,
discrete_categorical,100,0.5,null,0.0,32,pillai,False
discrete_categorical,100,0.5,null,0.0,33,chi_square,
discrete_categorical,100,0.5,null,0.0,33,log_likelihood,
discrete_categorical,100,0.5,null,0.0,33,modified_log_likelihood,
discrete_categorical,100,0.5,null,0.0,33,pillai,False
discrete_categorical,100,0.5,null,0.0,34,chi_square,
discrete_categorical,100,0.5,null,0.0,34,log_likelihood,
discrete_categorical,100,0.5,null,0.0,34,modified_log_likelihood,
discrete_categorical,100,0.5,null,0.0,34,pillai,True
discrete_categorical,100,0.5,null,0.0,35,chi_square,
discrete_categorical,100,0.5,null,0.0,35,log_likelihood,
discrete_categorical,100,0.5,null,0.0,35,modified_log_likelihood,
discrete_categorical,100,0.5,null,0.0,35,pillai,False
discrete_categorical,100,0.5,null,0.0,36,chi_square,
discrete_categorical,100,0.5,null,0.0,36,log_likelihood,
discrete_categorical,100,0.5,null,0.0,36,modified_log_likelihood,
discrete_categorical,100,0.5,null,0.0,36,pillai,False
discrete_categorical,100,0.5,null,0.0,37,chi_square,
discrete_categorical,100,0.5,null,0.0,37,log_likelihood,
discrete_categorical,100,0.5,null,0.0,37,modified_log_likelihood,
discrete_categorical,100,0.5,null,0.0,37,pillai,False
discrete_categorical,100,0.5,null,0.0,38,chi_square,
discrete_categorical,100,0.5,null,0.0,38,log_likelihood,
discrete_categorical,100,0.5,null,0.0,38,modified_log_likelihood,
discrete_categorical,100,0.5,null,0.0,38,pillai,False
discrete_categorical,100,0.5,null,0.0,39,chi_square,
discrete_categorical,100,0.5,null,0.0,39,log_likelihood,
discrete_categorical,100,0.5,null,0.0,39,modified_log_likelihood,
discrete_categorical,100,0.5,null,0.0,39,pillai,False
discrete_categorical,100,0.5,null,0.0,40,chi_square,
discrete_categorical,100,0.5,null,0.0,40,log_likelihood,
discrete_categorical,100,0.5,null,0.0,40,modified_log_likelihood,
discrete_categorical,100,0.5,null,0.0,40,pillai,False
discrete_categorical,100,0.5,null,0.0,41,chi_square,
discrete_categorical,100,0.5,null,0.0,41,log_likelihood,
discrete_categorical,100,0.5,null,0.0,41,modified_log_likelihood,
discrete_categorical,100,0.5,null,0.0,41,pillai,False
discrete_categorical,100,0.5,null,0.0,42,chi_square,
discrete_categorical,100,0.5,null,0.0,42,log_likelihood,
discrete_categorical,100,0.5,null,0.0,42,modified_log_likelihood,
discrete_categorical,100,0.5,null,0.0,42,pillai,False
discrete_categorical,100,0.5,null,0.0,43,chi_square,
discrete_categorical,100,0.5,null,0.0,43,log_likelihood,
discrete_categorical,100,0.5,null,0.0,43,modified_log_likelihood,
discrete_categorical,100,0.5,null,0.0,43,pillai,True
discrete_categorical,100,0.5,null,0.0,44,chi_square,
discrete_categorical,100,0.5,null,0.0,44,log_likelihood,
discrete_categorical,100,0.5,null,0.0,44,modified_log_likelihood,
discrete_categorical,100,0.5,null,0.0,44,pillai,False
discrete_categorical,100,0.5,null,0.0,45,chi_square,
discrete_categorical,100,0.5,null,0.0,45,log_likelihood,
discrete_categorical,100,0.5,null,0.0,45,modified_log_likelihood,
discrete_categorical,100,0.5,null,0.0,45,pillai,False
discrete_categorical,100,0.5,null,0.0,46,chi_square,
discrete_categorical,100,0.5,null,0.0,46,log_likelihood,
discrete_categorical,100,0.5,null,0.0,46,modified_log_likelihood,
discrete_categorical,100,0.5,null,0.0,46,pillai,False
discrete_categorical,100,0.5,null,0.0,47,chi_square,
discrete_categorical,100,0.5,null,0.0,47,log_likelihood,
discrete_categorical,100,0.5,null,0.0,47,modified_log_likelihood,
discrete_categorical,100,0.5,null,0.0,47,pillai,False
discrete_categorical,100,0.5,null,0.0,48,chi_square,
discrete_categorical,100,0.5,null,0.0,48,log_likelihood,
discrete_categorical,100,0.5,null,0.0,48,modified_log_likelihood,
discrete_categorical,100,0.5,null,0.0,48,pillai,False
discrete_categorical,100,0.5,null,0.0,49,chi_square,
discrete_categorical,100,0.5,null,0.0,49,log_likelihood,
discrete_categorical,100,0.5,null,0.0,49,modified_log_likelihood,
discrete_categorical,100,0.5,null,0.0,49,pillai,False
discrete_categorical,100,0.5,alt,1.0,0,chi_square,
discrete_categorical,100,0.5,alt,1.0,0,log_likelihood,
discrete_categorical,100,0.5,alt,1.0,0,modified_log_likelihood,
discrete_categorical,100,0.5,alt,1.0,0,pillai,True
discrete_categorical,100,0.5,alt,1.0,1,chi_square,
discrete_categorical,100,0.5,alt,1.0,1,log_likelihood,
discrete_categorical,100,0.5,alt,1.0,1,modified_log_likelihood,
discrete_categorical,100,0.5,alt,1.0,1,pillai,False
discrete_categorical,100,0.5,alt,1.0,2,chi_square,
discrete_categorical,100,0.5,alt,1.0,2,log_likelihood,
discrete_categorical,100,0.5,alt,1.0,2,modified_log_likelihood,
discrete_categorical,100,0.5,alt,1.0,2,pillai,False
discrete_categorical,100,0.5,alt,1.0,3,chi_square,
discrete_categorical,100,0.5,alt,1.0,3,log_likelihood,
discrete_categorical,100,0.5,alt,1.0,3,modified_log_likelihood,
discrete_categorical,100,0.5,alt,1.0,3,pillai,False
discrete_categorical,100,0.5,alt,1.0,4,chi_square,
discrete_categorical,100,0.5,alt,1.0,4,log_likelihood,
discrete_categorical,100,0.5,alt,1.0,4,modified_log_likelihood,
discrete_categorical,100,0.5,alt,1.0,4,pillai,False
discrete_categorical,100,0.5,alt,1.0,5,chi_square,
discrete_categorical,100,0.5,alt,1.0,5,log_likelihood,
discrete_categorical,100,0.5,alt,1.0,5,modified_log_likelihood,
discrete_categorical,100,0.5,alt,1.0,5,pillai,False
discrete_categorical,100,0.5,alt,1.0,6,chi_square,
discrete_categorical,100,0.5,alt,1.0,6,log_likelihood,
discrete_categorical,100,0.5,alt,1.0,6,modified_log_likelihood,
discrete_categorical,100,0.5,alt,1.0,6,pillai,False
discrete_categorical,100,0.5,alt,1.0,7,chi_square,
discrete_categorical,100,0.5,alt,1.0,7,log_likelihood,
discrete_categorical,100,0.5,alt,1.0,7,modified_log_likelihood,
discrete_categorical,100,0.5,alt,1.0,7,pillai,False
discrete_categorical,100,0.5,alt,1.0,8,chi_square,
discrete_categorical,100,0.5,alt,1.0,8,log_likelihood,
discrete_categorical,100,0.5,alt,1.0,8,modified_log_likelihood,
discrete_categorical,100,0.5,alt,1.0,8,pillai,False
discrete_categorical,100,0.5,alt,1.0,9,chi_square,
discrete_categorical,100,0.5,alt,1.0,9,log_likelihood,
discrete_categorical,100,0.5,alt,1.0,9,modified_log_likelihood,
discrete_categorical,100,0.5,alt,1.0,9,pillai,False
discrete_categorical,100,0.5,alt,1.0,10,chi_square,
discrete_categorical,100,0.5,alt,1.0,10,log_likelihood,
discrete_categorical,100,0.5,alt,1.0,10,modified_log_likelihood,
discrete_categorical,100,0.5,alt,1.0,10,pillai,False
discrete_categorical,100,0.5,alt,1.0,11,chi_square,
discrete_categorical,100,0.5,alt,1.0,11,log_likelihood,
discrete_categorical,100,0.5,alt,1.0,11,modified_log_likelihood,
discrete_categorical,100,0.5,alt,1.0,11,pillai,True
discrete_categorical,100,0.5,alt,1.0,12,chi_square,
discrete_categorical,100,0.5,alt,1.0,12,log_likelihood,
discrete_categorical,100,0.5,alt,1.0,12,modified_log_likelihood,
discrete_categorical,100,0.5,alt,1.0,12,pillai,False
discrete_categorical,100,0.5,alt,1.0,13,chi_square,
discrete_categorical,100,0.5,alt,1.0,13,log_likelihood,
discrete_categorical,100,0.5,alt,1.0,13,modified_log_likelihood,
discrete_categorical,100,0.5,alt,1.0,13,pillai,False
discrete_categorical,100,0.5,alt,1.0,14,chi_square,
discrete_categorical,100,0.5,alt,1.0,14,log_likelihood,
discrete_categorical,100,0.5,alt,1.0,14,modified_log_likelihood,
discrete_categorical,100,0.5,alt,1.0,14,pillai,True
discrete_categorical,100,0.5,alt,1.0,15,chi_square,
discrete_categorical,100,0.5,alt,1.0,15,log_likelihood,
discrete_categorical,100,0.5,alt,1.0,15,modified_log_likelihood,
discrete_categorical,100,0.5,alt,1.0,15,pillai,False
discrete_categorical,100,0.5,alt,1.0,16,chi_square,
discrete_categorical,100,0.5,alt,1.0,16,log_likelihood,
discrete_categorical,100,0.5,alt,1.0,16,modified_log_likelihood,
discrete_categorical,100,0.5,alt,1.0,16,pillai,False
discrete_categorical,100,0.5,alt,1.0,17,chi_square,
discrete_categorical,100,0.5,alt,1.0,17,log_likelihood,
discrete_categorical,100,0.5,alt,1.0,17,modified_log_likelihood,
discrete_categorical,100,0.5,alt,1.0,17,pillai,True
discrete_categorical,100,0.5,alt,1.0,18,chi_square,
discrete_categorical,100,0.5,alt,1.0,18,log_likelihood,
discrete_categorical,100,0.5,alt,1.0,18,modified_log_likelihood,
discrete_categorical,100,0.5,alt,1.0,18,pillai,False
discrete_categorical,100,0.5,alt,1.0,19,chi_square,
discrete_categorical,100,0.5,alt,1.0,19,log_likelihood,
discrete_categorical,100,0.5,alt,1.0,19,modified_log_likelihood,
discrete_categorical,100,0.5,alt,1.0,19,pillai,False
discrete_categorical,100,0.5,alt,1.0,20,chi_square,
discrete_categorical,100,0.5,alt,1.0,20,log_likelihood,
discrete_categorical,100,0.5,alt,1.0,20,modified_log_likelihood,
discrete_categorical,100,0.5,alt,1.0,20,pillai,False
discrete_categorical,100,0.5,alt,1.0,21,chi_square,
discrete_categorical,100,0.5,alt,1.0,21,log_likelihood,
discrete_categorical,100,0.5,alt,1.0,21,modified_log_likelihood,
discrete_categorical,100,0.5,alt,1.0,21,pillai,False
discrete_categorical,100,0.5,alt,1.0,22,chi_square,
discrete_categorical,100,0.5,alt,1.0,22,log_likelihood,
discrete_categorical,100,0.5,alt,1.0,22,modified_log_likelihood,
discrete_categorical,100,0.5,alt,1.0,22,pillai,False
discrete_categorical,100,0.5,alt,1.0,23,chi_square,
discrete_categorical,100,0.5,alt,1.0,23,log_likelihood,
discrete_categorical,100,0.5,alt,1.0,23,modified_log_likelihood,
discrete_categorical,100,0.5,alt,1.0,23,pillai,False
discrete_categorical,100,0.5,alt,1.0,24,chi_square,
discrete_categorical,100,0.5,alt,1.0,24,log_likelihood,
discrete_categorical,100,0.5,alt,1.0,24,modified_log_likelihood,
discrete_categorical,100,0.5,alt,1.0,24,pillai,False
discrete_categorical,100,0.5,alt,1.0,25,chi_square,
discrete_categorical,100,0.5,alt,1.0,25,log_likelihood,
discrete_categorical,100,0.5,alt,1.0,25,modified_log_likelihood,
discrete_categorical,100,0.5,alt,1.0,25,pillai,False
discrete_categorical,100,0.5,alt,1.0,26,chi_square,
discrete_categorical,100,0.5,alt,1.0,26,log_likelihood,
discrete_categorical,100,0.5,alt,1.0,26,modified_log_likelihood,
discrete_categorical,100,0.5,alt,1.0,26,pillai,False
discrete_categorical,100,0.5,alt,1.0,27,chi_square,
discrete_categorical,100,0.5,alt,1.0,27,log_likelihood,
discrete_categorical,100,0.5,alt,1.0,27,modified_log_likelihood,
discrete_categorical,100,0.5,alt,1.0,27,pillai,False
discrete_categorical,100,0.5,alt,1.0,28,chi_square,
discrete_categorical,100,0.5,alt,1.0,28,log_likelihood,
discrete_categorical,100,0.5,alt,1.0,28,modified_log_likelihood,
discrete_categorical,100,0.5,alt,1.0,28,pillai,False
discrete_categorical,100,0.5,alt,1.0,29,chi_square,
discrete_categorical,100,0.5,alt,1.0,29,log_likelihood,
discrete_categorical,100,0.5,alt,1.0,29,modified_log_likelihood,
discrete_categorical,100,0.5,alt,1.0,29,pillai,False
discrete_categorical,100,0.5,alt,1.0,30,chi_square,
discrete_categorical,100,0.5,alt,1.0,30,log_likelihood,
discrete_categorical,100,0.5,alt,1.0,30,modified_log_likelihood,
discrete_categorical,100,0.5,alt,1.0,30,pillai,False
discrete_categorical,100,0.5,alt,1.0,31,chi_square,
discrete_categorical,100,0.5,alt,1.0,31,log_likelihood,
discrete_categorical,100,0.5,alt,1.0,31,modified_log_likelihood,
discrete_categorical,100,0.5,alt,1.0,31,pillai,False
discrete_categorical,100,0.5,alt,1.0,32,chi_square,
discrete_categorical,100,0.5,alt,1.0,32,log_likelihood,
discrete_categorical,100,0.5,alt,1.0,32,modified_log_likelihood,
discrete_categorical,100,0.5,alt,1.0,32,pillai,False
discrete_categorical,100,0.5,alt,1.0,33,chi_square,
discrete_categorical,100,0.5,alt,1.0,33,log_likelihood,
discrete_categorical,100,0.5,alt,1.0,33,modified_log_likelihood,
discrete_categorical,100,0.5,alt,1.0,33,pillai,False
discrete_categorical,100,0.5,alt,1.0,34,chi_square,
discrete_categorical,100,0.5,alt,1.0,34,log_likelihood,
discrete_categorical,100,0.5,alt,1.0,34,modified_log_likelihood,
discrete_categorical,100,0.5,alt,1.0,34,pillai,True
discrete_categorical,100,0.5,alt,1.0,35,chi_square,
discrete_categorical,100,0.5,alt,1.0,35,log_likelihood,
discrete_categorical,100,0.5,alt,1.0,35,modified_log_likelihood,
discrete_categorical,100,0.5,alt,1.0,35,pillai,False
discrete_categorical,100,0.5,alt,1.0,36,chi_square,
discrete_categorical,100,0.5,alt,1.0,36,log_likelihood,
discrete_categorical,100,0.5,alt,1.0,36,modified_log_likelihood,
discrete_categorical,100,0.5,alt,1.0,36,pillai,False
discrete_categorical,100,0.5,alt,1.0,37,chi_square,
discrete_categorical,100,0.5,alt,1.0,37,log_likelihood,
discrete_categorical,100,0.5,alt,1.0,37,modified_log_likelihood,
discrete_categorical,100,0.5,alt,1.0,37,pillai,False
discrete_categorical,100,0.5,alt,1.0,38,chi_square,
discrete_categorical,100,0.5,alt,1.0,38,log_likelihood,
discrete_categorical,100,0.5,alt,1.0,38,modified_log_likelihood,
discrete_categorical,100,0.5,alt,1.0,38,pillai,False
discrete_categorical,100,0.5,alt,1.0,39,chi_square,
discrete_categorical,100,0.5,alt,1.0,39,log_likelihood,
discrete_categorical,100,0.5,alt,1.0,39,modified_log_likelihood,
discrete_categorical,100,0.5,alt,1.0,39,pillai,False
discrete_categorical,100,0.5,alt,1.0,40,chi_square,
discrete_categorical,100,0.5,alt,1.0,40,log_likelihood,
discrete_categorical,100,0.5,alt,1.0,40,modified_log_likelihood,
discrete_categorical,100,0.5,alt,1.0,40,pillai,False
discrete_categorical,100,0.5,alt,1.0,41,chi_square,
discrete_categorical,100,0.5,alt,1.0,41,log_likelihood,
discrete_categorical,100,0.5,alt,1.0,41,modified_log_likelihood,
discrete_categorical,100,0.5,alt,1.0,41,pillai,False
discrete_categorical,100,0.5,alt,1.0,42,chi_square,
discrete_categorical,100,0.5,alt,1.0,42,log_likelihood,
discrete_categorical,100,0.5,alt,1.0,42,modified_log_likelihood,
discrete_categorical,100,0.5,alt,1.0,42,pillai,False
discrete_categorical,100,0.5,alt,1.0,43,chi_square,
discrete_categorical,100,0.5,alt,1.0,43,log_likelihood,
discrete_categorical,100,0.5,alt,1.0,43,modified_log_likelihood,
discrete_categorical,100,0.5,alt,1.0,43,pillai,True
discrete_categorical,100,0.5,alt,1.0,44,chi_square,
discrete_categorical,100,0.5,alt,1.0,44,log_likelihood,
discrete_categorical,100,0.5,alt,1.0,44,modified_log_likelihood,
discrete_categorical,100,0.5,alt,1.0,44,pillai,False
discrete_categorical,100,0.5,alt,1.0,45,chi_square,
discrete_categorical,100,0.5,alt,1.0,45,log_likelihood,
discrete_categorical,100,0.5,alt,1.0,45,modified_log_likelihood,
discrete_categorical,100,0.5,alt,1.0,45,pillai,False
discrete_categorical,100,0.5,alt,1.0,46,chi_square,
discrete_categorical,100,0.5,alt,1.0,46,log_likelihood,
discrete_categorical,100,0.5,alt,1.0,46,modified_log_likelihood,
discrete_categorical,100,0.5,alt,1.0,46,pillai,False
discrete_categorical,100,0.5,alt,1.0,47,chi_square,
discrete_categorical,100,0.5,alt,1.0,47,log_likelihood,
discrete_categorical,100,0.5,alt,1.0,47,modified_log_likelihood,
discrete_categorical,100,0.5,alt,1.0,47,pillai,False
discrete_categorical,100,0.5,alt,1.0,48,chi_square,
discrete_categorical,100,0.5,alt,1.0,48,log_likelihood,
discrete_categorical,100,0.5,alt,1.0,48,modified_log_likelihood,
discrete_categorical,100,0.5,alt,1.0,48,pillai,False
discrete_categorical,100,0.5,alt,1.0,49,chi_square,
discrete_categorical,100,0.5,alt,1.0,49,log_likelihood,
discrete_categorical,100,0.5,alt,1.0,49,modified_log_likelihood,
discrete_categorical,100,0.5,alt,1.0,49,pillai,False
discrete_categorical,100,1.0,null,0.0,0,chi_square,
discrete_categorical,100,1.0,null,0.0,0,log_likelihood,
discrete_categorical,100,1.0,null,0.0,0,modified_log_likelihood,
discrete_categorical,100,1.0,null,0.0,0,pillai,True
discrete_categorical,100,1.0,null,0.0,1,chi_square,
discrete_categorical,100,1.0,null,0.0,1,log_likelihood,
discrete_categorical,100,1.0,null,0.0,1,modified_log_likelihood,
discrete_categorical,100,1.0,null,0.0,1,pillai,False
discrete_categorical,100,1.0,null,0.0,2,chi_square,
discrete_categorical,100,1.0,null,0.0,2,log_likelihood,
discrete_categorical,100,1.0,null,0.0,2,modified_log_likelihood,
discrete_categorical,100,1.0,null,0.0,2,pillai,False
discrete_categorical,100,1.0,null,0.0,3,chi_square,
discrete_categorical,100,1.0,null,0.0,3,log_likelihood,
discrete_categorical,100,1.0,null,0.0,3,modified_log_likelihood,
discrete_categorical,100,1.0,null,0.0,3,pillai,False
discrete_categorical,100,1.0,null,0.0,4,chi_square,
discrete_categorical,100,1.0,null,0.0,4,log_likelihood,
discrete_categorical,100,1.0,null,0.0,4,modified_log_likelihood,
discrete_categorical,100,1.0,null,0.0,4,pillai,False
discrete_categorical,100,1.0,null,0.0,5,chi_square,
discrete_categorical,100,1.0,null,0.0,5,log_likelihood,
discrete_categorical,100,1.0,null,0.0,5,modified_log_likelihood,
discrete_categorical,100,1.0,null,0.0,5,pillai,False
discrete_categorical,100,1.0,null,0.0,6,chi_square,
discrete_categorical,100,1.0,null,0.0,6,log_likelihood,
discrete_categorical,100,1.0,null,0.0,6,modified_log_likelihood,
discrete_categorical,100,1.0,null,0.0,6,pillai,False
discrete_categorical,100,1.0,null,0.0,7,chi_square,
discrete_categorical,100,1.0,null,0.0,7,log_likelihood,
discrete_categorical,100,1.0,null,0.0,7,modified_log_likelihood,
discrete_categorical,100,1.0,null,0.0,7,pillai,False
discrete_categorical,100,1.0,null,0.0,8,chi_square,
discrete_categorical,100,1.0,null,0.0,8,log_likelihood,
discrete_categorical,100,1.0,null,0.0,8,modified_log_likelihood,
discrete_categorical,100,1.0,null,0.0,8,pillai,False
discrete_categorical,100,1.0,null,0.0,9,chi_square,
discrete_categorical,100,1.0,null,0.0,9,log_likelihood,
discrete_categorical,100,1.0,null,0.0,9,modified_log_likelihood,
discrete_categorical,100,1.0,null,0.0,9,pillai,False
discrete_categorical,100,1.0,null,0.0,10,chi_square,
discrete_categorical,100,1.0,null,0.0,10,log_likelihood,
discrete_categorical,100,1.0,null,0.0,10,modified_log_likelihood,
discrete_categorical,100,1.0,null,0.0,10,pillai,False
discrete_categorical,100,1.0,null,0.0,11,chi_square,
discrete_categorical,100,1.0,null,0.0,11,log_likelihood,
discrete_categorical,100,1.0,null,0.0,11,modified_log_likelihood,
discrete_categorical,100,1.0,null,0.0,11,pillai,True
discrete_categorical,100,1.0,null,0.0,12,chi_square,
discrete_categorical,100,1.0,null,0.0,12,log_likelihood,
discrete_categorical,100,1.0,null,0.0,12,modified_log_likelihood,
discrete_categorical,100,1.0,null,0.0,12,pillai,False
discrete_categorical,100,1.0,null,0.0,13,chi_square,
discrete_categorical,100,1.0,null,0.0,13,log_likelihood,
discrete_categorical,100,1.0,null,0.0,13,modified_log_likelihood,
discrete_categorical,100,1.0,null,0.0,13,pillai,False
discrete_categorical,100,1.0,null,0.0,14,chi_square,
discrete_categorical,100,1.0,null,0.0,14,log_likelihood,
discrete_categorical,100,1.0,null,0.0,14,modified_log_likelihood,
discrete_categorical,100,1.0,null,0.0,14,pillai,True
discrete_categorical,100,1.0,null,0.0,15,chi_square,
discrete_categorical,100,1.0,null,0.0,15,log_likelihood,
discrete_categorical,100,1.0,null,0.0,15,modified_log_likelihood,
discrete_categorical,100,1.0,null,0.0,15,pillai,False
discrete_categorical,100,1.0,null,0.0,16,chi_square,
discrete_categorical,100,1.0,null,0.0,16,log_likelihood,
discrete_categorical,100,1.0,null,0.0,16,modified_log_likelihood,
discrete_categorical,100,1.0,null,0.0,16,pillai,False
discrete_categorical,100,1.0,null,0.0,17,chi_square,
discrete_categorical,100,1.0,null,0.0,17,log_likelihood,
discrete_categorical,100,1.0,null,0.0,17,modified_log_likelihood,
discrete_categorical,100,1.0,null,0.0,17,pillai,True
discrete_categorical,100,1.0,null,0.0,18,chi_square,
discrete_categorical,100,1.0,null,0.0,18,log_likelihood,
discrete_categorical,100,1.0,null,0.0,18,modified_log_likelihood,
discrete_categorical,100,1.0,null,0.0,18,pillai,False
discrete_categorical,100,1.0,null,0.0,19,chi_square,
discrete_categorical,100,1.0,null,0.0,19,log_likelihood,
discrete_categorical,100,1.0,null,0.0,19,modified_log_likelihood,
discrete_categorical,100,1.0,null,0.0,19,pillai,False
discrete_categorical,100,1.0,null,0.0,20,chi_square,
discrete_categorical,100,1.0,null,0.0,20,log_likelihood,
discrete_categorical,100,1.0,null,0.0,20,modified_log_likelihood,
discrete_categorical,100,1.0,null,0.0,20,pillai,False
discrete_categorical,100,1.0,null,0.0,21,chi_square,
discrete_categorical,100,1.0,null,0.0,21,log_likelihood,
discrete_categorical,100,1.0,null,0.0,21,modified_log_likelihood,
discrete_categorical,100,1.0,null,0.0,21,pillai,False
discrete_categorical,100,1.0,null,0.0,22,chi_square,
discrete_categorical,100,1.0,null,0.0,22,log_likelihood,
discrete_categorical,100,1.0,null,0.0,22,modified_log_likelihood,
discrete_categorical,100,1.0,null,0.0,22,pillai,False
discrete_categorical,100,1.0,null,0.0,23,chi_square,
discrete_categorical,100,1.0,null,0.0,23,log_likelihood,
discrete_categorical,100,1.0,null,0.0,23,modified_log_likelihood,
discrete_categorical,100,1.0,null,0.0,23,pillai,False
discrete_categorical,100,1.0,null,0.0,24,chi_square,
discrete_categorical,100,1.0,null,0.0,24,log_likelihood,
discrete_categorical,100,1.0,null,0.0,24,modified_log_likelihood,
discrete_categorical,100,1.0,null,0.0,24,pillai,False
discrete_categorical,100,1.0,null,0.0,25,chi_square,
discrete_categorical,100,1.0,null,0.0,25,log_likelihood,
discrete_categorical,100,1.0,null,0.0,25,modified_log_likelihood,
discrete_categorical,100,1.0,null,0.0,25,pillai,False
discrete_categorical,100,1.0,null,0.0,26,chi_square,
discrete_categorical,100,1.0,null,0.0,26,log_likelihood,
discrete_categorical,100,1.0,null,0.0,26,modified_log_likelihood,
discrete_categorical,100,1.0,null,0.0,26,pillai,False
discrete_categorical,100,1.0,null,0.0,27,chi_square,
discrete_categorical,100,1.0,null,0.0,27,log_likelihood,
discrete_categorical,100,1.0,null,0.0,27,modified_log_likelihood,
discrete_categorical,100,1.0,null,0.0,27,pillai,False
discrete_categorical,100,1.0,null,0.0,28,chi_square,
discrete_categorical,100,1.0,null,0.0,28,log_likelihood,
discrete_categorical,100,1.0,null,0.0,28,modified_log_likelihood,
discrete_categorical,100,1.0,null,0.0,28,pillai,False
discrete_categorical,100,1.0,null,0.0,29,chi_square,
discrete_categorical,100,1.0,null,0.0,29,log_likelihood,
discrete_categorical,100,1.0,null,0.0,29,modified_log_likelihood,
discrete_categorical,100,1.0,null,0.0,29,pillai,False
discrete_categorical,100,1.0,null,0.0,30,chi_square,
discrete_categorical,100,1.0,null,0.0,30,log_likelihood,
discrete_categorical,100,1.0,null,0.0,30,modified_log_likelihood,
discrete_categorical,100,1.0,null,0.0,30,pillai,False
discrete_categorical,100,1.0,null,0.0,31,chi_square,
discrete_categorical,100,1.0,null,0.0,31,log_likelihood,
discrete_categorical,100,1.0,null,0.0,31,modified_log_likelihood,
discrete_categorical,100,1.0,null,0.0,31,pillai,False
discrete_categorical,100,1.0,null,0.0,32,chi_square,
discrete_categorical,100,1.0,null,0.0,32,log_likelihood,
discrete_categorical,100,1.0,null,0.0,32,modified_log_likelihood,
discrete_categorical,100,1.0,null,0.0,32,pillai,False
discrete_categorical,100,1.0,null,0.0,33,chi_square,
discrete_categorical,100,1.0,null,0.0,33,log_likelihood,
discrete_categorical,100,1.0,null,0.0,33,modified_log_likelihood,
discrete_categorical,100,1.0,null,0.0,33,pillai,False
discrete_categorical,100,1.0,null,0.0,34,chi_square,
discrete_categorical,100,1.0,null,0.0,34,log_likelihood,
discrete_categorical,100,1.0,null,0.0,34,modified_log_likelihood,
discrete_categorical,100,1.0,null,0.0,34,pillai,True
discrete_categorical,100,1.0,null,0.0,35,chi_square,
discrete_categorical,100,1.0,null,0.0,35,log_likelihood,
discrete_categorical,100,1.0,null,0.0,35,modified_log_likelihood,
discrete_categorical,100,1.0,null,0.0,35,pillai,False
discrete_categorical,100,1.0,null,0.0,36,chi_square,
discrete_categorical,100,1.0,null,0.0,36,log_likelihood,
discrete_categorical,100,1.0,null,0.0,36,modified_log_likelihood,
discrete_categorical,100,1.0,null,0.0,36,pillai,False
discrete_categorical,100,1.0,null,0.0,37,chi_square,
discrete_categorical,100,1.0,null,0.0,37,log_likelihood,
discrete_categorical,100,1.0,null,0.0,37,modified_log_likelihood,
discrete_categorical,100,1.0,null,0.0,37,pillai,False
discrete_categorical,100,1.0,null,0.0,38,chi_square,
discrete_categorical,100,1.0,null,0.0,38,log_likelihood,
discrete_categorical,100,1.0,null,0.0,38,modified_log_likelihood,
discrete_categorical,100,1.0,null,0.0,38,pillai,False
discrete_categorical,100,1.0,null,0.0,39,chi_square,
discrete_categorical,100,1.0,null,0.0,39,log_likelihood,
discrete_categorical,100,1.0,null,0.0,39,modified_log_likelihood,
discrete_categorical,100,1.0,null,0.0,39,pillai,False
discrete_categorical,100,1.0,null,0.0,40,chi_square,
discrete_categorical,100,1.0,null,0.0,40,log_likelihood,
discrete_categorical,100,1.0,null,0.0,40,modified_log_likelihood,
discrete_categorical,100,1.0,null,0.0,40,pillai,False
discrete_categorical,100,1.0,null,0.0,41,chi_square,
discrete_categorical,100,1.0,null,0.0,41,log_likelihood,
discrete_categorical,100,1.0,null,0.0,41,modified_log_likelihood,
discrete_categorical,100,1.0,null,0.0,41,pillai,False
discrete_categorical,100,1.0,null,0.0,42,chi_square,
discrete_categorical,100,1.0,null,0.0,42,log_likelihood,
discrete_categorical,100,1.0,null,0.0,42,modified_log_likelihood,
discrete_categorical,100,1.0,null,0.0,42,pillai,False
discrete_categorical,100,1.0,null,0.0,43,chi_square,
discrete_categorical,100,1.0,null,0.0,43,log_likelihood,
discrete_categorical,100,1.0,null,0.0,43,modified_log_likelihood,
discrete_categorical,100,1.0,null,0.0,43,pillai,True
discrete_categorical,100,1.0,null,0.0,44,chi_square,
discrete_categorical,100,1.0,null,0.0,44,log_likelihood,
discrete_categorical,100,1.0,null,0.0,44,modified_log_likelihood,
discrete_categorical,100,1.0,null,0.0,44,pillai,False
discrete_categorical,100,1.0,null,0.0,45,chi_square,
discrete_categorical,100,1.0,null,0.0,45,log_likelihood,
discrete_categorical,100,1.0,null,0.0,45,modified_log_likelihood,
discrete_categorical,100,1.0,null,0.0,45,pillai,False
discrete_categorical,100,1.0,null,0.0,46,chi_square,
discrete_categorical,100,1.0,null,0.0,46,log_likelihood,
discrete_categorical,100,1.0,null,0.0,46,modified_log_likelihood,
discrete_categorical,100,1.0,null,0.0,46,pillai,False
discrete_categorical,100,1.0,null,0.0,47,chi_square,
discrete_categorical,100,1.0,null,0.0,47,log_likelihood,
discrete_categorical,100,1.0,null,0.0,47,modified_log_likelihood,
discrete_categorical,100,1.0,null,0.0,47,pillai,False
discrete_categorical,100,1.0,null,0.0,48,chi_square,
discrete_categorical,100,1.0,null,0.0,48,log_likelihood,
discrete_categorical,100,1.0,null,0.0,48,modified_log_likelihood,
discrete_categorical,100,1.0,null,0.0,48,pillai,False
discrete_categorical,100,1.0,null,0.0,49,chi_square,
discrete_categorical,100,1.0,null,0.0,49,log_likelihood,
discrete_categorical,100,1.0,null,0.0,49,modified_log_likelihood,
discrete_categorical,100,1.0,null,0.0,49,pillai,False
discrete_categorical,100,1.0,alt,1.0,0,chi_square,
discrete_categorical,100,1.0,alt,1.0,0,log_likelihood,
discrete_categorical,100,1.0,alt,1.0,0,modified_log_likelihood,
discrete_categorical,100,1.0,alt,1.0,0,pillai,True
discrete_categorical,100,1.0,alt,1.0,1,chi_square,
discrete_categorical,100,1.0,alt,1.0,1,log_likelihood,
discrete_categorical,100,1.0,alt,1.0,1,modified_log_likelihood,
discrete_categorical,100,1.0,alt,1.0,1,pillai,False
discrete_categorical,100,1.0,alt,1.0,2,chi_square,
discrete_categorical,100,1.0,alt,1.0,2,log_likelihood,
discrete_categorical,100,1.0,alt,1.0,2,modified_log_likelihood,
discrete_categorical,100,1.0,alt,1.0,2,pillai,False
discrete_categorical,100,1.0,alt,1.0,3,chi_square,
discrete_categorical,100,1.0,alt,1.0,3,log_likelihood,
discrete_categorical,100,1.0,alt,1.0,3,modified_log_likelihood,
discrete_categorical,100,1.0,alt,1.0,3,pillai,False
discrete_categorical,100,1.0,alt,1.0,4,chi_square,
discrete_categorical,100,1.0,alt,1.0,4,log_likelihood,
discrete_categorical,100,1.0,alt,1.0,4,modified_log_likelihood,
discrete_categorical,100,1.0,alt,1.0,4,pillai,False
discrete_categorical,100,1.0,alt,1.0,5,chi_square,
discrete_categorical,100,1.0,alt,1.0,5,log_likelihood,
discrete_categorical,100,1.0,alt,1.0,5,modified_log_likelihood,
discrete_categorical,100,1.0,alt,1.0,5,pillai,False
discrete_categorical,100,1.0,alt,1.0,6,chi_square,
discrete_categorical,100,1.0,alt,1.0,6,log_likelihood,
discrete_categorical,100,1.0,alt,1.0,6,modified_log_likelihood,
discrete_categorical,100,1.0,alt,1.0,6,pillai,False
discrete_categorical,100,1.0,alt,1.0,7,chi_square,
discrete_categorical,100,1.0,alt,1.0,7,log_likelihood,
discrete_categorical,100,1.0,alt,1.0,7,modified_log_likelihood,
discrete_categorical,100,1.0,alt,1.0,7,pillai,False
discrete_categorical,100,1.0,alt,1.0,8,chi_square,
discrete_categorical,100,1.0,alt,1.0,8,log_likelihood,
discrete_categorical,100,1.0,alt,1.0,8,modified_log_likelihood,
discrete_categorical,100,1.0,alt,1.0,8,pillai,False
discrete_categorical,100,1.0,alt,1.0,9,chi_square,
discrete_categorical,100,1.0,alt,1.0,9,log_likelihood,
discrete_categorical,100,1.0,alt,1.0,9,modified_log_likelihood,
discrete_categorical,100,1.0,alt,1.0,9,pillai,False
discrete_categorical,100,1.0,alt,1.0,10,chi_square,
discrete_categorical,100,1.0,alt,1.0,10,log_likelihood,
discrete_categorical,100,1.0,alt,1.0,10,modified_log_likelihood,
discrete_categorical,100,1.0,alt,1.0,10,pillai,False
discrete_categorical,100,1.0,alt,1.0,11,chi_square,
discrete_categorical,100,1.0,alt,1.0,11,log_likelihood,
discrete_categorical,100,1.0,alt,1.0,11,modified_log_likelihood,
discrete_categorical,100,1.0,alt,1.0,11,pillai,True
discrete_categorical,100,1.0,alt,1.0,12,chi_square,
discrete_categorical,100,1.0,alt,1.0,12,log_likelihood,
discrete_categorical,100,1.0,alt,1.0,12,modified_log_likelihood,
discrete_categorical,100,1.0,alt,1.0,12,pillai,False
discrete_categorical,100,1.0,alt,1.0,13,chi_square,
discrete_categorical,100,1.0,alt,1.0,13,log_likelihood,
discrete_categorical,100,1.0,alt,1.0,13,modified_log_likelihood,
discrete_categorical,100,1.0,alt,1.0,13,pillai,False
discrete_categorical,100,1.0,alt,1.0,14,chi_square,
discrete_categorical,100,1.0,alt,1.0,14,log_likelihood,
discrete_categorical,100,1.0,alt,1.0,14,modified_log_likelihood,
discrete_categorical,100,1.0,alt,1.0,14,pillai,True
discrete_categorical,100,1.0,alt,1.0,15,chi_square,
discrete_categorical,100,1.0,alt,1.0,15,log_likelihood,
discrete_categorical,100,1.0,alt,1.0,15,modified_log_likelihood,
discrete_categorical,100,1.0,alt,1.0,15,pillai,False
discrete_categorical,100,1.0,alt,1.0,16,chi_square,
discrete_categorical,100,1.0,alt,1.0,16,log_likelihood,
discrete_categorical,100,1.0,alt,1.0,16,modified_log_likelihood,
discrete_categorical,100,1.0,alt,1.0,16,pillai,False
discrete_categorical,100,1.0,alt,1.0,17,chi_square,
discrete_categorical,100,1.0,alt,1.0,17,log_likelihood,
discrete_categorical,100,1.0,alt,1.0,17,modified_log_likelihood,
discrete_categorical,100,1.0,alt,1.0,17,pillai,True
discrete_categorical,100,1.0,alt,1.0,18,chi_square,
discrete_categorical,100,1.0,alt,1.0,18,log_likelihood,
discrete_categorical,100,1.0,alt,1.0,18,modified_log_likelihood,
discrete_categorical,100,1.0,alt,1.0,18,pillai,False
discrete_categorical,100,1.0,alt,1.0,19,chi_square,
discrete_categorical,100,1.0,alt,1.0,19,log_likelihood,
discrete_categorical,100,1.0,alt,1.0,19,modified_log_likelihood,
discrete_categorical,100,1.0,alt,1.0,19,pillai,False
discrete_categorical,100,1.0,alt,1.0,20,chi_square,
discrete_categorical,100,1.0,alt,1.0,20,log_likelihood,
discrete_categorical,100,1.0,alt,1.0,20,modified_log_likelihood,
discrete_categorical,100,1.0,alt,1.0,20,pillai,False
discrete_categorical,100,1.0,alt,1.0,21,chi_square,
discrete_categorical,100,1.0,alt,1.0,21,log_likelihood,
discrete_categorical,100,1.0,alt,1.0,21,modified_log_likelihood,
discrete_categorical,100,1.0,alt,1.0,21,pillai,False
discrete_categorical,100,1.0,alt,1.0,22,chi_square,
discrete_categorical,100,1.0,alt,1.0,22,log_likelihood,
discrete_categorical,100,1.0,alt,1.0,22,modified_log_likelihood,
discrete_categorical,100,1.0,alt,1.0,22,pillai,False
discrete_categorical,100,1.0,alt,1.0,23,chi_square,
discrete_categorical,100,1.0,alt,1.0,23,log_likelihood,
discrete_categorical,100,1.0,alt,1.0,23,modified_log_likelihood,
discrete_categorical,100,1.0,alt,1.0,23,pillai,False
discrete_categorical,100,1.0,alt,1.0,24,chi_square,
discrete_categorical,100,1.0,alt,1.0,24,log_likelihood,
discrete_categorical,100,1.0,alt,1.0,24,modified_log_likelihood,
discrete_categorical,100,1.0,alt,1.0,24,pillai,False
discrete_categorical,100,1.0,alt,1.0,25,chi_square,
discrete_categorical,100,1.0,alt,1.0,25,log_likelihood,
discrete_categorical,100,1.0,alt,1.0,25,modified_log_likelihood,
discrete_categorical,100,1.0,alt,1.0,25,pillai,False
discrete_categorical,100,1.0,alt,1.0,26,chi_square,
discrete_categorical,100,1.0,alt,1.0,26,log_likelihood,
discrete_categorical,100,1.0,alt,1.0,26,modified_log_likelihood,
discrete_categorical,100,1.0,alt,1.0,26,pillai,False
discrete_categorical,100,1.0,alt,1.0,27,chi_square,
discrete_categorical,100,1.0,alt,1.0,27,log_likelihood,
discrete_categorical,100,1.0,alt,1.0,27,modified_log_likelihood,
discrete_categorical,100,1.0,alt,1.0,27,pillai,False
discrete_categorical,100,1.0,alt,1.0,28,chi_square,
discrete_categorical,100,1.0,alt,1.0,28,log_likelihood,
discrete_categorical,100,1.0,alt,1.0,28,modified_log_likelihood,
discrete_categorical,100,1.0,alt,1.0,28,pillai,False
discrete_categorical,100,1.0,alt,1.0,29,chi_square,
discrete_categorical,100,1.0,alt,1.0,29,log_likelihood,
discrete_categorical,100,1.0,alt,1.0,29,modified_log_likelihood,
discrete_categorical,100,1.0,alt,1.0,29,pillai,False
discrete_categorical,100,1.0,alt,1.0,30,chi_square,
discrete_categorical,100,1.0,alt,1.0,30,log_likelihood,
discrete_categorical,100,1.0,alt,1.0,30,modified_log_likelihood,
discrete_categorical,100,1.0,alt,1.0,30,pillai,False
discrete_categorical,100,1.0,alt,1.0,31,chi_square,
discrete_categorical,100,1.0,alt,1.0,31,log_likelihood,
discrete_categorical,100,1.0,alt,1.0,31,modified_log_likelihood,
discrete_categorical,100,1.0,alt,1.0,31,pillai,False
discrete_categorical,100,1.0,alt,1.0,32,chi_square,
discrete_categorical,100,1.0,alt,1.0,32,log_likelihood,
discrete_categorical,100,1.0,alt,1.0,32,modified_log_likelihood,
discrete_categorical,100,1.0,alt,1.0,32,pillai,False
discrete_categorical,100,1.0,alt,1.0,33,chi_square,
discrete_categorical,100,1.0,alt,1.0,33,log_likelihood,
discrete_categorical,100,1.0,alt,1.0,33,modified_log_likelihood,
discrete_categorical,100,1.0,alt,1.0,33,pillai,False
discrete_categorical,100,1.0,alt,1.0,34,chi_square,
discrete_categorical,100,1.0,alt,1.0,34,log_likelihood,
discrete_categorical,100,1.0,alt,1.0,34,modified_log_likelihood,
discrete_categorical,100,1.0,alt,1.0,34,pillai,True
discrete_categorical,100,1.0,alt,1.0,35,chi_square,
discrete_categorical,100,1.0,alt,1.0,35,log_likelihood,
discrete_categorical,100,1.0,alt,1.0,35,modified_log_likelihood,
discrete_categorical,100,1.0,alt,1.0,35,pillai,False
discrete_categorical,100,1.0,alt,1.0,36,chi_square,
discrete_categorical,100,1.0,alt,1.0,36,log_likelihood,
discrete_categorical,100,1.0,alt,1.0,36,modified_log_likelihood,
discrete_categorical,100,1.0,alt,1.0,36,pillai,False
discrete_categorical,100,1.0,alt,1.0,37,chi_square,
discrete_categorical,100,1.0,alt,1.0,37,log_likelihood,
discrete_categorical,100,1.0,alt,1.0,37,modified_log_likelihood,
discrete_categorical,100,1.0,alt,1.0,37,pillai,False
discrete_categorical,100,1.0,alt,1.0,38,chi_square,
discrete_categorical,100,1.0,alt,1.0,38,log_likelihood,
discrete_categorical,100,1.0,alt,1.0,38,modified_log_likelihood,
discrete_categorical,100,1.0,alt,1.0,38,pillai,False
discrete_categorical,100,1.0,alt,1.0,39,chi_square,
discrete_categorical,100,1.0,alt,1.0,39,log_likelihood,
discrete_categorical,100,1.0,alt,1.0,39,modified_log_likelihood,
discrete_categorical,100,1.0,alt,1.0,39,pillai,False
discrete_categorical,100,1.0,alt,1.0,40,chi_square,
discrete_categorical,100,1.0,alt,1.0,40,log_likelihood,
discrete_categorical,100,1.0,alt,1.0,40,modified_log_likelihood,
discrete_categorical,100,1.0,alt,1.0,40,pillai,False
discrete_categorical,100,1.0,alt,1.0,41,chi_square,
discrete_categorical,100,1.0,alt,1.0,41,log_likelihood,
discrete_categorical,100,1.0,alt,1.0,41,modified_log_likelihood,
discrete_categorical,100,1.0,alt,1.0,41,pillai,False
discrete_categorical,100,1.0,alt,1.0,42,chi_square,
discrete_categorical,100,1.0,alt,1.0,42,log_likelihood,
discrete_categorical,100,1.0,alt,1.0,42,modified_log_likelihood,
discrete_categorical,100,1.0,alt,1.0,42,pillai,False
discrete_categorical,100,1.0,alt,1.0,43,chi_square,
discrete_categorical,100,1.0,alt,1.0,43,log_likelihood,
discrete_categorical,100,1.0,alt,1.0,43,modified_log_likelihood,
discrete_categorical,100,1.0,alt,1.0,43,pillai,True
discrete_categorical,100,1.0,alt,1.0,44,chi_square,
discrete_categorical,100,1.0,alt,1.0,44,log_likelihood,
discrete_categorical,100,1.0,alt,1.0,44,modified_log_likelihood,
discrete_categorical,100,1.0,alt,1.0,44,pillai,False
discrete_categorical,100,1.0,alt,1.0,45,chi_square,
discrete_categorical,100,1.0,alt,1.0,45,log_likelihood,
discrete_categorical,100,1.0,alt,1.0,45,modified_log_likelihood,
discrete_categorical,100,1.0,alt,1.0,45,pillai,False
discrete_categorical,100,1.0,alt,1.0,46,chi_square,
discrete_categorical,100,1.0,alt,1.0,46,log_likelihood,
discrete_categorical,100,1.0,alt,1.0,46,modified_log_likelihood,
discrete_categorical,100,1.0,alt,1.0,46,pillai,False
discrete_categorical,100,1.0,alt,1.0,47,chi_square,
discrete_categorical,100,1.0,alt,1.0,47,log_likelihood,
discrete_categorical,100,1.0,alt,1.0,47,modified_log_likelihood,
discrete_categorical,100,1.0,alt,1.0,47,pillai,False
discrete_categorical,100,1.0,alt,1.0,48,chi_square,
discrete_categorical,100,1.0,alt,1.0,48,log_likelihood,
discrete_categorical,100,1.0,alt,1.0,48,modified_log_likelihood,
discrete_categorical,100,1.0,alt,1.0,48,pillai,False
discrete_categorical,100,1.0,alt,1.0,49,chi_square,
discrete_categorical,100,1.0,alt,1.0,49,log_likelihood,
discrete_categorical,100,1.0,alt,1.0,49,modified_log_likelihood,
discrete_categorical,100,1.0,alt,1.0,49,pillai,False
discrete_categorical,500,0.5,null,0.0,0,chi_square,
discrete_categorical,500,0.5,null,0.0,0,log_likelihood,
discrete_categorical,500,0.5,null,0.0,0,modified_log_likelihood,
discrete_categorical,500,0.5,null,0.0,0,pillai,False
discrete_categorical,500,0.5,null,0.0,1,chi_square,
discrete_categorical,500,0.5,null,0.0,1,log_likelihood,
discrete_categorical,500,0.5,null,0.0,1,modified_log_likelihood,
discrete_categorical,500,0.5,null,0.0,1,pillai,False
discrete_categorical,500,0.5,null,0.0,2,chi_square,
discrete_categorical,500,0.5,null,0.0,2,log_likelihood,
discrete_categorical,500,0.5,null,0.0,2,modified_log_likelihood,
discrete_categorical,500,0.5,null,0.0,2,pillai,False
discrete_categorical,500,0.5,null,0.0,3,chi_square,
discrete_categorical,500,0.5,null,0.0,3,log_likelihood,
discrete_categorical,500,0.5,null,0.0,3,modified_log_likelihood,
discrete_categorical,500,0.5,null,0.0,3,pillai,False
discrete_categorical,500,0.5,null,0.0,4,chi_square,
discrete_categorical,500,0.5,null,0.0,4,log_likelihood,
discrete_categorical,500,0.5,null,0.0,4,modified_log_likelihood,
discrete_categorical,500,0.5,null,0.0,4,pillai,False
discrete_categorical,500,0.5,null,0.0,5,chi_square,
discrete_categorical,500,0.5,null,0.0,5,log_likelihood,
discrete_categorical,500,0.5,null,0.0,5,modified_log_likelihood,
discrete_categorical,500,0.5,null,0.0,5,pillai,False
discrete_categorical,500,0.5,null,0.0,6,chi_square,
discrete_categorical,500,0.5,null,0.0,6,log_likelihood,
discrete_categorical,500,0.5,null,0.0,6,modified_log_likelihood,
discrete_categorical,500,0.5,null,0.0,6,pillai,False
discrete_categorical,500,0.5,null,0.0,7,chi_square,
discrete_categorical,500,0.5,null,0.0,7,log_likelihood,
discrete_categorical,500,0.5,null,0.0,7,modified_log_likelihood,
discrete_categorical,500,0.5,null,0.0,7,pillai,False
discrete_categorical,500,0.5,null,0.0,8,chi_square,
discrete_categorical,500,0.5,null,0.0,8,log_likelihood,
discrete_categorical,500,0.5,null,0.0,8,modified_log_likelihood,
discrete_categorical,500,0.5,null,0.0,8,pillai,False
discrete_categorical,500,0.5,null,0.0,9,chi_square,
discrete_categorical,500,0.5,null,0.0,9,log_likelihood,
discrete_categorical,500,0.5,null,0.0,9,modified_log_likelihood,
discrete_categorical,500,0.5,null,0.0,9,pillai,False
discrete_categorical,500,0.5,null,0.0,10,chi_square,
discrete_categorical,500,0.5,null,0.0,10,log_likelihood,
discrete_categorical,500,0.5,null,0.0,10,modified_log_likelihood,
discrete_categorical,500,0.5,null,0.0,10,pillai,False
discrete_categorical,500,0.5,null,0.0,11,chi_square,
discrete_categorical,500,0.5,null,0.0,11,log_likelihood,
discrete_categorical,500,0.5,null,0.0,11,modified_log_likelihood,
discrete_categorical,500,0.5,null,0.0,11,pillai,False
discrete_categorical,500,0.5,null,0.0,12,chi_square,
discrete_categorical,500,0.5,null,0.0,12,log_likelihood,
discrete_categorical,500,0.5,null,0.0,12,modified_log_likelihood,
discrete_categorical,500,0.5,null,0.0,12,pillai,False
discrete_categorical,500,0.5,null,0.0,13,chi_square,
discrete_categorical,500,0.5,null,0.0,13,log_likelihood,
discrete_categorical,500,0.5,null,0.0,13,modified_log_likelihood,
discrete_categorical,500,0.5,null,0.0,13,pillai,True
discrete_categorical,500,0.5,null,0.0,14,chi_square,
discrete_categorical,500,0.5,null,0.0,14,log_likelihood,
discrete_categorical,500,0.5,null,0.0,14,modified_log_likelihood,
discrete_categorical,500,0.5,null,0.0,14,pillai,False
discrete_categorical,500,0.5,null,0.0,15,chi_square,
discrete_categorical,500,0.5,null,0.0,15,log_likelihood,
discrete_categorical,500,0.5,null,0.0,15,modified_log_likelihood,
discrete_categorical,500,0.5,null,0.0,15,pillai,False
discrete_categorical,500,0.5,null,0.0,16,chi_square,
discrete_categorical,500,0.5,null,0.0,16,log_likelihood,
discrete_categorical,500,0.5,null,0.0,16,modified_log_likelihood,
discrete_categorical,500,0.5,null,0.0,16,pillai,False
discrete_categorical,500,0.5,null,0.0,17,chi_square,
discrete_categorical,500,0.5,null,0.0,17,log_likelihood,
discrete_categorical,500,0.5,null,0.0,17,modified_log_likelihood,
discrete_categorical,500,0.5,null,0.0,17,pillai,False
discrete_categorical,500,0.5,null,0.0,18,chi_square,
discrete_categorical,500,0.5,null,0.0,18,log_likelihood,
discrete_categorical,500,0.5,null,0.0,18,modified_log_likelihood,
discrete_categorical,500,0.5,null,0.0,18,pillai,False
discrete_categorical,500,0.5,null,0.0,19,chi_square,
discrete_categorical,500,0.5,null,0.0,19,log_likelihood,
discrete_categorical,500,0.5,null,0.0,19,modified_log_likelihood,
discrete_categorical,500,0.5,null,0.0,19,pillai,False
discrete_categorical,500,0.5,null,0.0,20,chi_square,
discrete_categorical,500,0.5,null,0.0,20,log_likelihood,
discrete_categorical,500,0.5,null,0.0,20,modified_log_likelihood,
discrete_categorical,500,0.5,null,0.0,20,pillai,False
discrete_categorical,500,0.5,null,0.0,21,chi_square,
discrete_categorical,500,0.5,null,0.0,21,log_likelihood,
discrete_categorical,500,0.5,null,0.0,21,modified_log_likelihood,
discrete_categorical,500,0.5,null,0.0,21,pillai,False
discrete_categorical,500,0.5,null,0.0,22,chi_square,
discrete_categorical,500,0.5,null,0.0,22,log_likelihood,
discrete_categorical,500,0.5,null,0.0,22,modified_log_likelihood,
discrete_categorical,500,0.5,null,0.0,22,pillai,False
discrete_categorical,500,0.5,null,0.0,23,chi_square,
discrete_categorical,500,0.5,null,0.0,23,log_likelihood,
discrete_categorical,500,0.5,null,0.0,23,modified_log_likelihood,
discrete_categorical,500,0.5,null,0.0,23,pillai,False
discrete_categorical,500,0.5,null,0.0,24,chi_square,
discrete_categorical,500,0.5,null,0.0,24,log_likelihood,
discrete_categorical,500,0.5,null,0.0,24,modified_log_likelihood,
discrete_categorical,500,0.5,null,0.0,24,pillai,True
discrete_categorical,500,0.5,null,0.0,25,chi_square,
discrete_categorical,500,0.5,null,0.0,25,log_likelihood,
discrete_categorical,500,0.5,null,0.0,25,modified_log_likelihood,
discrete_categorical,500,0.5,null,0.0,25,pillai,True
discrete_categorical,500,0.5,null,0.0,26,chi_square,
discrete_categorical,500,0.5,null,0.0,26,log_likelihood,
discrete_categorical,500,0.5,null,0.0,26,modified_log_likelihood,
discrete_categorical,500,0.5,null,0.0,26,pillai,False
discrete_categorical,500,0.5,null,0.0,27,chi_square,
discrete_categorical,500,0.5,null,0.0,27,log_likelihood,
discrete_categorical,500,0.5,null,0.0,27,modified_log_likelihood,
discrete_categorical,500,0.5,null,0.0,27,pillai,False
discrete_categorical,500,0.5,null,0.0,28,chi_square,
discrete_categorical,500,0.5,null,0.0,28,log_likelihood,
discrete_categorical,500,0.5,null,0.0,28,modified_log_likelihood,
discrete_categorical,500,0.5,null,0.0,28,pillai,False
discrete_categorical,500,0.5,null,0.0,29,chi_square,
discrete_categorical,500,0.5,null,0.0,29,log_likelihood,
discrete_categorical,500,0.5,null,0.0,29,modified_log_likelihood,
discrete_categorical,500,0.5,null,0.0,29,pillai,False
discrete_categorical,500,0.5,null,0.0,30,chi_square,
discrete_categorical,500,0.5,null,0.0,30,log_likelihood,
discrete_categorical,500,0.5,null,0.0,30,modified_log_likelihood,
discrete_categorical,500,0.5,null,0.0,30,pillai,False
discrete_categorical,500,0.5,null,0.0,31,chi_square,
discrete_categorical,500,0.5,null,0.0,31,log_likelihood,
discrete_categorical,500,0.5,null,0.0,31,modified_log_likelihood,
discrete_categorical,500,0.5,null,0.0,31,pillai,False
discrete_categorical,500,0.5,null,0.0,32,chi_square,
discrete_categorical,500,0.5,null,0.0,32,log_likelihood,
discrete_categorical,500,0.5,null,0.0,32,modified_log_likelihood,
discrete_categorical,500,0.5,null,0.0,32,pillai,False
discrete_categorical,500,0.5,null,0.0,33,chi_square,
discrete_categorical,500,0.5,null,0.0,33,log_likelihood,
discrete_categorical,500,0.5,null,0.0,33,modified_log_likelihood,
discrete_categorical,500,0.5,null,0.0,33,pillai,False
discrete_categorical,500,0.5,null,0.0,34,chi_square,
discrete_categorical,500,0.5,null,0.0,34,log_likelihood,
discrete_categorical,500,0.5,null,0.0,34,modified_log_likelihood,
discrete_categorical,500,0.5,null,0.0,34,pillai,False
discrete_categorical,500,0.5,null,0.0,35,chi_square,
discrete_categorical,500,0.5,null,0.0,35,log_likelihood,
discrete_categorical,500,0.5,null,0.0,35,modified_log_likelihood,
discrete_categorical,500,0.5,null,0.0,35,pillai,False
discrete_categorical,500,0.5,null,0.0,36,chi_square,
discrete_categorical,500,0.5,null,0.0,36,log_likelihood,
discrete_categorical,500,0.5,null,0.0,36,modified_log_likelihood,
discrete_categorical,500,0.5,null,0.0,36,pillai,False
discrete_categorical,500,0.5,null,0.0,37,chi_square,
discrete_categorical,500,0.5,null,0.0,37,log_likelihood,
discrete_categorical,500,0.5,null,0.0,37,modified_log_likelihood,
discrete_categorical,500,0.5,null,0.0,37,pillai,False
discrete_categorical,500,0.5,null,0.0,38,chi_square,
discrete_categorical,500,0.5,null,0.0,38,log_likelihood,
discrete_categorical,500,0.5,null,0.0,38,modified_log_likelihood,
discrete_categorical,500,0.5,null,0.0,38,pillai,True
discrete_categorical,500,0.5,null,0.0,39,chi_square,
discrete_categorical,500,0.5,null,0.0,39,log_likelihood,
discrete_categorical,500,0.5,null,0.0,39,modified_log_likelihood,
discrete_categorical,500,0.5,null,0.0,39,pillai,False
discrete_categorical,500,0.5,null,0.0,40,chi_square,
discrete_categorical,500,0.5,null,0.0,40,log_likelihood,
discrete_categorical,500,0.5,null,0.0,40,modified_log_likelihood,
discrete_categorical,500,0.5,null,0.0,40,pillai,False
discrete_categorical,500,0.5,null,0.0,41,chi_square,
discrete_categorical,500,0.5,null,0.0,41,log_likelihood,
discrete_categorical,500,0.5,null,0.0,41,modified_log_likelihood,
discrete_categorical,500,0.5,null,0.0,41,pillai,True
discrete_categorical,500,0.5,null,0.0,42,chi_square,
discrete_categorical,500,0.5,null,0.0,42,log_likelihood,
discrete_categorical,500,0.5,null,0.0,42,modified_log_likelihood,
discrete_categorical,500,0.5,null,0.0,42,pillai,False
discrete_categorical,500,0.5,null,0.0,43,chi_square,
discrete_categorical,500,0.5,null,0.0,43,log_likelihood,
discrete_categorical,500,0.5,null,0.0,43,modified_log_likelihood,
discrete_categorical,500,0.5,null,0.0,43,pillai,False
discrete_categorical,500,0.5,null,0.0,44,chi_square,
discrete_categorical,500,0.5,null,0.0,44,log_likelihood,
discrete_categorical,500,0.5,null,0.0,44,modified_log_likelihood,
discrete_categorical,500,0.5,null,0.0,44,pillai,False
discrete_categorical,500,0.5,null,0.0,45,chi_square,
discrete_categorical,500,0.5,null,0.0,45,log_likelihood,
discrete_categorical,500,0.5,null,0.0,45,modified_log_likelihood,
discrete_categorical,500,0.5,null,0.0,45,pillai,False
discrete_categorical,500,0.5,null,0.0,46,chi_square,
discrete_categorical,500,0.5,null,0.0,46,log_likelihood,
discrete_categorical,500,0.5,null,0.0,46,modified_log_likelihood,
discrete_categorical,500,0.5,null,0.0,46,pillai,False
discrete_categorical,500,0.5,null,0.0,47,chi_square,
discrete_categorical,500,0.5,null,0.0,47,log_likelihood,
discrete_categorical,500,0.5,null,0.0,47,modified_log_likelihood,
discrete_categorical,500,0.5,null,0.0,47,pillai,False
discrete_categorical,500,0.5,null,0.0,48,chi_square,
discrete_categorical,500,0.5,null,0.0,48,log_likelihood,
discrete_categorical,500,0.5,null,0.0,48,modified_log_likelihood,
discrete_categorical,500,0.5,null,0.0,48,pillai,True
discrete_categorical,500,0.5,null,0.0,49,chi_square,
discrete_categorical,500,0.5,null,0.0,49,log_likelihood,
discrete_categorical,500,0.5,null,0.0,49,modified_log_likelihood,
discrete_categorical,500,0.5,null,0.0,49,pillai,False
discrete_categorical,500,0.5,alt,1.0,0,chi_square,
discrete_categorical,500,0.5,alt,1.0,0,log_likelihood,
discrete_categorical,500,0.5,alt,1.0,0,modified_log_likelihood,
discrete_categorical,500,0.5,alt,1.0,0,pillai,False
discrete_categorical,500,0.5,alt,1.0,1,chi_square,
discrete_categorical,500,0.5,alt,1.0,1,log_likelihood,
discrete_categorical,500,0.5,alt,1.0,1,modified_log_likelihood,
discrete_categorical,500,0.5,alt,1.0,1,pillai,False
discrete_categorical,500,0.5,alt,1.0,2,chi_square,
discrete_categorical,500,0.5,alt,1.0,2,log_likelihood,
discrete_categorical,500,0.5,alt,1.0,2,modified_log_likelihood,
discrete_categorical,500,0.5,alt,1.0,2,pillai,False
discrete_categorical,500,0.5,alt,1.0,3,chi_square,
discrete_categorical,500,0.5,alt,1.0,3,log_likelihood,
discrete_categorical,500,0.5,alt,1.0,3,modified_log_likelihood,
discrete_categorical,500,0.5,alt,1.0,3,pillai,False
discrete_categorical,500,0.5,alt,1.0,4,chi_square,
discrete_categorical,500,0.5,alt,1.0,4,log_likelihood,
discrete_categorical,500,0.5,alt,1.0,4,modified_log_likelihood,
discrete_categorical,500,0.5,alt,1.0,4,pillai,False
discrete_categorical,500,0.5,alt,1.0,5,chi_square,
discrete_categorical,500,0.5,alt,1.0,5,log_likelihood,
discrete_categorical,500,0.5,alt,1.0,5,modified_log_likelihood,
discrete_categorical,500,0.5,alt,1.0,5,pillai,False
discrete_categorical,500,0.5,alt,1.0,6,chi_square,
discrete_categorical,500,0.5,alt,1.0,6,log_likelihood,
discrete_categorical,500,0.5,alt,1.0,6,modified_log_likelihood,
discrete_categorical,500,0.5,alt,1.0,6,pillai,False
discrete_categorical,500,0.5,alt,1.0,7,chi_square,
discrete_categorical,500,0.5,alt,1.0,7,log_likelihood,
discrete_categorical,500,0.5,alt,1.0,7,modified_log_likelihood,
discrete_categorical,500,0.5,alt,1.0,7,pillai,False
discrete_categorical,500,0.5,alt,1.0,8,chi_square,
discrete_categorical,500,0.5,alt,1.0,8,log_likelihood,
discrete_categorical,500,0.5,alt,1.0,8,modified_log_likelihood,
discrete_categorical,500,0.5,alt,1.0,8,pillai,False
discrete_categorical,500,0.5,alt,1.0,9,chi_square,
discrete_categorical,500,0.5,alt,1.0,9,log_likelihood,
discrete_categorical,500,0.5,alt,1.0,9,modified_log_likelihood,
discrete_categorical,500,0.5,alt,1.0,9,pillai,False
discrete_categorical,500,0.5,alt,1.0,10,chi_square,
discrete_categorical,500,0.5,alt,1.0,10,log_likelihood,
discrete_categorical,500,0.5,alt,1.0,10,modified_log_likelihood,
discrete_categorical,500,0.5,alt,1.0,10,pillai,False
discrete_categorical,500,0.5,alt,1.0,11,chi_square,
discrete_categorical,500,0.5,alt,1.0,11,log_likelihood,
discrete_categorical,500,0.5,alt,1.0,11,modified_log_likelihood,
discrete_categorical,500,0.5,alt,1.0,11,pillai,False
discrete_categorical,500,0.5,alt,1.0,12,chi_square,
discrete_categorical,500,0.5,alt,1.0,12,log_likelihood,
discrete_categorical,500,0.5,alt,1.0,12,modified_log_likelihood,
discrete_categorical,500,0.5,alt,1.0,12,pillai,False
discrete_categorical,500,0.5,alt,1.0,13,chi_square,
discrete_categorical,500,0.5,alt,1.0,13,log_likelihood,
discrete_categorical,500,0.5,alt,1.0,13,modified_log_likelihood,
discrete_categorical,500,0.5,alt,1.0,13,pillai,True
discrete_categorical,500,0.5,alt,1.0,14,chi_square,
discrete_categorical,500,0.5,alt,1.0,14,log_likelihood,
discrete_categorical,500,0.5,alt,1.0,14,modified_log_likelihood,
discrete_categorical,500,0.5,alt,1.0,14,pillai,False
discrete_categorical,500,0.5,alt,1.0,15,chi_square,
discrete_categorical,500,0.5,alt,1.0,15,log_likelihood,
discrete_categorical,500,0.5,alt,1.0,15,modified_log_likelihood,
discrete_categorical,500,0.5,alt,1.0,15,pillai,False
discrete_categorical,500,0.5,alt,1.0,16,chi_square,
discrete_categorical,500,0.5,alt,1.0,16,log_likelihood,
discrete_categorical,500,0.5,alt,1.0,16,modified_log_likelihood,
discrete_categorical,500,0.5,alt,1.0,16,pillai,False
discrete_categorical,500,0.5,alt,1.0,17,chi_square,
discrete_categorical,500,0.5,alt,1.0,17,log_likelihood,
discrete_categorical,500,0.5,alt,1.0,17,modified_log_likelihood,
discrete_categorical,500,0.5,alt,1.0,17,pillai,False
discrete_categorical,500,0.5,alt,1.0,18,chi_square,
discrete_categorical,500,0.5,alt,1.0,18,log_likelihood,
discrete_categorical,500,0.5,alt,1.0,18,modified_log_likelihood,
discrete_categorical,500,0.5,alt,1.0,18,pillai,False
discrete_categorical,500,0.5,alt,1.0,19,chi_square,
discrete_categorical,500,0.5,alt,1.0,19,log_likelihood,
discrete_categorical,500,0.5,alt,1.0,19,modified_log_likelihood,
discrete_categorical,500,0.5,alt,1.0,19,pillai,False
discrete_categorical,500,0.5,alt,1.0,20,chi_square,
discrete_categorical,500,0.5,alt,1.0,20,log_likelihood,
discrete_categorical,500,0.5,alt,1.0,20,modified_log_likelihood,
discrete_categorical,500,0.5,alt,1.0,20,pillai,False
discrete_categorical,500,0.5,alt,1.0,21,chi_square,
discrete_categorical,500,0.5,alt,1.0,21,log_likelihood,
discrete_categorical,500,0.5,alt,1.0,21,modified_log_likelihood,
discrete_categorical,500,0.5,alt,1.0,21,pillai,False
discrete_categorical,500,0.5,alt,1.0,22,chi_square,
discrete_categorical,500,0.5,alt,1.0,22,log_likelihood,
discrete_categorical,500,0.5,alt,1.0,22,modified_log_likelihood,
discrete_categorical,500,0.5,alt,1.0,22,pillai,False
discrete_categorical,500,0.5,alt,1.0,23,chi_square,
discrete_categorical,500,0.5,alt,1.0,23,log_likelihood,
discrete_categorical,500,0.5,alt,1.0,23,modified_log_likelihood,
discrete_categorical,500,0.5,alt,1.0,23,pillai,False
discrete_categorical,500,0.5,alt,1.0,24,chi_square,
discrete_categorical,500,0.5,alt,1.0,24,log_likelihood,
discrete_categorical,500,0.5,alt,1.0,24,modified_log_likelihood,
discrete_categorical,500,0.5,alt,1.0,24,pillai,True
discrete_categorical,500,0.5,alt,1.0,25,chi_square,
discrete_categorical,500,0.5,alt,1.0,25,log_likelihood,
discrete_categorical,500,0.5,alt,1.0,25,modified_log_likelihood,
discrete_categorical,500,0.5,alt,1.0,25,pillai,True
discrete_categorical,500,0.5,alt,1.0,26,chi_square,
discrete_categorical,500,0.5,alt,1.0,26,log_likelihood,
discrete_categorical,500,0.5,alt,1.0,26,modified_log_likelihood,
discrete_categorical,500,0.5,alt,1.0,26,pillai,False
discrete_categorical,500,0.5,alt,1.0,27,chi_square,
discrete_categorical,500,0.5,alt,1.0,27,log_likelihood,
discrete_categorical,500,0.5,alt,1.0,27,modified_log_likelihood,
discrete_categorical,500,0.5,alt,1.0,27,pillai,False
discrete_categorical,500,0.5,alt,1.0,28,chi_square,
discrete_categorical,500,0.5,alt,1.0,28,log_likelihood,
discrete_categorical,500,0.5,alt,1.0,28,modified_log_likelihood,
discrete_categorical,500,0.5,alt,1.0,28,pillai,False
discrete_categorical,500,0.5,alt,1.0,29,chi_square,
discrete_categorical,500,0.5,alt,1.0,29,log_likelihood,
discrete_categorical,500,0.5,alt,1.0,29,modified_log_likelihood,
discrete_categorical,500,0.5,alt,1.0,29,pillai,False
discrete_categorical,500,0.5,alt,1.0,30,chi_square,
discrete_categorical,500,0.5,alt,1.0,30,log_likelihood,
discrete_categorical,500,0.5,alt,1.0,30,modified_log_likelihood,
discrete_categorical,500,0.5,alt,1.0,30,pillai,False
discrete_categorical,500,0.5,alt,1.0,31,chi_square,
discrete_categorical,500,0.5,alt,1.0,31,log_likelihood,
discrete_categorical,500,0.5,alt,1.0,31,modified_log_likelihood,
discrete_categorical,500,0.5,alt,1.0,31,pillai,False
discrete_categorical,500,0.5,alt,1.0,32,chi_square,
discrete_categorical,500,0.5,alt,1.0,32,log_likelihood,
discrete_categorical,500,0.5,alt,1.0,32,modified_log_likelihood,
discrete_categorical,500,0.5,alt,1.0,32,pillai,False
discrete_categorical,500,0.5,alt,1.0,33,chi_square,
discrete_categorical,500,0.5,alt,1.0,33,log_likelihood,
discrete_categorical,500,0.5,alt,1.0,33,modified_log_likelihood,
discrete_categorical,500,0.5,alt,1.0,33,pillai,False
discrete_categorical,500,0.5,alt,1.0,34,chi_square,
discrete_categorical,500,0.5,alt,1.0,34,log_likelihood,
discrete_categorical,500,0.5,alt,1.0,34,modified_log_likelihood,
discrete_categorical,500,0.5,alt,1.0,34,pillai,False
discrete_categorical,500,0.5,alt,1.0,35,chi_square,
discrete_categorical,500,0.5,alt,1.0,35,log_likelihood,
discrete_categorical,500,0.5,alt,1.0,35,modified_log_likelihood,
discrete_categorical,500,0.5,alt,1.0,35,pillai,False
discrete_categorical,500,0.5,alt,1.0,36,chi_square,
discrete_categorical,500,0.5,alt,1.0,36,log_likelihood,
discrete_categorical,500,0.5,alt,1.0,36,modified_log_likelihood,
discrete_categorical,500,0.5,alt,1.0,36,pillai,False
discrete_categorical,500,0.5,alt,1.0,37,chi_square,
discrete_categorical,500,0.5,alt,1.0,37,log_likelihood,
discrete_categorical,500,0.5,alt,1.0,37,modified_log_likelihood,
discrete_categorical,500,0.5,alt,1.0,37,pillai,False
discrete_categorical,500,0.5,alt,1.0,38,chi_square,
discrete_categorical,500,0.5,alt,1.0,38,log_likelihood,
discrete_categorical,500,0.5,alt,1.0,38,modified_log_likelihood,
discrete_categorical,500,0.5,alt,1.0,38,pillai,True
discrete_categorical,500,0.5,alt,1.0,39,chi_square,
discrete_categorical,500,0.5,alt,1.0,39,log_likelihood,
discrete_categorical,500,0.5,alt,1.0,39,modified_log_likelihood,
discrete_categorical,500,0.5,alt,1.0,39,pillai,False
discrete_categorical,500,0.5,alt,1.0,40,chi_square,
discrete_categorical,500,0.5,alt,1.0,40,log_likelihood,
discrete_categorical,500,0.5,alt,1.0,40,modified_log_likelihood,
discrete_categorical,500,0.5,alt,1.0,40,pillai,False
discrete_categorical,500,0.5,alt,1.0,41,chi_square,
discrete_categorical,500,0.5,alt,1.0,41,log_likelihood,
discrete_categorical,500,0.5,alt,1.0,41,modified_log_likelihood,
discrete_categorical,500,0.5,alt,1.0,41,pillai,True
discrete_categorical,500,0.5,alt,1.0,42,chi_square,
discrete_categorical,500,0.5,alt,1.0,42,log_likelihood,
discrete_categorical,500,0.5,alt,1.0,42,modified_log_likelihood,
discrete_categorical,500,0.5,alt,1.0,42,pillai,False
discrete_categorical,500,0.5,alt,1.0,43,chi_square,
discrete_categorical,500,0.5,alt,1.0,43,log_likelihood,
discrete_categorical,500,0.5,alt,1.0,43,modified_log_likelihood,
discrete_categorical,500,0.5,alt,1.0,43,pillai,False
discrete_categorical,500,0.5,alt,1.0,44,chi_square,
discrete_categorical,500,0.5,alt,1.0,44,log_likelihood,
discrete_categorical,500,0.5,alt,1.0,44,modified_log_likelihood,
discrete_categorical,500,0.5,alt,1.0,44,pillai,False
discrete_categorical,500,0.5,alt,1.0,45,chi_square,
discrete_categorical,500,0.5,alt,1.0,45,log_likelihood,
discrete_categorical,500,0.5,alt,1.0,45,modified_log_likelihood,
discrete_categorical,500,0.5,alt,1.0,45,pillai,False
discrete_categorical,500,0.5,alt,1.0,46,chi_square,
discrete_categorical,500,0.5,alt,1.0,46,log_likelihood,
discrete_categorical,500,0.5,alt,1.0,46,modified_log_likelihood,
discrete_categorical,500,0.5,alt,1.0,46,pillai,False
discrete_categorical,500,0.5,alt,1.0,47,chi_square,
discrete_categorical,500,0.5,alt,1.0,47,log_likelihood,
discrete_categorical,500,0.5,alt,1.0,47,modified_log_likelihood,
discrete_categorical,500,0.5,alt,1.0,47,pillai,False
discrete_categorical,500,0.5,alt,1.0,48,chi_square,
discrete_categorical,500,0.5,alt,1.0,48,log_likelihood,
discrete_categorical,500,0.5,alt,1.0,48,modified_log_likelihood,
discrete_categorical,500,0.5,alt,1.0,48,pillai,True
discrete_categorical,500,0.5,alt,1.0,49,chi_square,
discrete_categorical,500,0.5,alt,1.0,49,log_likelihood,
discrete_categorical,500,0.5,alt,1.0,49,modified_log_likelihood,
discrete_categorical,500,0.5,alt,1.0,49,pillai,False
discrete_categorical,500,1.0,null,0.0,0,chi_square,
discrete_categorical,500,1.0,null,0.0,0,log_likelihood,
discrete_categorical,500,1.0,null,0.0,0,modified_log_likelihood,
discrete_categorical,500,1.0,null,0.0,0,pillai,False
discrete_categorical,500,1.0,null,0.0,1,chi_square,
discrete_categorical,500,1.0,null,0.0,1,log_likelihood,
discrete_categorical,500,1.0,null,0.0,1,modified_log_likelihood,
discrete_categorical,500,1.0,null,0.0,1,pillai,False
discrete_categorical,500,1.0,null,0.0,2,chi_square,
discrete_categorical,500,1.0,null,0.0,2,log_likelihood,
discrete_categorical,500,1.0,null,0.0,2,modified_log_likelihood,
discrete_categorical,500,1.0,null,0.0,2,pillai,False
discrete_categorical,500,1.0,null,0.0,3,chi_square,
discrete_categorical,500,1.0,null,0.0,3,log_likelihood,
discrete_categorical,500,1.0,null,0.0,3,modified_log_likelihood,
discrete_categorical,500,1.0,null,0.0,3,pillai,False
discrete_categorical,500,1.0,null,0.0,4,chi_square,
discrete_categorical,500,1.0,null,0.0,4,log_likelihood,
discrete_categorical,500,1.0,null,0.0,4,modified_log_likelihood,
discrete_categorical,500,1.0,null,0.0,4,pillai,False
discrete_categorical,500,1.0,null,0.0,5,chi_square,
discrete_categorical,500,1.0,null,0.0,5,log_likelihood,
discrete_categorical,500,1.0,null,0.0,5,modified_log_likelihood,
discrete_categorical,500,1.0,null,0.0,5,pillai,False
discrete_categorical,500,1.0,null,0.0,6,chi_square,
discrete_categorical,500,1.0,null,0.0,6,log_likelihood,
discrete_categorical,500,1.0,null,0.0,6,modified_log_likelihood,
discrete_categorical,500,1.0,null,0.0,6,pillai,False
discrete_categorical,500,1.0,null,0.0,7,chi_square,
discrete_categorical,500,1.0,null,0.0,7,log_likelihood,
discrete_categorical,500,1.0,null,0.0,7,modified_log_likelihood,
discrete_categorical,500,1.0,null,0.0,7,pillai,False
discrete_categorical,500,1.0,null,0.0,8,chi_square,
discrete_categorical,500,1.0,null,0.0,8,log_likelihood,
discrete_categorical,500,1.0,null,0.0,8,modified_log_likelihood,
discrete_categorical,500,1.0,null,0.0,8,pillai,False
discrete_categorical,500,1.0,null,0.0,9,chi_square,
discrete_categorical,500,1.0,null,0.0,9,log_likelihood,
discrete_categorical,500,1.0,null,0.0,9,modified_log_likelihood,
discrete_categorical,500,1.0,null,0.0,9,pillai,False
discrete_categorical,500,1.0,null,0.0,10,chi_square,
discrete_categorical,500,1.0,null,0.0,10,log_likelihood,
discrete_categorical,500,1.0,null,0.0,10,modified_log_likelihood,
discrete_categorical,500,1.0,null,0.0,10,pillai,False
discrete_categorical,500,1.0,null,0.0,11,chi_square,
discrete_categorical,500,1.0,null,0.0,11,log_likelihood,
discrete_categorical,500,1.0,null,0.0,11,modified_log_likelihood,
discrete_categorical,500,1.0,null,0.0,11,pillai,False
discrete_categorical,500,1.0,null,0.0,12,chi_square,
discrete_categorical,500,1.0,null,0.0,12,log_likelihood,
discrete_categorical,500,1.0,null,0.0,12,modified_log_likelihood,
discrete_categorical,500,1.0,null,0.0,12,pillai,False
discrete_categorical,500,1.0,null,0.0,13,chi_square,
discrete_categorical,500,1.0,null,0.0,13,log_likelihood,
discrete_categorical,500,1.0,null,0.0,13,modified_log_likelihood,
discrete_categorical,500,1.0,null,0.0,13,pillai,True
discrete_categorical,500,1.0,null,0.0,14,chi_square,
discrete_categorical,500,1.0,null,0.0,14,log_likelihood,
discrete_categorical,500,1.0,null,0.0,14,modified_log_likelihood,
discrete_categorical,500,1.0,null,0.0,14,pillai,False
discrete_categorical,500,1.0,null,0.0,15,chi_square,
discrete_categorical,500,1.0,null,0.0,15,log_likelihood,
discrete_categorical,500,1.0,null,0.0,15,modified_log_likelihood,
discrete_categorical,500,1.0,null,0.0,15,pillai,False
discrete_categorical,500,1.0,null,0.0,16,chi_square,
discrete_categorical,500,1.0,null,0.0,16,log_likelihood,
discrete_categorical,500,1.0,null,0.0,16,modified_log_likelihood,
discrete_categorical,500,1.0,null,0.0,16,pillai,False
discrete_categorical,500,1.0,null,0.0,17,chi_square,
discrete_categorical,500,1.0,null,0.0,17,log_likelihood,
discrete_categorical,500,1.0,null,0.0,17,modified_log_likelihood,
discrete_categorical,500,1.0,null,0.0,17,pillai,False
discrete_categorical,500,1.0,null,0.0,18,chi_square,
discrete_categorical,500,1.0,null,0.0,18,log_likelihood,
discrete_categorical,500,1.0,null,0.0,18,modified_log_likelihood,
discrete_categorical,500,1.0,null,0.0,18,pillai,False
discrete_categorical,500,1.0,null,0.0,19,chi_square,
discrete_categorical,500,1.0,null,0.0,19,log_likelihood,
discrete_categorical,500,1.0,null,0.0,19,modified_log_likelihood,
discrete_categorical,500,1.0,null,0.0,19,pillai,False
discrete_categorical,500,1.0,null,0.0,20,chi_square,
discrete_categorical,500,1.0,null,0.0,20,log_likelihood,
discrete_categorical,500,1.0,null,0.0,20,modified_log_likelihood,
discrete_categorical,500,1.0,null,0.0,20,pillai,False
discrete_categorical,500,1.0,null,0.0,21,chi_square,
discrete_categorical,500,1.0,null,0.0,21,log_likelihood,
discrete_categorical,500,1.0,null,0.0,21,modified_log_likelihood,
discrete_categorical,500,1.0,null,0.0,21,pillai,False
discrete_categorical,500,1.0,null,0.0,22,chi_square,
discrete_categorical,500,1.0,null,0.0,22,log_likelihood,
discrete_categorical,500,1.0,null,0.0,22,modified_log_likelihood,
discrete_categorical,500,1.0,null,0.0,22,pillai,False
discrete_categorical,500,1.0,null,0.0,23,chi_square,
discrete_categorical,500,1.0,null,0.0,23,log_likelihood,
discrete_categorical,500,1.0,null,0.0,23,modified_log_likelihood,
discrete_categorical,500,1.0,null,0.0,23,pillai,False
discrete_categorical,500,1.0,null,0.0,24,chi_square,
discrete_categorical,500,1.0,null,0.0,24,log_likelihood,
discrete_categorical,500,1.0,null,0.0,24,modified_log_likelihood,
discrete_categorical,500,1.0,null,0.0,24,pillai,True
discrete_categorical,500,1.0,null,0.0,25,chi_square,
discrete_categorical,500,1.0,null,0.0,25,log_likelihood,
discrete_categorical,500,1.0,null,0.0,25,modified_log_likelihood,
discrete_categorical,500,1.0,null,0.0,25,pillai,True
discrete_categorical,500,1.0,null,0.0,26,chi_square,
discrete_categorical,500,1.0,null,0.0,26,log_likelihood,
discrete_categorical,500,1.0,null,0.0,26,modified_log_likelihood,
discrete_categorical,500,1.0,null,0.0,26,pillai,False
discrete_categorical,500,1.0,null,0.0,27,chi_square,
discrete_categorical,500,1.0,null,0.0,27,log_likelihood,
discrete_categorical,500,1.0,null,0.0,27,modified_log_likelihood,
discrete_categorical,500,1.0,null,0.0,27,pillai,False
discrete_categorical,500,1.0,null,0.0,28,chi_square,
discrete_categorical,500,1.0,null,0.0,28,log_likelihood,
discrete_categorical,500,1.0,null,0.0,28,modified_log_likelihood,
discrete_categorical,500,1.0,null,0.0,28,pillai,False
discrete_categorical,500,1.0,null,0.0,29,chi_square,
discrete_categorical,500,1.0,null,0.0,29,log_likelihood,
discrete_categorical,500,1.0,null,0.0,29,modified_log_likelihood,
discrete_categorical,500,1.0,null,0.0,29,pillai,False
discrete_categorical,500,1.0,null,0.0,30,chi_square,
discrete_categorical,500,1.0,null,0.0,30,log_likelihood,
discrete_categorical,500,1.0,null,0.0,30,modified_log_likelihood,
discrete_categorical,500,1.0,null,0.0,30,pillai,False
discrete_categorical,500,1.0,null,0.0,31,chi_square,
discrete_categorical,500,1.0,null,0.0,31,log_likelihood,
discrete_categorical,500,1.0,null,0.0,31,modified_log_likelihood,
discrete_categorical,500,1.0,null,0.0,31,pillai,False
discrete_categorical,500,1.0,null,0.0,32,chi_square,
discrete_categorical,500,1.0,null,0.0,32,log_likelihood,
discrete_categorical,500,1.0,null,0.0,32,modified_log_likelihood,
discrete_categorical,500,1.0,null,0.0,32,pillai,False
discrete_categorical,500,1.0,null,0.0,33,chi_square,
discrete_categorical,500,1.0,null,0.0,33,log_likelihood,
discrete_categorical,500,1.0,null,0.0,33,modified_log_likelihood,
discrete_categorical,500,1.0,null,0.0,33,pillai,False
discrete_categorical,500,1.0,null,0.0,34,chi_square,
discrete_categorical,500,1.0,null,0.0,34,log_likelihood,
discrete_categorical,500,1.0,null,0.0,34,modified_log_likelihood,
discrete_categorical,500,1.0,null,0.0,34,pillai,False
discrete_categorical,500,1.0,null,0.0,35,chi_square,
discrete_categorical,500,1.0,null,0.0,35,log_likelihood,
discrete_categorical,500,1.0,null,0.0,35,modified_log_likelihood,
discrete_categorical,500,1.0,null,0.0,35,pillai,False
discrete_categorical,500,1.0,null,0.0,36,chi_square,
discrete_categorical,500,1.0,null,0.0,36,log_likelihood,
discrete_categorical,500,1.0,null,0.0,36,modified_log_likelihood,
discrete_categorical,500,1.0,null,0.0,36,pillai,False
discrete_categorical,500,1.0,null,0.0,37,chi_square,
discrete_categorical,500,1.0,null,0.0,37,log_likelihood,
discrete_categorical,500,1.0,null,0.0,37,modified_log_likelihood,
discrete_categorical,500,1.0,null,0.0,37,pillai,False
discrete_categorical,500,1.0,null,0.0,38,chi_square,
discrete_categorical,500,1.0,null,0.0,38,log_likelihood,
discrete_categorical,500,1.0,null,0.0,38,modified_log_likelihood,
discrete_categorical,500,1.0,null,0.0,38,pillai,True
discrete_categorical,500,1.0,null,0.0,39,chi_square,
discrete_categorical,500,1.0,null,0.0,39,log_likelihood,
discrete_categorical,500,1.0,null,0.0,39,modified_log_likelihood,
discrete_categorical,500,1.0,null,0.0,39,pillai,False
discrete_categorical,500,1.0,null,0.0,40,chi_square,
discrete_categorical,500,1.0,null,0.0,40,log_likelihood,
discrete_categorical,500,1.0,null,0.0,40,modified_log_likelihood,
discrete_categorical,500,1.0,null,0.0,40,pillai,False
discrete_categorical,500,1.0,null,0.0,41,chi_square,
discrete_categorical,500,1.0,null,0.0,41,log_likelihood,
discrete_categorical,500,1.0,null,0.0,41,modified_log_likelihood,
discrete_categorical,500,1.0,null,0.0,41,pillai,True
discrete_categorical,500,1.0,null,0.0,42,chi_square,
discrete_categorical,500,1.0,null,0.0,42,log_likelihood,
discrete_categorical,500,1.0,null,0.0,42,modified_log_likelihood,
discrete_categorical,500,1.0,null,0.0,42,pillai,False
discrete_categorical,500,1.0,null,0.0,43,chi_square,
discrete_categorical,500,1.0,null,0.0,43,log_likelihood,
discrete_categorical,500,1.0,null,0.0,43,modified_log_likelihood,
discrete_categorical,500,1.0,null,0.0,43,pillai,False
discrete_categorical,500,1.0,null,0.0,44,chi_square,
discrete_categorical,500,1.0,null,0.0,44,log_likelihood,
discrete_categorical,500,1.0,null,0.0,44,modified_log_likelihood,
discrete_categorical,500,1.0,null,0.0,44,pillai,False
discrete_categorical,500,1.0,null,0.0,45,chi_square,
discrete_categorical,500,1.0,null,0.0,45,log_likelihood,
discrete_categorical,500,1.0,null,0.0,45,modified_log_likelihood,
discrete_categorical,500,1.0,null,0.0,45,pillai,False
discrete_categorical,500,1.0,null,0.0,46,chi_square,
discrete_categorical,500,1.0,null,0.0,46,log_likelihood,
discrete_categorical,500,1.0,null,0.0,46,modified_log_likelihood,
discrete_categorical,500,1.0,null,0.0,46,pillai,False
discrete_categorical,500,1.0,null,0.0,47,chi_square,
discrete_categorical,500,1.0,null,0.0,47,log_likelihood,
discrete_categorical,500,1.0,null,0.0,47,modified_log_likelihood,
discrete_categorical,500,1.0,null,0.0,47,pillai,False
discrete_categorical,500,1.0,null,0.0,48,chi_square,
discrete_categorical,500,1.0,null,0.0,48,log_likelihood,
discrete_categorical,500,1.0,null,0.0,48,modified_log_likelihood,
discrete_categorical,500,1.0,null,0.0,48,pillai,True
discrete_categorical,500,1.0,null,0.0,49,chi_square,
discrete_categorical,500,1.0,null,0.0,49,log_likelihood,
discrete_categorical,500,1.0,null,0.0,49,modified_log_likelihood,
discrete_categorical,500,1.0,null,0.0,49,pillai,False
discrete_categorical,500,1.0,alt,1.0,0,chi_square,
discrete_categorical,500,1.0,alt,1.0,0,log_likelihood,
discrete_categorical,500,1.0,alt,1.0,0,modified_log_likelihood,
discrete_categorical,500,1.0,alt,1.0,0,pillai,False
discrete_categorical,500,1.0,alt,1.0,1,chi_square,
discrete_categorical,500,1.0,alt,1.0,1,log_likelihood,
discrete_categorical,500,1.0,alt,1.0,1,modified_log_likelihood,
discrete_categorical,500,1.0,alt,1.0,1,pillai,False
discrete_categorical,500,1.0,alt,1.0,2,chi_square,
discrete_categorical,500,1.0,alt,1.0,2,log_likelihood,
discrete_categorical,500,1.0,alt,1.0,2,modified_log_likelihood,
discrete_categorical,500,1.0,alt,1.0,2,pillai,False
discrete_categorical,500,1.0,alt,1.0,3,chi_square,
discrete_categorical,500,1.0,alt,1.0,3,log_likelihood,
discrete_categorical,500,1.0,alt,1.0,3,modified_log_likelihood,
discrete_categorical,500,1.0,alt,1.0,3,pillai,False
discrete_categorical,500,1.0,alt,1.0,4,chi_square,
discrete_categorical,500,1.0,alt,1.0,4,log_likelihood,
discrete_categorical,500,1.0,alt,1.0,4,modified_log_likelihood,
discrete_categorical,500,1.0,alt,1.0,4,pillai,False
discrete_categorical,500,1.0,alt,1.0,5,chi_square,
discrete_categorical,500,1.0,alt,1.0,5,log_likelihood,
discrete_categorical,500,1.0,alt,1.0,5,modified_log_likelihood,
discrete_categorical,500,1.0,alt,1.0,5,pillai,False
discrete_categorical,500,1.0,alt,1.0,6,chi_square,
discrete_categorical,500,1.0,alt,1.0,6,log_likelihood,
discrete_categorical,500,1.0,alt,1.0,6,modified_log_likelihood,
discrete_categorical,500,1.0,alt,1.0,6,pillai,False
discrete_categorical,500,1.0,alt,1.0,7,chi_square,
discrete_categorical,500,1.0,alt,1.0,7,log_likelihood,
discrete_categorical,500,1.0,alt,1.0,7,modified_log_likelihood,
discrete_categorical,500,1.0,alt,1.0,7,pillai,False
discrete_categorical,500,1.0,alt,1.0,8,chi_square,
discrete_categorical,500,1.0,alt,1.0,8,log_likelihood,
discrete_categorical,500,1.0,alt,1.0,8,modified_log_likelihood,
discrete_categorical,500,1.0,alt,1.0,8,pillai,False
discrete_categorical,500,1.0,alt,1.0,9,chi_square,
discrete_categorical,500,1.0,alt,1.0,9,log_likelihood,
discrete_categorical,500,1.0,alt,1.0,9,modified_log_likelihood,
discrete_categorical,500,1.0,alt,1.0,9,pillai,False
discrete_categorical,500,1.0,alt,1.0,10,chi_square,
discrete_categorical,500,1.0,alt,1.0,10,log_likelihood,
discrete_categorical,500,1.0,alt,1.0,10,modified_log_likelihood,
discrete_categorical,500,1.0,alt,1.0,10,pillai,False
discrete_categorical,500,1.0,alt,1.0,11,chi_square,
discrete_categorical,500,1.0,alt,1.0,11,log_likelihood,
discrete_categorical,500,1.0,alt,1.0,11,modified_log_likelihood,
discrete_categorical,500,1.0,alt,1.0,11,pillai,False
discrete_categorical,500,1.0,alt,1.0,12,chi_square,
discrete_categorical,500,1.0,alt,1.0,12,log_likelihood,
discrete_categorical,500,1.0,alt,1.0,12,modified_log_likelihood,
discrete_categorical,500,1.0,alt,1.0,12,pillai,False
discrete_categorical,500,1.0,alt,1.0,13,chi_square,
discrete_categorical,500,1.0,alt,1.0,13,log_likelihood,
discrete_categorical,500,1.0,alt,1.0,13,modified_log_likelihood,
discrete_categorical,500,1.0,alt,1.0,13,pillai,True
discrete_categorical,500,1.0,alt,1.0,14,chi_square,
discrete_categorical,500,1.0,alt,1.0,14,log_likelihood,
discrete_categorical,500,1.0,alt,1.0,14,modified_log_likelihood,
discrete_categorical,500,1.0,alt,1.0,14,pillai,False
discrete_categorical,500,1.0,alt,1.0,15,chi_square,
discrete_categorical,500,1.0,alt,1.0,15,log_likelihood,
discrete_categorical,500,1.0,alt,1.0,15,modified_log_likelihood,
discrete_categorical,500,1.0,alt,1.0,15,pillai,False
discrete_categorical,500,1.0,alt,1.0,16,chi_square,
discrete_categorical,500,1.0,alt,1.0,16,log_likelihood,
discrete_categorical,500,1.0,alt,1.0,16,modified_log_likelihood,
discrete_categorical,500,1.0,alt,1.0,16,pillai,False
discrete_categorical,500,1.0,alt,1.0,17,chi_square,
discrete_categorical,500,1.0,alt,1.0,17,log_likelihood,
discrete_categorical,500,1.0,alt,1.0,17,modified_log_likelihood,
discrete_categorical,500,1.0,alt,1.0,17,pillai,False
discrete_categorical,500,1.0,alt,1.0,18,chi_square,
discrete_categorical,500,1.0,alt,1.0,18,log_likelihood,
discrete_categorical,500,1.0,alt,1.0,18,modified_log_likelihood,
discrete_categorical,500,1.0,alt,1.0,18,pillai,False
discrete_categorical,500,1.0,alt,1.0,19,chi_square,
discrete_categorical,500,1.0,alt,1.0,19,log_likelihood,
discrete_categorical,500,1.0,alt,1.0,19,modified_log_likelihood,
discrete_categorical,500,1.0,alt,1.0,19,pillai,False
discrete_categorical,500,1.0,alt,1.0,20,chi_square,
discrete_categorical,500,1.0,alt,1.0,20,log_likelihood,
discrete_categorical,500,1.0,alt,1.0,20,modified_log_likelihood,
discrete_categorical,500,1.0,alt,1.0,20,pillai,False
discrete_categorical,500,1.0,alt,1.0,21,chi_square,
discrete_categorical,500,1.0,alt,1.0,21,log_likelihood,
discrete_categorical,500,1.0,alt,1.0,21,modified_log_likelihood,
discrete_categorical,500,1.0,alt,1.0,21,pillai,False
discrete_categorical,500,1.0,alt,1.0,22,chi_square,
discrete_categorical,500,1.0,alt,1.0,22,log_likelihood,
discrete_categorical,500,1.0,alt,1.0,22,modified_log_likelihood,
discrete_categorical,500,1.0,alt,1.0,22,pillai,False
discrete_categorical,500,1.0,alt,1.0,23,chi_square,
discrete_categorical,500,1.0,alt,1.0,23,log_likelihood,
discrete_categorical,500,1.0,alt,1.0,23,modified_log_likelihood,
discrete_categorical,500,1.0,alt,1.0,23,pillai,False
discrete_categorical,500,1.0,alt,1.0,24,chi_square,
discrete_categorical,500,1.0,alt,1.0,24,log_likelihood,
discrete_categorical,500,1.0,alt,1.0,24,modified_log_likelihood,
discrete_categorical,500,1.0,alt,1.0,24,pillai,True
discrete_categorical,500,1.0,alt,1.0,25,chi_square,
discrete_categorical,500,1.0,alt,1.0,25,log_likelihood,
discrete_categorical,500,1.0,alt,1.0,25,modified_log_likelihood,
discrete_categorical,500,1.0,alt,1.0,25,pillai,True
discrete_categorical,500,1.0,alt,1.0,26,chi_square,
discrete_categorical,500,1.0,alt,1.0,26,log_likelihood,
discrete_categorical,500,1.0,alt,1.0,26,modified_log_likelihood,
discrete_categorical,500,1.0,alt,1.0,26,pillai,False
discrete_categorical,500,1.0,alt,1.0,27,chi_square,
discrete_categorical,500,1.0,alt,1.0,27,log_likelihood,
discrete_categorical,500,1.0,alt,1.0,27,modified_log_likelihood,
discrete_categorical,500,1.0,alt,1.0,27,pillai,False
discrete_categorical,500,1.0,alt,1.0,28,chi_square,
discrete_categorical,500,1.0,alt,1.0,28,log_likelihood,
discrete_categorical,500,1.0,alt,1.0,28,modified_log_likelihood,
discrete_categorical,500,1.0,alt,1.0,28,pillai,False
discrete_categorical,500,1.0,alt,1.0,29,chi_square,
discrete_categorical,500,1.0,alt,1.0,29,log_likelihood,
discrete_categorical,500,1.0,alt,1.0,29,modified_log_likelihood,
discrete_categorical,500,1.0,alt,1.0,29,pillai,False
discrete_categorical,500,1.0,alt,1.0,30,chi_square,
discrete_categorical,500,1.0,alt,1.0,30,log_likelihood,
discrete_categorical,500,1.0,alt,1.0,30,modified_log_likelihood,
discrete_categorical,500,1.0,alt,1.0,30,pillai,False
discrete_categorical,500,1.0,alt,1.0,31,chi_square,
discrete_categorical,500,1.0,alt,1.0,31,log_likelihood,
discrete_categorical,500,1.0,alt,1.0,31,modified_log_likelihood,
discrete_categorical,500,1.0,alt,1.0,31,pillai,False
discrete_categorical,500,1.0,alt,1.0,32,chi_square,
discrete_categorical,500,1.0,alt,1.0,32,log_likelihood,
discrete_categorical,500,1.0,alt,1.0,32,modified_log_likelihood,
discrete_categorical,500,1.0,alt,1.0,32,pillai,False
discrete_categorical,500,1.0,alt,1.0,33,chi_square,
discrete_categorical,500,1.0,alt,1.0,33,log_likelihood,
discrete_categorical,500,1.0,alt,1.0,33,modified_log_likelihood,
discrete_categorical,500,1.0,alt,1.0,33,pillai,False
discrete_categorical,500,1.0,alt,1.0,34,chi_square,
discrete_categorical,500,1.0,alt,1.0,34,log_likelihood,
discrete_categorical,500,1.0,alt,1.0,34,modified_log_likelihood,
discrete_categorical,500,1.0,alt,1.0,34,pillai,False
discrete_categorical,500,1.0,alt,1.0,35,chi_square,
discrete_categorical,500,1.0,alt,1.0,35,log_likelihood,
discrete_categorical,500,1.0,alt,1.0,35,modified_log_likelihood,
discrete_categorical,500,1.0,alt,1.0,35,pillai,False
discrete_categorical,500,1.0,alt,1.0,36,chi_square,
discrete_categorical,500,1.0,alt,1.0,36,log_likelihood,
discrete_categorical,500,1.0,alt,1.0,36,modified_log_likelihood,
discrete_categorical,500,1.0,alt,1.0,36,pillai,False
discrete_categorical,500,1.0,alt,1.0,37,chi_square,
discrete_categorical,500,1.0,alt,1.0,37,log_likelihood,
discrete_categorical,500,1.0,alt,1.0,37,modified_log_likelihood,
discrete_categorical,500,1.0,alt,1.0,37,pillai,False
discrete_categorical,500,1.0,alt,1.0,38,chi_square,
discrete_categorical,500,1.0,alt,1.0,38,log_likelihood,
discrete_categorical,500,1.0,alt,1.0,38,modified_log_likelihood,
discrete_categorical,500,1.0,alt,1.0,38,pillai,True
discrete_categorical,500,1.0,alt,1.0,39,chi_square,
discrete_categorical,500,1.0,alt,1.0,39,log_likelihood,
discrete_categorical,500,1.0,alt,1.0,39,modified_log_likelihood,
discrete_categorical,500,1.0,alt,1.0,39,pillai,False
discrete_categorical,500,1.0,alt,1.0,40,chi_square,
discrete_categorical,500,1.0,alt,1.0,40,log_likelihood,
discrete_categorical,500,1.0,alt,1.0,40,modified_log_likelihood,
discrete_categorical,500,1.0,alt,1.0,40,pillai,False
discrete_categorical,500,1.0,alt,1.0,41,chi_square,
discrete_categorical,500,1.0,alt,1.0,41,log_likelihood,
discrete_categorical,500,1.0,alt,1.0,41,modified_log_likelihood,
discrete_categorical,500,1.0,alt,1.0,41,pillai,True
discrete_categorical,500,1.0,alt,1.0,42,chi_square,
discrete_categorical,500,1.0,alt,1.0,42,log_likelihood,
discrete_categorical,500,1.0,alt,1.0,42,modified_log_likelihood,
discrete_categorical,500,1.0,alt,1.0,42,pillai,False
discrete_categorical,500,1.0,alt,1.0,43,chi_square,
discrete_categorical,500,1.0,alt,1.0,43,log_likelihood,
discrete_categorical,500,1.0,alt,1.0,43,modified_log_likelihood,
discrete_categorical,500,1.0,alt,1.0,43,pillai,False
discrete_categorical,500,1.0,alt,1.0,44,chi_square,
discrete_categorical,500,1.0,alt,1.0,44,log_likelihood,
discrete_categorical,500,1.0,alt,1.0,44,modified_log_likelihood,
discrete_categorical,500,1.0,alt,1.0,44,pillai,False
discrete_categorical,500,1.0,alt,1.0,45,chi_square,
discrete_categorical,500,1.0,alt,1.0,45,log_likelihood,
discrete_categorical,500,1.0,alt,1.0,45,modified_log_likelihood,
discrete_categorical,500,1.0,alt,1.0,45,pillai,False
discrete_categorical,500,1.0,alt,1.0,46,chi_square,
discrete_categorical,500,1.0,alt,1.0,46,log_likelihood,
discrete_categorical,500,1.0,alt,1.0,46,modified_log_likelihood,
discrete_categorical,500,1.0,alt,1.0,46,pillai,False
discrete_categorical,500,1.0,alt,1.0,47,chi_square,
discrete_categorical,500,1.0,alt,1.0,47,log_likelihood,
discrete_categorical,500,1.0,alt,1.0,47,modified_log_likelihood,
discrete_categorical,500,1.0,alt,1.0,47,pillai,False
discrete_categorical,500,1.0,alt,1.0,48,chi_square,
discrete_categorical,500,1.0,alt,1.0,48,log_likelihood,
discrete_categorical,500,1.0,alt,1.0,48,modified_log_likelihood,
discrete_categorical,500,1.0,alt,1.0,48,pillai,True
discrete_categorical,500,1.0,alt,1.0,49,chi_square,
discrete_categorical,500,1.0,alt,1.0,49,log_likelihood,
discrete_categorical,500,1.0,alt,1.0,49,modified_log_likelihood,
discrete_categorical,500,1.0,alt,1.0,49,pillai,False
discrete_categorical,1000,0.5,null,0.0,0,chi_square,
discrete_categorical,1000,0.5,null,0.0,0,log_likelihood,
discrete_categorical,1000,0.5,null,0.0,0,modified_log_likelihood,
discrete_categorical,1000,0.5,null,0.0,0,pillai,False
discrete_categorical,1000,0.5,null,0.0,1,chi_square,
discrete_categorical,1000,0.5,null,0.0,1,log_likelihood,
discrete_categorical,1000,0.5,null,0.0,1,modified_log_likelihood,
discrete_categorical,1000,0.5,null,0.0,1,pillai,True
discrete_categorical,1000,0.5,null,0.0,2,chi_square,
discrete_categorical,1000,0.5,null,0.0,2,log_likelihood,
discrete_categorical,1000,0.5,null,0.0,2,modified_log_likelihood,
discrete_categorical,1000,0.5,null,0.0,2,pillai,False
discrete_categorical,1000,0.5,null,0.0,3,chi_square,
discrete_categorical,1000,0.5,null,0.0,3,log_likelihood,
discrete_categorical,1000,0.5,null,0.0,3,modified_log_likelihood,
discrete_categorical,1000,0.5,null,0.0,3,pillai,False
discrete_categorical,1000,0.5,null,0.0,4,chi_square,
discrete_categorical,1000,0.5,null,0.0,4,log_likelihood,
discrete_categorical,1000,0.5,null,0.0,4,modified_log_likelihood,
discrete_categorical,1000,0.5,null,0.0,4,pillai,False
discrete_categorical,1000,0.5,null,0.0,5,chi_square,
discrete_categorical,1000,0.5,null,0.0,5,log_likelihood,
discrete_categorical,1000,0.5,null,0.0,5,modified_log_likelihood,
discrete_categorical,1000,0.5,null,0.0,5,pillai,False
discrete_categorical,1000,0.5,null,0.0,6,chi_square,
discrete_categorical,1000,0.5,null,0.0,6,log_likelihood,
discrete_categorical,1000,0.5,null,0.0,6,modified_log_likelihood,
discrete_categorical,1000,0.5,null,0.0,6,pillai,False
discrete_categorical,1000,0.5,null,0.0,7,chi_square,
discrete_categorical,1000,0.5,null,0.0,7,log_likelihood,
discrete_categorical,1000,0.5,null,0.0,7,modified_log_likelihood,
discrete_categorical,1000,0.5,null,0.0,7,pillai,False
discrete_categorical,1000,0.5,null,0.0,8,chi_square,
discrete_categorical,1000,0.5,null,0.0,8,log_likelihood,
discrete_categorical,1000,0.5,null,0.0,8,modified_log_likelihood,
discrete_categorical,1000,0.5,null,0.0,8,pillai,False
discrete_categorical,1000,0.5,null,0.0,9,chi_square,
discrete_categorical,1000,0.5,null,0.0,9,log_likelihood,
discrete_categorical,1000,0.5,null,0.0,9,modified_log_likelihood,
discrete_categorical,1000,0.5,null,0.0,9,pillai,False
discrete_categorical,1000,0.5,null,0.0,10,chi_square,
discrete_categorical,1000,0.5,null,0.0,10,log_likelihood,
discrete_categorical,1000,0.5,null,0.0,10,modified_log_likelihood,
discrete_categorical,1000,0.5,null,0.0,10,pillai,False
discrete_categorical,1000,0.5,null,0.0,11,chi_square,
discrete_categorical,1000,0.5,null,0.0,11,log_likelihood,
discrete_categorical,1000,0.5,null,0.0,11,modified_log_likelihood,
discrete_categorical,1000,0.5,null,0.0,11,pillai,False
discrete_categorical,1000,0.5,null,0.0,12,chi_square,
discrete_categorical,1000,0.5,null,0.0,12,log_likelihood,
discrete_categorical,1000,0.5,null,0.0,12,modified_log_likelihood,
discrete_categorical,1000,0.5,null,0.0,12,pillai,True
discrete_categorical,1000,0.5,null,0.0,13,chi_square,
discrete_categorical,1000,0.5,null,0.0,13,log_likelihood,
discrete_categorical,1000,0.5,null,0.0,13,modified_log_likelihood,
discrete_categorical,1000,0.5,null,0.0,13,pillai,False
discrete_categorical,1000,0.5,null,0.0,14,chi_square,
discrete_categorical,1000,0.5,null,0.0,14,log_likelihood,
discrete_categorical,1000,0.5,null,0.0,14,modified_log_likelihood,
discrete_categorical,1000,0.5,null,0.0,14,pillai,False
discrete_categorical,1000,0.5,null,0.0,15,chi_square,
discrete_categorical,1000,0.5,null,0.0,15,log_likelihood,
discrete_categorical,1000,0.5,null,0.0,15,modified_log_likelihood,
discrete_categorical,1000,0.5,null,0.0,15,pillai,False
discrete_categorical,1000,0.5,null,0.0,16,chi_square,
discrete_categorical,1000,0.5,null,0.0,16,log_likelihood,
discrete_categorical,1000,0.5,null,0.0,16,modified_log_likelihood,
discrete_categorical,1000,0.5,null,0.0,16,pillai,True
discrete_categorical,1000,0.5,null,0.0,17,chi_square,
discrete_categorical,1000,0.5,null,0.0,17,log_likelihood,
discrete_categorical,1000,0.5,null,0.0,17,modified_log_likelihood,
discrete_categorical,1000,0.5,null,0.0,17,pillai,False
discrete_categorical,1000,0.5,null,0.0,18,chi_square,
discrete_categorical,1000,0.5,null,0.0,18,log_likelihood,
discrete_categorical,1000,0.5,null,0.0,18,modified_log_likelihood,
discrete_categorical,1000,0.5,null,0.0,18,pillai,False
discrete_categorical,1000,0.5,null,0.0,19,chi_square,
discrete_categorical,1000,0.5,null,0.0,19,log_likelihood,
discrete_categorical,1000,0.5,null,0.0,19,modified_log_likelihood,
discrete_categorical,1000,0.5,null,0.0,19,pillai,True
discrete_categorical,1000,0.5,null,0.0,20,chi_square,
discrete_categorical,1000,0.5,null,0.0,20,log_likelihood,
discrete_categorical,1000,0.5,null,0.0,20,modified_log_likelihood,
discrete_categorical,1000,0.5,null,0.0,20,pillai,False
discrete_categorical,1000,0.5,null,0.0,21,chi_square,
discrete_categorical,1000,0.5,null,0.0,21,log_likelihood,
discrete_categorical,1000,0.5,null,0.0,21,modified_log_likelihood,
discrete_categorical,1000,0.5,null,0.0,21,pillai,False
discrete_categorical,1000,0.5,null,0.0,22,chi_square,
discrete_categorical,1000,0.5,null,0.0,22,log_likelihood,
discrete_categorical,1000,0.5,null,0.0,22,modified_log_likelihood,
discrete_categorical,1000,0.5,null,0.0,22,pillai,False
discrete_categorical,1000,0.5,null,0.0,23,chi_square,
discrete_categorical,1000,0.5,null,0.0,23,log_likelihood,
discrete_categorical,1000,0.5,null,0.0,23,modified_log_likelihood,
discrete_categorical,1000,0.5,null,0.0,23,pillai,False
discrete_categorical,1000,0.5,null,0.0,24,chi_square,
discrete_categorical,1000,0.5,null,0.0,24,log_likelihood,
discrete_categorical,1000,0.5,null,0.0,24,modified_log_likelihood,
discrete_categorical,1000,0.5,null,0.0,24,pillai,False
discrete_categorical,1000,0.5,null,0.0,25,chi_square,
discrete_categorical,1000,0.5,null,0.0,25,log_likelihood,
discrete_categorical,1000,0.5,null,0.0,25,modified_log_likelihood,
discrete_categorical,1000,0.5,null,0.0,25,pillai,False
discrete_categorical,1000,0.5,null,0.0,26,chi_square,
discrete_categorical,1000,0.5,null,0.0,26,log_likelihood,
discrete_categorical,1000,0.5,null,0.0,26,modified_log_likelihood,
discrete_categorical,1000,0.5,null,0.0,26,pillai,False
discrete_categorical,1000,0.5,null,0.0,27,chi_square,
discrete_categorical,1000,0.5,null,0.0,27,log_likelihood,
discrete_categorical,1000,0.5,null,0.0,27,modified_log_likelihood,
discrete_categorical,1000,0.5,null,0.0,27,pillai,False
discrete_categorical,1000,0.5,null,0.0,28,chi_square,
discrete_categorical,1000,0.5,null,0.0,28,log_likelihood,
discrete_categorical,1000,0.5,null,0.0,28,modified_log_likelihood,
discrete_categorical,1000,0.5,null,0.0,28,pillai,False
discrete_categorical,1000,0.5,null,0.0,29,chi_square,
discrete_categorical,1000,0.5,null,0.0,29,log_likelihood,
discrete_categorical,1000,0.5,null,0.0,29,modified_log_likelihood,
discrete_categorical,1000,0.5,null,0.0,29,pillai,False
discrete_categorical,1000,0.5,null,0.0,30,chi_square,
discrete_categorical,1000,0.5,null,0.0,30,log_likelihood,
discrete_categorical,1000,0.5,null,0.0,30,modified_log_likelihood,
discrete_categorical,1000,0.5,null,0.0,30,pillai,False
discrete_categorical,1000,0.5,null,0.0,31,chi_square,
discrete_categorical,1000,0.5,null,0.0,31,log_likelihood,
discrete_categorical,1000,0.5,null,0.0,31,modified_log_likelihood,
discrete_categorical,1000,0.5,null,0.0,31,pillai,False
discrete_categorical,1000,0.5,null,0.0,32,chi_square,
discrete_categorical,1000,0.5,null,0.0,32,log_likelihood,
discrete_categorical,1000,0.5,null,0.0,32,modified_log_likelihood,
discrete_categorical,1000,0.5,null,0.0,32,pillai,False
discrete_categorical,1000,0.5,null,0.0,33,chi_square,
discrete_categorical,1000,0.5,null,0.0,33,log_likelihood,
discrete_categorical,1000,0.5,null,0.0,33,modified_log_likelihood,
discrete_categorical,1000,0.5,null,0.0,33,pillai,False
discrete_categorical,1000,0.5,null,0.0,34,chi_square,
discrete_categorical,1000,0.5,null,0.0,34,log_likelihood,
discrete_categorical,1000,0.5,null,0.0,34,modified_log_likelihood,
discrete_categorical,1000,0.5,null,0.0,34,pillai,True
discrete_categorical,1000,0.5,null,0.0,35,chi_square,
discrete_categorical,1000,0.5,null,0.0,35,log_likelihood,
discrete_categorical,1000,0.5,null,0.0,35,modified_log_likelihood,
discrete_categorical,1000,0.5,null,0.0,35,pillai,False
discrete_categorical,1000,0.5,null,0.0,36,chi_square,
discrete_categorical,1000,0.5,null,0.0,36,log_likelihood,
discrete_categorical,1000,0.5,null,0.0,36,modified_log_likelihood,
discrete_categorical,1000,0.5,null,0.0,36,pillai,False
discrete_categorical,1000,0.5,null,0.0,37,chi_square,
discrete_categorical,1000,0.5,null,0.0,37,log_likelihood,
discrete_categorical,1000,0.5,null,0.0,37,modified_log_likelihood,
discrete_categorical,1000,0.5,null,0.0,37,pillai,False
discrete_categorical,1000,0.5,null,0.0,38,chi_square,
discrete_categorical,1000,0.5,null,0.0,38,log_likelihood,
discrete_categorical,1000,0.5,null,0.0,38,modified_log_likelihood,
discrete_categorical,1000,0.5,null,0.0,38,pillai,False
discrete_categorical,1000,0.5,null,0.0,39,chi_square,
discrete_categorical,1000,0.5,null,0.0,39,log_likelihood,
discrete_categorical,1000,0.5,null,0.0,39,modified_log_likelihood,
discrete_categorical,1000,0.5,null,0.0,39,pillai,False
discrete_categorical,1000,0.5,null,0.0,40,chi_square,
discrete_categorical,1000,0.5,null,0.0,40,log_likelihood,
discrete_categorical,1000,0.5,null,0.0,40,modified_log_likelihood,
discrete_categorical,1000,0.5,null,0.0,40,pillai,False
discrete_categorical,1000,0.5,null,0.0,41,chi_square,
discrete_categorical,1000,0.5,null,0.0,41,log_likelihood,
discrete_categorical,1000,0.5,null,0.0,41,modified_log_likelihood,
discrete_categorical,1000,0.5,null,0.0,41,pillai,False
discrete_categorical,1000,0.5,null,0.0,42,chi_square,
discrete_categorical,1000,0.5,null,0.0,42,log_likelihood,
discrete_categorical,1000,0.5,null,0.0,42,modified_log_likelihood,
discrete_categorical,1000,0.5,null,0.0,42,pillai,False
discrete_categorical,1000,0.5,null,0.0,43,chi_square,
discrete_categorical,1000,0.5,null,0.0,43,log_likelihood,
discrete_categorical,1000,0.5,null,0.0,43,modified_log_likelihood,
discrete_categorical,1000,0.5,null,0.0,43,pillai,False
discrete_categorical,1000,0.5,null,0.0,44,chi_square,
discrete_categorical,1000,0.5,null,0.0,44,log_likelihood,
discrete_categorical,1000,0.5,null,0.0,44,modified_log_likelihood,
discrete_categorical,1000,0.5,null,0.0,44,pillai,False
discrete_categorical,1000,0.5,null,0.0,45,chi_square,
discrete_categorical,1000,0.5,null,0.0,45,log_likelihood,
discrete_categorical,1000,0.5,null,0.0,45,modified_log_likelihood,
discrete_categorical,1000,0.5,null,0.0,45,pillai,False
discrete_categorical,1000,0.5,null,0.0,46,chi_square,
discrete_categorical,1000,0.5,null,0.0,46,log_likelihood,
discrete_categorical,1000,0.5,null,0.0,46,modified_log_likelihood,
discrete_categorical,1000,0.5,null,0.0,46,pillai,False
discrete_categorical,1000,0.5,null,0.0,47,chi_square,
discrete_categorical,1000,0.5,null,0.0,47,log_likelihood,
discrete_categorical,1000,0.5,null,0.0,47,modified_log_likelihood,
discrete_categorical,1000,0.5,null,0.0,47,pillai,False
discrete_categorical,1000,0.5,null,0.0,48,chi_square,
discrete_categorical,1000,0.5,null,0.0,48,log_likelihood,
discrete_categorical,1000,0.5,null,0.0,48,modified_log_likelihood,
discrete_categorical,1000,0.5,null,0.0,48,pillai,False
discrete_categorical,1000,0.5,null,0.0,49,chi_square,
discrete_categorical,1000,0.5,null,0.0,49,log_likelihood,
discrete_categorical,1000,0.5,null,0.0,49,modified_log_likelihood,
discrete_categorical,1000,0.5,null,0.0,49,pillai,True
discrete_categorical,1000,0.5,alt,1.0,0,chi_square,
discrete_categorical,1000,0.5,alt,1.0,0,log_likelihood,
discrete_categorical,1000,0.5,alt,1.0,0,modified_log_likelihood,
discrete_categorical,1000,0.5,alt,1.0,0,pillai,False
discrete_categorical,1000,0.5,alt,1.0,1,chi_square,
discrete_categorical,1000,0.5,alt,1.0,1,log_likelihood,
discrete_categorical,1000,0.5,alt,1.0,1,modified_log_likelihood,
discrete_categorical,1000,0.5,alt,1.0,1,pillai,True
discrete_categorical,1000,0.5,alt,1.0,2,chi_square,
discrete_categorical,1000,0.5,alt,1.0,2,log_likelihood,
discrete_categorical,1000,0.5,alt,1.0,2,modified_log_likelihood,
discrete_categorical,1000,0.5,alt,1.0,2,pillai,False
discrete_categorical,1000,0.5,alt,1.0,3,chi_square,
discrete_categorical,1000,0.5,alt,1.0,3,log_likelihood,
discrete_categorical,1000,0.5,alt,1.0,3,modified_log_likelihood,
discrete_categorical,1000,0.5,alt,1.0,3,pillai,False
discrete_categorical,1000,0.5,alt,1.0,4,chi_square,
discrete_categorical,1000,0.5,alt,1.0,4,log_likelihood,
discrete_categorical,1000,0.5,alt,1.0,4,modified_log_likelihood,
discrete_categorical,1000,0.5,alt,1.0,4,pillai,False
discrete_categorical,1000,0.5,alt,1.0,5,chi_square,
discrete_categorical,1000,0.5,alt,1.0,5,log_likelihood,
discrete_categorical,1000,0.5,alt,1.0,5,modified_log_likelihood,
discrete_categorical,1000,0.5,alt,1.0,5,pillai,False
discrete_categorical,1000,0.5,alt,1.0,6,chi_square,
discrete_categorical,1000,0.5,alt,1.0,6,log_likelihood,
discrete_categorical,1000,0.5,alt,1.0,6,modified_log_likelihood,
discrete_categorical,1000,0.5,alt,1.0,6,pillai,False
discrete_categorical,1000,0.5,alt,1.0,7,chi_square,
discrete_categorical,1000,0.5,alt,1.0,7,log_likelihood,
discrete_categorical,1000,0.5,alt,1.0,7,modified_log_likelihood,
discrete_categorical,1000,0.5,alt,1.0,7,pillai,False
discrete_categorical,1000,0.5,alt,1.0,8,chi_square,
discrete_categorical,1000,0.5,alt,1.0,8,log_likelihood,
discrete_categorical,1000,0.5,alt,1.0,8,modified_log_likelihood,
discrete_categorical,1000,0.5,alt,1.0,8,pillai,False
discrete_categorical,1000,0.5,alt,1.0,9,chi_square,
discrete_categorical,1000,0.5,alt,1.0,9,log_likelihood,
discrete_categorical,1000,0.5,alt,1.0,9,modified_log_likelihood,
discrete_categorical,1000,0.5,alt,1.0,9,pillai,False
discrete_categorical,1000,0.5,alt,1.0,10,chi_square,
discrete_categorical,1000,0.5,alt,1.0,10,log_likelihood,
discrete_categorical,1000,0.5,alt,1.0,10,modified_log_likelihood,
discrete_categorical,1000,0.5,alt,1.0,10,pillai,False
discrete_categorical,1000,0.5,alt,1.0,11,chi_square,
discrete_categorical,1000,0.5,alt,1.0,11,log_likelihood,
discrete_categorical,1000,0.5,alt,1.0,11,modified_log_likelihood,
discrete_categorical,1000,0.5,alt,1.0,11,pillai,False
discrete_categorical,1000,0.5,alt,1.0,12,chi_square,
discrete_categorical,1000,0.5,alt,1.0,12,log_likelihood,
discrete_categorical,1000,0.5,alt,1.0,12,modified_log_likelihood,
discrete_categorical,1000,0.5,alt,1.0,12,pillai,True
discrete_categorical,1000,0.5,alt,1.0,13,chi_square,
discrete_categorical,1000,0.5,alt,1.0,13,log_likelihood,
discrete_categorical,1000,0.5,alt,1.0,13,modified_log_likelihood,
discrete_categorical,1000,0.5,alt,1.0,13,pillai,False
discrete_categorical,1000,0.5,alt,1.0,14,chi_square,
discrete_categorical,1000,0.5,alt,1.0,14,log_likelihood,
discrete_categorical,1000,0.5,alt,1.0,14,modified_log_likelihood,
discrete_categorical,1000,0.5,alt,1.0,14,pillai,False
discrete_categorical,1000,0.5,alt,1.0,15,chi_square,
discrete_categorical,1000,0.5,alt,1.0,15,log_likelihood,
discrete_categorical,1000,0.5,alt,1.0,15,modified_log_likelihood,
discrete_categorical,1000,0.5,alt,1.0,15,pillai,False
discrete_categorical,1000,0.5,alt,1.0,16,chi_square,
discrete_categorical,1000,0.5,alt,1.0,16,log_likelihood,
discrete_categorical,1000,0.5,alt,1.0,16,modified_log_likelihood,
discrete_categorical,1000,0.5,alt,1.0,16,pillai,True
discrete_categorical,1000,0.5,alt,1.0,17,chi_square,
discrete_categorical,1000,0.5,alt,1.0,17,log_likelihood,
discrete_categorical,1000,0.5,alt,1.0,17,modified_log_likelihood,
discrete_categorical,1000,0.5,alt,1.0,17,pillai,False
discrete_categorical,1000,0.5,alt,1.0,18,chi_square,
discrete_categorical,1000,0.5,alt,1.0,18,log_likelihood,
discrete_categorical,1000,0.5,alt,1.0,18,modified_log_likelihood,
discrete_categorical,1000,0.5,alt,1.0,18,pillai,False
discrete_categorical,1000,0.5,alt,1.0,19,chi_square,
discrete_categorical,1000,0.5,alt,1.0,19,log_likelihood,
discrete_categorical,1000,0.5,alt,1.0,19,modified_log_likelihood,
discrete_categorical,1000,0.5,alt,1.0,19,pillai,True
discrete_categorical,1000,0.5,alt,1.0,20,chi_square,
discrete_categorical,1000,0.5,alt,1.0,20,log_likelihood,
discrete_categorical,1000,0.5,alt,1.0,20,modified_log_likelihood,
discrete_categorical,1000,0.5,alt,1.0,20,pillai,False
discrete_categorical,1000,0.5,alt,1.0,21,chi_square,
discrete_categorical,1000,0.5,alt,1.0,21,log_likelihood,
discrete_categorical,1000,0.5,alt,1.0,21,modified_log_likelihood,
discrete_categorical,1000,0.5,alt,1.0,21,pillai,False
discrete_categorical,1000,0.5,alt,1.0,22,chi_square,
discrete_categorical,1000,0.5,alt,1.0,22,log_likelihood,
discrete_categorical,1000,0.5,alt,1.0,22,modified_log_likelihood,
discrete_categorical,1000,0.5,alt,1.0,22,pillai,False
discrete_categorical,1000,0.5,alt,1.0,23,chi_square,
discrete_categorical,1000,0.5,alt,1.0,23,log_likelihood,
discrete_categorical,1000,0.5,alt,1.0,23,modified_log_likelihood,
discrete_categorical,1000,0.5,alt,1.0,23,pillai,False
discrete_categorical,1000,0.5,alt,1.0,24,chi_square,
discrete_categorical,1000,0.5,alt,1.0,24,log_likelihood,
discrete_categorical,1000,0.5,alt,1.0,24,modified_log_likelihood,
discrete_categorical,1000,0.5,alt,1.0,24,pillai,False
discrete_categorical,1000,0.5,alt,1.0,25,chi_square,
discrete_categorical,1000,0.5,alt,1.0,25,log_likelihood,
discrete_categorical,1000,0.5,alt,1.0,25,modified_log_likelihood,
discrete_categorical,1000,0.5,alt,1.0,25,pillai,False
discrete_categorical,1000,0.5,alt,1.0,26,chi_square,
discrete_categorical,1000,0.5,alt,1.0,26,log_likelihood,
discrete_categorical,1000,0.5,alt,1.0,26,modified_log_likelihood,
discrete_categorical,1000,0.5,alt,1.0,26,pillai,False
discrete_categorical,1000,0.5,alt,1.0,27,chi_square,
discrete_categorical,1000,0.5,alt,1.0,27,log_likelihood,
discrete_categorical,1000,0.5,alt,1.0,27,modified_log_likelihood,
discrete_categorical,1000,0.5,alt,1.0,27,pillai,False
discrete_categorical,1000,0.5,alt,1.0,28,chi_square,
discrete_categorical,1000,0.5,alt,1.0,28,log_likelihood,
discrete_categorical,1000,0.5,alt,1.0,28,modified_log_likelihood,
discrete_categorical,1000,0.5,alt,1.0,28,pillai,False
discrete_categorical,1000,0.5,alt,1.0,29,chi_square,
discrete_categorical,1000,0.5,alt,1.0,29,log_likelihood,
discrete_categorical,1000,0.5,alt,1.0,29,modified_log_likelihood,
discrete_categorical,1000,0.5,alt,1.0,29,pillai,False
discrete_categorical,1000,0.5,alt,1.0,30,chi_square,
discrete_categorical,1000,0.5,alt,1.0,30,log_likelihood,
discrete_categorical,1000,0.5,alt,1.0,30,modified_log_likelihood,
discrete_categorical,1000,0.5,alt,1.0,30,pillai,False
discrete_categorical,1000,0.5,alt,1.0,31,chi_square,
discrete_categorical,1000,0.5,alt,1.0,31,log_likelihood,
discrete_categorical,1000,0.5,alt,1.0,31,modified_log_likelihood,
discrete_categorical,1000,0.5,alt,1.0,31,pillai,False
discrete_categorical,1000,0.5,alt,1.0,32,chi_square,
discrete_categorical,1000,0.5,alt,1.0,32,log_likelihood,
discrete_categorical,1000,0.5,alt,1.0,32,modified_log_likelihood,
discrete_categorical,1000,0.5,alt,1.0,32,pillai,False
discrete_categorical,1000,0.5,alt,1.0,33,chi_square,
discrete_categorical,1000,0.5,alt,1.0,33,log_likelihood,
discrete_categorical,1000,0.5,alt,1.0,33,modified_log_likelihood,
discrete_categorical,1000,0.5,alt,1.0,33,pillai,False
discrete_categorical,1000,0.5,alt,1.0,34,chi_square,
discrete_categorical,1000,0.5,alt,1.0,34,log_likelihood,
discrete_categorical,1000,0.5,alt,1.0,34,modified_log_likelihood,
discrete_categorical,1000,0.5,alt,1.0,34,pillai,True
discrete_categorical,1000,0.5,alt,1.0,35,chi_square,
discrete_categorical,1000,0.5,alt,1.0,35,log_likelihood,
discrete_categorical,1000,0.5,alt,1.0,35,modified_log_likelihood,
discrete_categorical,1000,0.5,alt,1.0,35,pillai,False
discrete_categorical,1000,0.5,alt,1.0,36,chi_square,
discrete_categorical,1000,0.5,alt,1.0,36,log_likelihood,
discrete_categorical,1000,0.5,alt,1.0,36,modified_log_likelihood,
discrete_categorical,1000,0.5,alt,1.0,36,pillai,False
discrete_categorical,1000,0.5,alt,1.0,37,chi_square,
discrete_categorical,1000,0.5,alt,1.0,37,log_likelihood,
discrete_categorical,1000,0.5,alt,1.0,37,modified_log_likelihood,
discrete_categorical,1000,0.5,alt,1.0,37,pillai,False
discrete_categorical,1000,0.5,alt,1.0,38,chi_square,
discrete_categorical,1000,0.5,alt,1.0,38,log_likelihood,
discrete_categorical,1000,0.5,alt,1.0,38,modified_log_likelihood,
discrete_categorical,1000,0.5,alt,1.0,38,pillai,False
discrete_categorical,1000,0.5,alt,1.0,39,chi_square,
discrete_categorical,1000,0.5,alt,1.0,39,log_likelihood,
discrete_categorical,1000,0.5,alt,1.0,39,modified_log_likelihood,
discrete_categorical,1000,0.5,alt,1.0,39,pillai,False
discrete_categorical,1000,0.5,alt,1.0,40,chi_square,
discrete_categorical,1000,0.5,alt,1.0,40,log_likelihood,
discrete_categorical,1000,0.5,alt,1.0,40,modified_log_likelihood,
discrete_categorical,1000,0.5,alt,1.0,40,pillai,False
discrete_categorical,1000,0.5,alt,1.0,41,chi_square,
discrete_categorical,1000,0.5,alt,1.0,41,log_likelihood,
discrete_categorical,1000,0.5,alt,1.0,41,modified_log_likelihood,
discrete_categorical,1000,0.5,alt,1.0,41,pillai,False
discrete_categorical,1000,0.5,alt,1.0,42,chi_square,
discrete_categorical,1000,0.5,alt,1.0,42,log_likelihood,
discrete_categorical,1000,0.5,alt,1.0,42,modified_log_likelihood,
discrete_categorical,1000,0.5,alt,1.0,42,pillai,False
discrete_categorical,1000,0.5,alt,1.0,43,chi_square,
discrete_categorical,1000,0.5,alt,1.0,43,log_likelihood,
discrete_categorical,1000,0.5,alt,1.0,43,modified_log_likelihood,
discrete_categorical,1000,0.5,alt,1.0,43,pillai,False
discrete_categorical,1000,0.5,alt,1.0,44,chi_square,
discrete_categorical,1000,0.5,alt,1.0,44,log_likelihood,
discrete_categorical,1000,0.5,alt,1.0,44,modified_log_likelihood,
discrete_categorical,1000,0.5,alt,1.0,44,pillai,False
discrete_categorical,1000,0.5,alt,1.0,45,chi_square,
discrete_categorical,1000,0.5,alt,1.0,45,log_likelihood,
discrete_categorical,1000,0.5,alt,1.0,45,modified_log_likelihood,
discrete_categorical,1000,0.5,alt,1.0,45,pillai,False
discrete_categorical,1000,0.5,alt,1.0,46,chi_square,
discrete_categorical,1000,0.5,alt,1.0,46,log_likelihood,
discrete_categorical,1000,0.5,alt,1.0,46,modified_log_likelihood,
discrete_categorical,1000,0.5,alt,1.0,46,pillai,False
discrete_categorical,1000,0.5,alt,1.0,47,chi_square,
discrete_categorical,1000,0.5,alt,1.0,47,log_likelihood,
discrete_categorical,1000,0.5,alt,1.0,47,modified_log_likelihood,
discrete_categorical,1000,0.5,alt,1.0,47,pillai,False
discrete_categorical,1000,0.5,alt,1.0,48,chi_square,
discrete_categorical,1000,0.5,alt,1.0,48,log_likelihood,
discrete_categorical,1000,0.5,alt,1.0,48,modified_log_likelihood,
discrete_categorical,1000,0.5,alt,1.0,48,pillai,False
discrete_categorical,1000,0.5,alt,1.0,49,chi_square,
discrete_categorical,1000,0.5,alt,1.0,49,log_likelihood,
discrete_categorical,1000,0.5,alt,1.0,49,modified_log_likelihood,
discrete_categorical,1000,0.5,alt,1.0,49,pillai,True
discrete_categorical,1000,1.0,null,0.0,0,chi_square,
discrete_categorical,1000,1.0,null,0.0,0,log_likelihood,
discrete_categorical,1000,1.0,null,0.0,0,modified_log_likelihood,
discrete_categorical,1000,1.0,null,0.0,0,pillai,False
discrete_categorical,1000,1.0,null,0.0,1,chi_square,
discrete_categorical,1000,1.0,null,0.0,1,log_likelihood,
discrete_categorical,1000,1.0,null,0.0,1,modified_log_likelihood,
discrete_categorical,1000,1.0,null,0.0,1,pillai,True
discrete_categorical,1000,1.0,null,0.0,2,chi_square,
discrete_categorical,1000,1.0,null,0.0,2,log_likelihood,
discrete_categorical,1000,1.0,null,0.0,2,modified_log_likelihood,
discrete_categorical,1000,1.0,null,0.0,2,pillai,False
discrete_categorical,1000,1.0,null,0.0,3,chi_square,
discrete_categorical,1000,1.0,null,0.0,3,log_likelihood,
discrete_categorical,1000,1.0,null,0.0,3,modified_log_likelihood,
discrete_categorical,1000,1.0,null,0.0,3,pillai,False
discrete_categorical,1000,1.0,null,0.0,4,chi_square,
discrete_categorical,1000,1.0,null,0.0,4,log_likelihood,
discrete_categorical,1000,1.0,null,0.0,4,modified_log_likelihood,
discrete_categorical,1000,1.0,null,0.0,4,pillai,False
discrete_categorical,1000,1.0,null,0.0,5,chi_square,
discrete_categorical,1000,1.0,null,0.0,5,log_likelihood,
discrete_categorical,1000,1.0,null,0.0,5,modified_log_likelihood,
discrete_categorical,1000,1.0,null,0.0,5,pillai,False
discrete_categorical,1000,1.0,null,0.0,6,chi_square,
discrete_categorical,1000,1.0,null,0.0,6,log_likelihood,
discrete_categorical,1000,1.0,null,0.0,6,modified_log_likelihood,
discrete_categorical,1000,1.0,null,0.0,6,pillai,False
discrete_categorical,1000,1.0,null,0.0,7,chi_square,
discrete_categorical,1000,1.0,null,0.0,7,log_likelihood,
discrete_categorical,1000,1.0,null,0.0,7,modified_log_likelihood,
discrete_categorical,1000,1.0,null,0.0,7,pillai,False
discrete_categorical,1000,1.0,null,0.0,8,chi_square,
discrete_categorical,1000,1.0,null,0.0,8,log_likelihood,
discrete_categorical,1000,1.0,null,0.0,8,modified_log_likelihood,
discrete_categorical,1000,1.0,null,0.0,8,pillai,False
discrete_categorical,1000,1.0,null,0.0,9,chi_square,
discrete_categorical,1000,1.0,null,0.0,9,log_likelihood,
discrete_categorical,1000,1.0,null,0.0,9,modified_log_likelihood,
discrete_categorical,1000,1.0,null,0.0,9,pillai,False
discrete_categorical,1000,1.0,null,0.0,10,chi_square,
discrete_categorical,1000,1.0,null,0.0,10,log_likelihood,
discrete_categorical,1000,1.0,null,0.0,10,modified_log_likelihood,
discrete_categorical,1000,1.0,null,0.0,10,pillai,False
discrete_categorical,1000,1.0,null,0.0,11,chi_square,
discrete_categorical,1000,1.0,null,0.0,11,log_likelihood,
discrete_categorical,1000,1.0,null,0.0,11,modified_log_likelihood,
discrete_categorical,1000,1.0,null,0.0,11,pillai,False
discrete_categorical,1000,1.0,null,0.0,12,chi_square,
discrete_categorical,1000,1.0,null,0.0,12,log_likelihood,
discrete_categorical,1000,1.0,null,0.0,12,modified_log_likelihood,
discrete_categorical,1000,1.0,null,0.0,12,pillai,True
discrete_categorical,1000,1.0,null,0.0,13,chi_square,
discrete_categorical,1000,1.0,null,0.0,13,log_likelihood,
discrete_categorical,1000,1.0,null,0.0,13,modified_log_likelihood,
discrete_categorical,1000,1.0,null,0.0,13,pillai,False
discrete_categorical,1000,1.0,null,0.0,14,chi_square,
discrete_categorical,1000,1.0,null,0.0,14,log_likelihood,
discrete_categorical,1000,1.0,null,0.0,14,modified_log_likelihood,
discrete_categorical,1000,1.0,null,0.0,14,pillai,False
discrete_categorical,1000,1.0,null,0.0,15,chi_square,
discrete_categorical,1000,1.0,null,0.0,15,log_likelihood,
discrete_categorical,1000,1.0,null,0.0,15,modified_log_likelihood,
discrete_categorical,1000,1.0,null,0.0,15,pillai,False
discrete_categorical,1000,1.0,null,0.0,16,chi_square,
discrete_categorical,1000,1.0,null,0.0,16,log_likelihood,
discrete_categorical,1000,1.0,null,0.0,16,modified_log_likelihood,
discrete_categorical,1000,1.0,null,0.0,16,pillai,True
discrete_categorical,1000,1.0,null,0.0,17,chi_square,
discrete_categorical,1000,1.0,null,0.0,17,log_likelihood,
discrete_categorical,1000,1.0,null,0.0,17,modified_log_likelihood,
discrete_categorical,1000,1.0,null,0.0,17,pillai,False
discrete_categorical,1000,1.0,null,0.0,18,chi_square,
discrete_categorical,1000,1.0,null,0.0,18,log_likelihood,
discrete_categorical,1000,1.0,null,0.0,18,modified_log_likelihood,
discrete_categorical,1000,1.0,null,0.0,18,pillai,False
discrete_categorical,1000,1.0,null,0.0,19,chi_square,
discrete_categorical,1000,1.0,null,0.0,19,log_likelihood,
discrete_categorical,1000,1.0,null,0.0,19,modified_log_likelihood,
discrete_categorical,1000,1.0,null,0.0,19,pillai,True
discrete_categorical,1000,1.0,null,0.0,20,chi_square,
discrete_categorical,1000,1.0,null,0.0,20,log_likelihood,
discrete_categorical,1000,1.0,null,0.0,20,modified_log_likelihood,
discrete_categorical,1000,1.0,null,0.0,20,pillai,False
discrete_categorical,1000,1.0,null,0.0,21,chi_square,
discrete_categorical,1000,1.0,null,0.0,21,log_likelihood,
discrete_categorical,1000,1.0,null,0.0,21,modified_log_likelihood,
discrete_categorical,1000,1.0,null,0.0,21,pillai,False
discrete_categorical,1000,1.0,null,0.0,22,chi_square,
discrete_categorical,1000,1.0,null,0.0,22,log_likelihood,
discrete_categorical,1000,1.0,null,0.0,22,modified_log_likelihood,
discrete_categorical,1000,1.0,null,0.0,22,pillai,False
discrete_categorical,1000,1.0,null,0.0,23,chi_square,
discrete_categorical,1000,1.0,null,0.0,23,log_likelihood,
discrete_categorical,1000,1.0,null,0.0,23,modified_log_likelihood,
discrete_categorical,1000,1.0,null,0.0,23,pillai,False
discrete_categorical,1000,1.0,null,0.0,24,chi_square,
discrete_categorical,1000,1.0,null,0.0,24,log_likelihood,
discrete_categorical,1000,1.0,null,0.0,24,modified_log_likelihood,
discrete_categorical,1000,1.0,null,0.0,24,pillai,False
discrete_categorical,1000,1.0,null,0.0,25,chi_square,
discrete_categorical,1000,1.0,null,0.0,25,log_likelihood,
discrete_categorical,1000,1.0,null,0.0,25,modified_log_likelihood,
discrete_categorical,1000,1.0,null,0.0,25,pillai,False
discrete_categorical,1000,1.0,null,0.0,26,chi_square,
discrete_categorical,1000,1.0,null,0.0,26,log_likelihood,
discrete_categorical,1000,1.0,null,0.0,26,modified_log_likelihood,
discrete_categorical,1000,1.0,null,0.0,26,pillai,False
discrete_categorical,1000,1.0,null,0.0,27,chi_square,
discrete_categorical,1000,1.0,null,0.0,27,log_likelihood,
discrete_categorical,1000,1.0,null,0.0,27,modified_log_likelihood,
discrete_categorical,1000,1.0,null,0.0,27,pillai,False
discrete_categorical,1000,1.0,null,0.0,28,chi_square,
discrete_categorical,1000,1.0,null,0.0,28,log_likelihood,
discrete_categorical,1000,1.0,null,0.0,28,modified_log_likelihood,
discrete_categorical,1000,1.0,null,0.0,28,pillai,False
discrete_categorical,1000,1.0,null,0.0,29,chi_square,
discrete_categorical,1000,1.0,null,0.0,29,log_likelihood,
discrete_categorical,1000,1.0,null,0.0,29,modified_log_likelihood,
discrete_categorical,1000,1.0,null,0.0,29,pillai,False
discrete_categorical,1000,1.0,null,0.0,30,chi_square,
discrete_categorical,1000,1.0,null,0.0,30,log_likelihood,
discrete_categorical,1000,1.0,null,0.0,30,modified_log_likelihood,
discrete_categorical,1000,1.0,null,0.0,30,pillai,False
discrete_categorical,1000,1.0,null,0.0,31,chi_square,
discrete_categorical,1000,1.0,null,0.0,31,log_likelihood,
discrete_categorical,1000,1.0,null,0.0,31,modified_log_likelihood,
discrete_categorical,1000,1.0,null,0.0,31,pillai,False
discrete_categorical,1000,1.0,null,0.0,32,chi_square,
discrete_categorical,1000,1.0,null,0.0,32,log_likelihood,
discrete_categorical,1000,1.0,null,0.0,32,modified_log_likelihood,
discrete_categorical,1000,1.0,null,0.0,32,pillai,False
discrete_categorical,1000,1.0,null,0.0,33,chi_square,
discrete_categorical,1000,1.0,null,0.0,33,log_likelihood,
discrete_categorical,1000,1.0,null,0.0,33,modified_log_likelihood,
discrete_categorical,1000,1.0,null,0.0,33,pillai,False
discrete_categorical,1000,1.0,null,0.0,34,chi_square,
discrete_categorical,1000,1.0,null,0.0,34,log_likelihood,
discrete_categorical,1000,1.0,null,0.0,34,modified_log_likelihood,
discrete_categorical,1000,1.0,null,0.0,34,pillai,True
discrete_categorical,1000,1.0,null,0.0,35,chi_square,
discrete_categorical,1000,1.0,null,0.0,35,log_likelihood,
discrete_categorical,1000,1.0,null,0.0,35,modified_log_likelihood,
discrete_categorical,1000,1.0,null,0.0,35,pillai,False
discrete_categorical,1000,1.0,null,0.0,36,chi_square,
discrete_categorical,1000,1.0,null,0.0,36,log_likelihood,
discrete_categorical,1000,1.0,null,0.0,36,modified_log_likelihood,
discrete_categorical,1000,1.0,null,0.0,36,pillai,False
discrete_categorical,1000,1.0,null,0.0,37,chi_square,
discrete_categorical,1000,1.0,null,0.0,37,log_likelihood,
discrete_categorical,1000,1.0,null,0.0,37,modified_log_likelihood,
discrete_categorical,1000,1.0,null,0.0,37,pillai,False
discrete_categorical,1000,1.0,null,0.0,38,chi_square,
discrete_categorical,1000,1.0,null,0.0,38,log_likelihood,
discrete_categorical,1000,1.0,null,0.0,38,modified_log_likelihood,
discrete_categorical,1000,1.0,null,0.0,38,pillai,False
discrete_categorical,1000,1.0,null,0.0,39,chi_square,
discrete_categorical,1000,1.0,null,0.0,39,log_likelihood,
discrete_categorical,1000,1.0,null,0.0,39,modified_log_likelihood,
discrete_categorical,1000,1.0,null,0.0,39,pillai,False
discrete_categorical,1000,1.0,null,0.0,40,chi_square,
discrete_categorical,1000,1.0,null,0.0,40,log_likelihood,
discrete_categorical,1000,1.0,null,0.0,40,modified_log_likelihood,
discrete_categorical,1000,1.0,null,0.0,40,pillai,False
discrete_categorical,1000,1.0,null,0.0,41,chi_square,
discrete_categorical,1000,1.0,null,0.0,41,log_likelihood,
discrete_categorical,1000,1.0,null,0.0,41,modified_log_likelihood,
discrete_categorical,1000,1.0,null,0.0,41,pillai,False
discrete_categorical,1000,1.0,null,0.0,42,chi_square,
discrete_categorical,1000,1.0,null,0.0,42,log_likelihood,
discrete_categorical,1000,1.0,null,0.0,42,modified_log_likelihood,
discrete_categorical,1000,1.0,null,0.0,42,pillai,False
discrete_categorical,1000,1.0,null,0.0,43,chi_square,
discrete_categorical,1000,1.0,null,0.0,43,log_likelihood,
discrete_categorical,1000,1.0,null,0.0,43,modified_log_likelihood,
discrete_categorical,1000,1.0,null,0.0,43,pillai,False
discrete_categorical,1000,1.0,null,0.0,44,chi_square,
discrete_categorical,1000,1.0,null,0.0,44,log_likelihood,
discrete_categorical,1000,1.0,null,0.0,44,modified_log_likelihood,
discrete_categorical,1000,1.0,null,0.0,44,pillai,False
discrete_categorical,1000,1.0,null,0.0,45,chi_square,
discrete_categorical,1000,1.0,null,0.0,45,log_likelihood,
discrete_categorical,1000,1.0,null,0.0,45,modified_log_likelihood,
discrete_categorical,1000,1.0,null,0.0,45,pillai,False
discrete_categorical,1000,1.0,null,0.0,46,chi_square,
discrete_categorical,1000,1.0,null,0.0,46,log_likelihood,
discrete_categorical,1000,1.0,null,0.0,46,modified_log_likelihood,
discrete_categorical,1000,1.0,null,0.0,46,pillai,False
discrete_categorical,1000,1.0,null,0.0,47,chi_square,
discrete_categorical,1000,1.0,null,0.0,47,log_likelihood,
discrete_categorical,1000,1.0,null,0.0,47,modified_log_likelihood,
discrete_categorical,1000,1.0,null,0.0,47,pillai,False
discrete_categorical,1000,1.0,null,0.0,48,chi_square,
discrete_categorical,1000,1.0,null,0.0,48,log_likelihood,
discrete_categorical,1000,1.0,null,0.0,48,modified_log_likelihood,
discrete_categorical,1000,1.0,null,0.0,48,pillai,False
discrete_categorical,1000,1.0,null,0.0,49,chi_square,
discrete_categorical,1000,1.0,null,0.0,49,log_likelihood,
discrete_categorical,1000,1.0,null,0.0,49,modified_log_likelihood,
discrete_categorical,1000,1.0,null,0.0,49,pillai,True
discrete_categorical,1000,1.0,alt,1.0,0,chi_square,
discrete_categorical,1000,1.0,alt,1.0,0,log_likelihood,
discrete_categorical,1000,1.0,alt,1.0,0,modified_log_likelihood,
discrete_categorical,1000,1.0,alt,1.0,0,pillai,False
discrete_categorical,1000,1.0,alt,1.0,1,chi_square,
discrete_categorical,1000,1.0,alt,1.0,1,log_likelihood,
discrete_categorical,1000,1.0,alt,1.0,1,modified_log_likelihood,
discrete_categorical,1000,1.0,alt,1.0,1,pillai,True
discrete_categorical,1000,1.0,alt,1.0,2,chi_square,
discrete_categorical,1000,1.0,alt,1.0,2,log_likelihood,
discrete_categorical,1000,1.0,alt,1.0,2,modified_log_likelihood,
discrete_categorical,1000,1.0,alt,1.0,2,pillai,False
discrete_categorical,1000,1.0,alt,1.0,3,chi_square,
discrete_categorical,1000,1.0,alt,1.0,3,log_likelihood,
discrete_categorical,1000,1.0,alt,1.0,3,modified_log_likelihood,
discrete_categorical,1000,1.0,alt,1.0,3,pillai,False
discrete_categorical,1000,1.0,alt,1.0,4,chi_square,
discrete_categorical,1000,1.0,alt,1.0,4,log_likelihood,
discrete_categorical,1000,1.0,alt,1.0,4,modified_log_likelihood,
discrete_categorical,1000,1.0,alt,1.0,4,pillai,False
discrete_categorical,1000,1.0,alt,1.0,5,chi_square,
discrete_categorical,1000,1.0,alt,1.0,5,log_likelihood,
discrete_categorical,1000,1.0,alt,1.0,5,modified_log_likelihood,
discrete_categorical,1000,1.0,alt,1.0,5,pillai,False
discrete_categorical,1000,1.0,alt,1.0,6,chi_square,
discrete_categorical,1000,1.0,alt,1.0,6,log_likelihood,
discrete_categorical,1000,1.0,alt,1.0,6,modified_log_likelihood,
discrete_categorical,1000,1.0,alt,1.0,6,pillai,False
discrete_categorical,1000,1.0,alt,1.0,7,chi_square,
discrete_categorical,1000,1.0,alt,1.0,7,log_likelihood,
discrete_categorical,1000,1.0,alt,1.0,7,modified_log_likelihood,
discrete_categorical,1000,1.0,alt,1.0,7,pillai,False
discrete_categorical,1000,1.0,alt,1.0,8,chi_square,
discrete_categorical,1000,1.0,alt,1.0,8,log_likelihood,
discrete_categorical,1000,1.0,alt,1.0,8,modified_log_likelihood,
discrete_categorical,1000,1.0,alt,1.0,8,pillai,False
discrete_categorical,1000,1.0,alt,1.0,9,chi_square,
discrete_categorical,1000,1.0,alt,1.0,9,log_likelihood,
discrete_categorical,1000,1.0,alt,1.0,9,modified_log_likelihood,
discrete_categorical,1000,1.0,alt,1.0,9,pillai,False
discrete_categorical,1000,1.0,alt,1.0,10,chi_square,
discrete_categorical,1000,1.0,alt,1.0,10,log_likelihood,
discrete_categorical,1000,1.0,alt,1.0,10,modified_log_likelihood,
discrete_categorical,1000,1.0,alt,1.0,10,pillai,False
discrete_categorical,1000,1.0,alt,1.0,11,chi_square,
discrete_categorical,1000,1.0,alt,1.0,11,log_likelihood,
discrete_categorical,1000,1.0,alt,1.0,11,modified_log_likelihood,
discrete_categorical,1000,1.0,alt,1.0,11,pillai,False
discrete_categorical,1000,1.0,alt,1.0,12,chi_square,
discrete_categorical,1000,1.0,alt,1.0,12,log_likelihood,
discrete_categorical,1000,1.0,alt,1.0,12,modified_log_likelihood,
discrete_categorical,1000,1.0,alt,1.0,12,pillai,True
discrete_categorical,1000,1.0,alt,1.0,13,chi_square,
discrete_categorical,1000,1.0,alt,1.0,13,log_likelihood,
discrete_categorical,1000,1.0,alt,1.0,13,modified_log_likelihood,
discrete_categorical,1000,1.0,alt,1.0,13,pillai,False
discrete_categorical,1000,1.0,alt,1.0,14,chi_square,
discrete_categorical,1000,1.0,alt,1.0,14,log_likelihood,
discrete_categorical,1000,1.0,alt,1.0,14,modified_log_likelihood,
discrete_categorical,1000,1.0,alt,1.0,14,pillai,False
discrete_categorical,1000,1.0,alt,1.0,15,chi_square,
discrete_categorical,1000,1.0,alt,1.0,15,log_likelihood,
discrete_categorical,1000,1.0,alt,1.0,15,modified_log_likelihood,
discrete_categorical,1000,1.0,alt,1.0,15,pillai,False
discrete_categorical,1000,1.0,alt,1.0,16,chi_square,
discrete_categorical,1000,1.0,alt,1.0,16,log_likelihood,
discrete_categorical,1000,1.0,alt,1.0,16,modified_log_likelihood,
discrete_categorical,1000,1.0,alt,1.0,16,pillai,True
discrete_categorical,1000,1.0,alt,1.0,17,chi_square,
discrete_categorical,1000,1.0,alt,1.0,17,log_likelihood,
discrete_categorical,1000,1.0,alt,1.0,17,modified_log_likelihood,
discrete_categorical,1000,1.0,alt,1.0,17,pillai,False
discrete_categorical,1000,1.0,alt,1.0,18,chi_square,
discrete_categorical,1000,1.0,alt,1.0,18,log_likelihood,
discrete_categorical,1000,1.0,alt,1.0,18,modified_log_likelihood,
discrete_categorical,1000,1.0,alt,1.0,18,pillai,False
discrete_categorical,1000,1.0,alt,1.0,19,chi_square,
discrete_categorical,1000,1.0,alt,1.0,19,log_likelihood,
discrete_categorical,1000,1.0,alt,1.0,19,modified_log_likelihood,
discrete_categorical,1000,1.0,alt,1.0,19,pillai,True
discrete_categorical,1000,1.0,alt,1.0,20,chi_square,
discrete_categorical,1000,1.0,alt,1.0,20,log_likelihood,
discrete_categorical,1000,1.0,alt,1.0,20,modified_log_likelihood,
discrete_categorical,1000,1.0,alt,1.0,20,pillai,False
discrete_categorical,1000,1.0,alt,1.0,21,chi_square,
discrete_categorical,1000,1.0,alt,1.0,21,log_likelihood,
discrete_categorical,1000,1.0,alt,1.0,21,modified_log_likelihood,
discrete_categorical,1000,1.0,alt,1.0,21,pillai,False
discrete_categorical,1000,1.0,alt,1.0,22,chi_square,
discrete_categorical,1000,1.0,alt,1.0,22,log_likelihood,
discrete_categorical,1000,1.0,alt,1.0,22,modified_log_likelihood,
discrete_categorical,1000,1.0,alt,1.0,22,pillai,False
discrete_categorical,1000,1.0,alt,1.0,23,chi_square,
discrete_categorical,1000,1.0,alt,1.0,23,log_likelihood,
discrete_categorical,1000,1.0,alt,1.0,23,modified_log_likelihood,
discrete_categorical,1000,1.0,alt,1.0,23,pillai,False
discrete_categorical,1000,1.0,alt,1.0,24,chi_square,
discrete_categorical,1000,1.0,alt,1.0,24,log_likelihood,
discrete_categorical,1000,1.0,alt,1.0,24,modified_log_likelihood,
discrete_categorical,1000,1.0,alt,1.0,24,pillai,False
discrete_categorical,1000,1.0,alt,1.0,25,chi_square,
discrete_categorical,1000,1.0,alt,1.0,25,log_likelihood,
discrete_categorical,1000,1.0,alt,1.0,25,modified_log_likelihood,
discrete_categorical,1000,1.0,alt,1.0,25,pillai,False
discrete_categorical,1000,1.0,alt,1.0,26,chi_square,
discrete_categorical,1000,1.0,alt,1.0,26,log_likelihood,
discrete_categorical,1000,1.0,alt,1.0,26,modified_log_likelihood,
discrete_categorical,1000,1.0,alt,1.0,26,pillai,False
discrete_categorical,1000,1.0,alt,1.0,27,chi_square,
discrete_categorical,1000,1.0,alt,1.0,27,log_likelihood,
discrete_categorical,1000,1.0,alt,1.0,27,modified_log_likelihood,
discrete_categorical,1000,1.0,alt,1.0,27,pillai,False
discrete_categorical,1000,1.0,alt,1.0,28,chi_square,
discrete_categorical,1000,1.0,alt,1.0,28,log_likelihood,
discrete_categorical,1000,1.0,alt,1.0,28,modified_log_likelihood,
discrete_categorical,1000,1.0,alt,1.0,28,pillai,False
discrete_categorical,1000,1.0,alt,1.0,29,chi_square,
discrete_categorical,1000,1.0,alt,1.0,29,log_likelihood,
discrete_categorical,1000,1.0,alt,1.0,29,modified_log_likelihood,
discrete_categorical,1000,1.0,alt,1.0,29,pillai,False
discrete_categorical,1000,1.0,alt,1.0,30,chi_square,
discrete_categorical,1000,1.0,alt,1.0,30,log_likelihood,
discrete_categorical,1000,1.0,alt,1.0,30,modified_log_likelihood,
discrete_categorical,1000,1.0,alt,1.0,30,pillai,False
discrete_categorical,1000,1.0,alt,1.0,31,chi_square,
discrete_categorical,1000,1.0,alt,1.0,31,log_likelihood,
discrete_categorical,1000,1.0,alt,1.0,31,modified_log_likelihood,
discrete_categorical,1000,1.0,alt,1.0,31,pillai,False
discrete_categorical,1000,1.0,alt,1.0,32,chi_square,
discrete_categorical,1000,1.0,alt,1.0,32,log_likelihood,
discrete_categorical,1000,1.0,alt,1.0,32,modified_log_likelihood,
discrete_categorical,1000,1.0,alt,1.0,32,pillai,False
discrete_categorical,1000,1.0,alt,1.0,33,chi_square,
discrete_categorical,1000,1.0,alt,1.0,33,log_likelihood,
discrete_categorical,1000,1.0,alt,1.0,33,modified_log_likelihood,
discrete_categorical,1000,1.0,alt,1.0,33,pillai,False
discrete_categorical,1000,1.0,alt,1.0,34,chi_square,
discrete_categorical,1000,1.0,alt,1.0,34,log_likelihood,
discrete_categorical,1000,1.0,alt,1.0,34,modified_log_likelihood,
discrete_categorical,1000,1.0,alt,1.0,34,pillai,True
discrete_categorical,1000,1.0,alt,1.0,35,chi_square,
discrete_categorical,1000,1.0,alt,1.0,35,log_likelihood,
discrete_categorical,1000,1.0,alt,1.0,35,modified_log_likelihood,
discrete_categorical,1000,1.0,alt,1.0,35,pillai,False
discrete_categorical,1000,1.0,alt,1.0,36,chi_square,
discrete_categorical,1000,1.0,alt,1.0,36,log_likelihood,
discrete_categorical,1000,1.0,alt,1.0,36,modified_log_likelihood,
discrete_categorical,1000,1.0,alt,1.0,36,pillai,False
discrete_categorical,1000,1.0,alt,1.0,37,chi_square,
discrete_categorical,1000,1.0,alt,1.0,37,log_likelihood,
discrete_categorical,1000,1.0,alt,1.0,37,modified_log_likelihood,
discrete_categorical,1000,1.0,alt,1.0,37,pillai,False
discrete_categorical,1000,1.0,alt,1.0,38,chi_square,
discrete_categorical,1000,1.0,alt,1.0,38,log_likelihood,
discrete_categorical,1000,1.0,alt,1.0,38,modified_log_likelihood,
discrete_categorical,1000,1.0,alt,1.0,38,pillai,False
discrete_categorical,1000,1.0,alt,1.0,39,chi_square,
discrete_categorical,1000,1.0,alt,1.0,39,log_likelihood,
discrete_categorical,1000,1.0,alt,1.0,39,modified_log_likelihood,
discrete_categorical,1000,1.0,alt,1.0,39,pillai,False
discrete_categorical,1000,1.0,alt,1.0,40,chi_square,
discrete_categorical,1000,1.0,alt,1.0,40,log_likelihood,
discrete_categorical,1000,1.0,alt,1.0,40,modified_log_likelihood,
discrete_categorical,1000,1.0,alt,1.0,40,pillai,False
discrete_categorical,1000,1.0,alt,1.0,41,chi_square,
discrete_categorical,1000,1.0,alt,1.0,41,log_likelihood,
discrete_categorical,1000,1.0,alt,1.0,41,modified_log_likelihood,
discrete_categorical,1000,1.0,alt,1.0,41,pillai,False
discrete_categorical,1000,1.0,alt,1.0,42,chi_square,
discrete_categorical,1000,1.0,alt,1.0,42,log_likelihood,
discrete_categorical,1000,1.0,alt,1.0,42,modified_log_likelihood,
discrete_categorical,1000,1.0,alt,1.0,42,pillai,False
discrete_categorical,1000,1.0,alt,1.0,43,chi_square,
discrete_categorical,1000,1.0,alt,1.0,43,log_likelihood,
discrete_categorical,1000,1.0,alt,1.0,43,modified_log_likelihood,
discrete_categorical,1000,1.0,alt,1.0,43,pillai,False
discrete_categorical,1000,1.0,alt,1.0,44,chi_square,
discrete_categorical,1000,1.0,alt,1.0,44,log_likelihood,
discrete_categorical,1000,1.0,alt,1.0,44,modified_log_likelihood,
discrete_categorical,1000,1.0,alt,1.0,44,pillai,False
discrete_categorical,1000,1.0,alt,1.0,45,chi_square,
discrete_categorical,1000,1.0,alt,1.0,45,log_likelihood,
discrete_categorical,1000,1.0,alt,1.0,45,modified_log_likelihood,
discrete_categorical,1000,1.0,alt,1.0,45,pillai,False
discrete_categorical,1000,1.0,alt,1.0,46,chi_square,
discrete_categorical,1000,1.0,alt,1.0,46,log_likelihood,
discrete_categorical,1000,1.0,alt,1.0,46,modified_log_likelihood,
discrete_categorical,1000,1.0,alt,1.0,46,pillai,False
discrete_categorical,1000,1.0,alt,1.0,47,chi_square,
discrete_categorical,1000,1.0,alt,1.0,47,log_likelihood,
discrete_categorical,1000,1.0,alt,1.0,47,modified_log_likelihood,
discrete_categorical,1000,1.0,alt,1.0,47,pillai,False
discrete_categorical,1000,1.0,alt,1.0,48,chi_square,
discrete_categorical,1000,1.0,alt,1.0,48,log_likelihood,
discrete_categorical,1000,1.0,alt,1.0,48,modified_log_likelihood,
discrete_categorical,1000,1.0,alt,1.0,48,pillai,False
discrete_categorical,1000,1.0,alt,1.0,49,chi_square,
discrete_categorical,1000,1.0,alt,1.0,49,log_likelihood,
discrete_categorical,1000,1.0,alt,1.0,49,modified_log_likelihood,
discrete_categorical,1000,1.0,alt,1.0,49,pillai,True
mixed_data,100,0.5,null,0.0,0,pillai,False
mixed_data,100,0.5,null,0.0,1,pillai,False
mixed_data,100,0.5,null,0.0,2,pillai,False
mixed_data,100,0.5,null,0.0,3,pillai,False
mixed_data,100,0.5,null,0.0,4,pillai,False
mixed_data,100,0.5,null,0.0,5,pillai,False
mixed_data,100,0.5,null,0.0,6,pillai,False
mixed_data,100,0.5,null,0.0,7,pillai,False
mixed_data,100,0.5,null,0.0,8,pillai,False
mixed_data,100,0.5,null,0.0,9,pillai,False
mixed_data,100,0.5,null,0.0,10,pillai,False
mixed_data,100,0.5,null,0.0,11,pillai,False
mixed_data,100,0.5,null,0.0,12,pillai,False
mixed_data,100,0.5,null,0.0,13,pillai,False
mixed_data,100,0.5,null,0.0,14,pillai,False
mixed_data,100,0.5,null,0.0,15,pillai,False
mixed_data,100,0.5,null,0.0,16,pillai,False
mixed_data,100,0.5,null,0.0,17,pillai,False
mixed_data,100,0.5,null,0.0,18,pillai,False
mixed_data,100,0.5,null,0.0,19,pillai,False
mixed_data,100,0.5,null,0.0,20,pillai,False
mixed_data,100,0.5,null,0.0,21,pillai,False
mixed_data,100,0.5,null,0.0,22,pillai,False
mixed_data,100,0.5,null,0.0,23,pillai,False
mixed_data,100,0.5,null,0.0,24,pillai,False
mixed_data,100,0.5,null,0.0,25,pillai,False
mixed_data,100,0.5,null,0.0,26,pillai,False
mixed_data,100,0.5,null,0.0,27,pillai,False
mixed_data,100,0.5,null,0.0,28,pillai,False
mixed_data,100,0.5,null,0.0,29,pillai,True
mixed_data,100,0.5,null,0.0,30,pillai,False
mixed_data,100,0.5,null,0.0,31,pillai,False
mixed_data,100,0.5,null,0.0,32,pillai,False
mixed_data,100,0.5,null,0.0,33,pillai,False
mixed_data,100,0.5,null,0.0,34,pillai,False
mixed_data,100,0.5,null,0.0,35,pillai,False
mixed_data,100,0.5,null,0.0,36,pillai,False
mixed_data,100,0.5,null,0.0,37,pillai,False
mixed_data,100,0.5,null,0.0,38,pillai,False
mixed_data,100,0.5,null,0.0,39,pillai,False
mixed_data,100,0.5,null,0.0,40,pillai,False
mixed_data,100,0.5,null,0.0,41,pillai,False
mixed_data,100,0.5,null,0.0,42,pillai,False
mixed_data,100,0.5,null,0.0,43,pillai,False
mixed_data,100,0.5,null,0.0,44,pillai,False
mixed_data,100,0.5,null,0.0,45,pillai,False
mixed_data,100,0.5,null,0.0,46,pillai,False
mixed_data,100,0.5,null,0.0,47,pillai,False
mixed_data,100,0.5,null,0.0,48,pillai,False
mixed_data,100,0.5,null,0.0,49,pillai,False
mixed_data,100,0.5,alt,1.0,0,pillai,False
mixed_data,100,0.5,alt,1.0,1,pillai,False
mixed_data,100,0.5,alt,1.0,2,pillai,False
mixed_data,100,0.5,alt,1.0,3,pillai,False
mixed_data,100,0.5,alt,1.0,4,pillai,False
mixed_data,100,0.5,alt,1.0,5,pillai,False
mixed_data,100,0.5,alt,1.0,6,pillai,False
mixed_data,100,0.5,alt,1.0,7,pillai,False
mixed_data,100,0.5,alt,1.0,8,pillai,False
mixed_data,100,0.5,alt,1.0,9,pillai,False
mixed_data,100,0.5,alt,1.0,10,pillai,False
mixed_data,100,0.5,alt,1.0,11,pillai,False
mixed_data,100,0.5,alt,1.0,12,pillai,False
mixed_data,100,0.5,alt,1.0,13,pillai,False
mixed_data,100,0.5,alt,1.0,14,pillai,False
mixed_data,100,0.5,alt,1.0,15,pillai,False
mixed_data,100,0.5,alt,1.0,16,pillai,False
mixed_data,100,0.5,alt,1.0,17,pillai,False
mixed_data,100,0.5,alt,1.0,18,pillai,False
mixed_data,100,0.5,alt,1.0,19,pillai,False
mixed_data,100,0.5,alt,1.0,20,pillai,False
mixed_data,100,0.5,alt,1.0,21,pillai,False
mixed_data,100,0.5,alt,1.0,22,pillai,False
mixed_data,100,0.5,alt,1.0,23,pillai,False
mixed_data,100,0.5,alt,1.0,24,pillai,False
mixed_data,100,0.5,alt,1.0,25,pillai,False
mixed_data,100,0.5,alt,1.0,26,pillai,False
mixed_data,100,0.5,alt,1.0,27,pillai,False
mixed_data,100,0.5,alt,1.0,28,pillai,False
mixed_data,100,0.5,alt,1.0,29,pillai,True
mixed_data,100,0.5,alt,1.0,30,pillai,False
mixed_data,100,0.5,alt,1.0,31,pillai,False
mixed_data,100,0.5,alt,1.0,32,pillai,False
mixed_data,100,0.5,alt,1.0,33,pillai,False
mixed_data,100,0.5,alt,1.0,34,pillai,False
mixed_data,100,0.5,alt,1.0,35,pillai,False
mixed_data,100,0.5,alt,1.0,36,pillai,False
mixed_data,100,0.5,alt,1.0,37,pillai,False
mixed_data,100,0.5,alt,1.0,38,pillai,False
mixed_data,100,0.5,alt,1.0,39,pillai,False
mixed_data,100,0.5,alt,1.0,40,pillai,False
mixed_data,100,0.5,alt,1.0,41,pillai,False
mixed_data,100,0.5,alt,1.0,42,pillai,False
mixed_data,100,0.5,alt,1.0,43,pillai,False
mixed_data,100,0.5,alt,1.0,44,pillai,False
mixed_data,100,0.5,alt,1.0,45,pillai,False
mixed_data,100,0.5,alt,1.0,46,pillai,False
mixed_data,100,0.5,alt,1.0,47,pillai,False
mixed_data,100,0.5,alt,1.0,48,pillai,False
mixed_data,100,0.5,alt,1.0,49,pillai,False
mixed_data,100,1.0,null,0.0,0,pillai,False
mixed_data,100,1.0,null,0.0,1,pillai,False
mixed_data,100,1.0,null,0.0,2,pillai,False
mixed_data,100,1.0,null,0.0,3,pillai,False
mixed_data,100,1.0,null,0.0,4,pillai,False
mixed_data,100,1.0,null,0.0,5,pillai,False
mixed_data,100,1.0,null,0.0,6,pillai,False
mixed_data,100,1.0,null,0.0,7,pillai,False
mixed_data,100,1.0,null,0.0,8,pillai,False
mixed_data,100,1.0,null,0.0,9,pillai,False
mixed_data,100,1.0,null,0.0,10,pillai,False
mixed_data,100,1.0,null,0.0,11,pillai,False
mixed_data,100,1.0,null,0.0,12,pillai,False
mixed_data,100,1.0,null,0.0,13,pillai,False
mixed_data,100,1.0,null,0.0,14,pillai,False
mixed_data,100,1.0,null,0.0,15,pillai,False
mixed_data,100,1.0,null,0.0,16,pillai,False
mixed_data,100,1.0,null,0.0,17,pillai,False
mixed_data,100,1.0,null,0.0,18,pillai,False
mixed_data,100,1.0,null,0.0,19,pillai,False
mixed_data,100,1.0,null,0.0,20,pillai,False
mixed_data,100,1.0,null,0.0,21,pillai,False
mixed_data,100,1.0,null,0.0,22,pillai,False
mixed_data,100,1.0,null,0.0,23,pillai,False
mixed_data,100,1.0,null,0.0,24,pillai,False
mixed_data,100,1.0,null,0.0,25,pillai,False
mixed_data,100,1.0,null,0.0,26,pillai,False
mixed_data,100,1.0,null,0.0,27,pillai,False
mixed_data,100,1.0,null,0.0,28,pillai,False
mixed_data,100,1.0,null,0.0,29,pillai,True
mixed_data,100,1.0,null,0.0,30,pillai,False
mixed_data,100,1.0,null,0.0,31,pillai,False
mixed_data,100,1.0,null,0.0,32,pillai,False
mixed_data,100,1.0,null,0.0,33,pillai,False
mixed_data,100,1.0,null,0.0,34,pillai,False
mixed_data,100,1.0,null,0.0,35,pillai,False
mixed_data,100,1.0,null,0.0,36,pillai,False
mixed_data,100,1.0,null,0.0,37,pillai,False
mixed_data,100,1.0,null,0.0,38,pillai,False
mixed_data,100,1.0,null,0.0,39,pillai,False
mixed_data,100,1.0,null,0.0,40,pillai,False
mixed_data,100,1.0,null,0.0,41,pillai,False
mixed_data,100,1.0,null,0.0,42,pillai,False
mixed_data,100,1.0,null,0.0,43,pillai,False
mixed_data,100,1.0,null,0.0,44,pillai,False
mixed_data,100,1.0,null,0.0,45,pillai,False
mixed_data,100,1.0,null,0.0,46,pillai,False
mixed_data,100,1.0,null,0.0,47,pillai,False
mixed_data,100,1.0,null,0.0,48,pillai,False
mixed_data,100,1.0,null,0.0,49,pillai,False
mixed_data,100,1.0,alt,1.0,0,pillai,False
mixed_data,100,1.0,alt,1.0,1,pillai,False
mixed_data,100,1.0,alt,1.0,2,pillai,False
mixed_data,100,1.0,alt,1.0,3,pillai,False
mixed_data,100,1.0,alt,1.0,4,pillai,False
mixed_data,100,1.0,alt,1.0,5,pillai,False
mixed_data,100,1.0,alt,1.0,6,pillai,False
mixed_data,100,1.0,alt,1.0,7,pillai,False
mixed_data,100,1.0,alt,1.0,8,pillai,False
mixed_data,100,1.0,alt,1.0,9,pillai,False
mixed_data,100,1.0,alt,1.0,10,pillai,False
mixed_data,100,1.0,alt,1.0,11,pillai,False
mixed_data,100,1.0,alt,1.0,12,pillai,False
mixed_data,100,1.0,alt,1.0,13,pillai,False
mixed_data,100,1.0,alt,1.0,14,pillai,False
mixed_data,100,1.0,alt,1.0,15,pillai,False
mixed_data,100,1.0,alt,1.0,16,pillai,False
mixed_data,100,1.0,alt,1.0,17,pillai,False
mixed_data,100,1.0,alt,1.0,18,pillai,False
mixed_data,100,1.0,alt,1.0,19,pillai,False
mixed_data,100,1.0,alt,1.0,20,pillai,False
mixed_data,100,1.0,alt,1.0,21,pillai,False
mixed_data,100,1.0,alt,1.0,22,pillai,False
mixed_data,100,1.0,alt,1.0,23,pillai,False
mixed_data,100,1.0,alt,1.0,24,pillai,False
mixed_data,100,1.0,alt,1.0,25,pillai,False
mixed_data,100,1.0,alt,1.0,26,pillai,False
mixed_data,100,1.0,alt,1.0,27,pillai,False
mixed_data,100,1.0,alt,1.0,28,pillai,False
mixed_data,100,1.0,alt,1.0,29,pillai,True
mixed_data,100,1.0,alt,1.0,30,pillai,False
mixed_data,100,1.0,alt,1.0,31,pillai,False
mixed_data,100,1.0,alt,1.0,32,pillai,False
mixed_data,100,1.0,alt,1.0,33,pillai,False
mixed_data,100,1.0,alt,1.0,34,pillai,False
mixed_data,100,1.0,alt,1.0,35,pillai,False
mixed_data,100,1.0,alt,1.0,36,pillai,False
mixed_data,100,1.0,alt,1.0,37,pillai,False
mixed_data,100,1.0,alt,1.0,38,pillai,False
mixed_data,100,1.0,alt,1.0,39,pillai,False
mixed_data,100,1.0,alt,1.0,40,pillai,False
mixed_data,100,1.0,alt,1.0,41,pillai,False
mixed_data,100,1.0,alt,1.0,42,pillai,False
mixed_data,100,1.0,alt,1.0,43,pillai,False
mixed_data,100,1.0,alt,1.0,44,pillai,False
mixed_data,100,1.0,alt,1.0,45,pillai,False
mixed_data,100,1.0,alt,1.0,46,pillai,False
mixed_data,100,1.0,alt,1.0,47,pillai,False
mixed_data,100,1.0,alt,1.0,48,pillai,False
mixed_data,100,1.0,alt,1.0,49,pillai,False
mixed_data,500,0.5,null,0.0,0,pillai,False
mixed_data,500,0.5,null,0.0,1,pillai,False
mixed_data,500,0.5,null,0.0,2,pillai,False
mixed_data,500,0.5,null,0.0,3,pillai,False
mixed_data,500,0.5,null,0.0,4,pillai,False
mixed_data,500,0.5,null,0.0,5,pillai,False
mixed_data,500,0.5,null,0.0,6,pillai,False
mixed_data,500,0.5,null,0.0,7,pillai,False
mixed_data,500,0.5,null,0.0,8,pillai,False
mixed_data,500,0.5,null,0.0,9,pillai,False
mixed_data,500,0.5,null,0.0,10,pillai,False
mixed_data,500,0.5,null,0.0,11,pillai,False
mixed_data,500,0.5,null,0.0,12,pillai,False
mixed_data,500,0.5,null,0.0,13,pillai,False
mixed_data,500,0.5,null,0.0,14,pillai,False
mixed_data,500,0.5,null,0.0,15,pillai,False
mixed_data,500,0.5,null,0.0,16,pillai,False
mixed_data,500,0.5,null,0.0,17,pillai,False
mixed_data,500,0.5,null,0.0,18,pillai,False
mixed_data,500,0.5,null,0.0,19,pillai,False
mixed_data,500,0.5,null,0.0,20,pillai,False
mixed_data,500,0.5,null,0.0,21,pillai,False
mixed_data,500,0.5,null,0.0,22,pillai,False
mixed_data,500,0.5,null,0.0,23,pillai,False
mixed_data,500,0.5,null,0.0,24,pillai,False
mixed_data,500,0.5,null,0.0,25,pillai,False
mixed_data,500,0.5,null,0.0,26,pillai,False
mixed_data,500,0.5,null,0.0,27,pillai,False
mixed_data,500,0.5,null,0.0,28,pillai,False
mixed_data,500,0.5,null,0.0,29,pillai,False
mixed_data,500,0.5,null,0.0,30,pillai,False
mixed_data,500,0.5,null,0.0,31,pillai,False
mixed_data,500,0.5,null,0.0,32,pillai,True
mixed_data,500,0.5,null,0.0,33,pillai,False
mixed_data,500,0.5,null,0.0,34,pillai,False
mixed_data,500,0.5,null,0.0,35,pillai,False
mixed_data,500,0.5,null,0.0,36,pillai,False
mixed_data,500,0.5,null,0.0,37,pillai,False
mixed_data,500,0.5,null,0.0,38,pillai,False
mixed_data,500,0.5,null,0.0,39,pillai,False
mixed_data,500,0.5,null,0.0,40,pillai,False
mixed_data,500,0.5,null,0.0,41,pillai,False
mixed_data,500,0.5,null,0.0,42,pillai,False
mixed_data,500,0.5,null,0.0,43,pillai,False
mixed_data,500,0.5,null,0.0,44,pillai,False
mixed_data,500,0.5,null,0.0,45,pillai,False
mixed_data,500,0.5,null,0.0,46,pillai,False
mixed_data,500,0.5,null,0.0,47,pillai,False
mixed_data,500,0.5,null,0.0,48,pillai,False
mixed_data,500,0.5,null,0.0,49,pillai,False
mixed_data,500,0.5,alt,1.0,0,pillai,False
mixed_data,500,0.5,alt,1.0,1,pillai,False
mixed_data,500,0.5,alt,1.0,2,pillai,False
mixed_data,500,0.5,alt,1.0,3,pillai,False
mixed_data,500,0.5,alt,1.0,4,pillai,False
mixed_data,500,0.5,alt,1.0,5,pillai,False
mixed_data,500,0.5,alt,1.0,6,pillai,False
mixed_data,500,0.5,alt,1.0,7,pillai,False
mixed_data,500,0.5,alt,1.0,8,pillai,False
mixed_data,500,0.5,alt,1.0,9,pillai,False
mixed_data,500,0.5,alt,1.0,10,pillai,False
mixed_data,500,0.5,alt,1.0,11,pillai,False
mixed_data,500,0.5,alt,1.0,12,pillai,False
mixed_data,500,0.5,alt,1.0,13,pillai,False
mixed_data,500,0.5,alt,1.0,14,pillai,False
mixed_data,500,0.5,alt,1.0,15,pillai,False
mixed_data,500,0.5,alt,1.0,16,pillai,False
mixed_data,500,0.5,alt,1.0,17,pillai,False
mixed_data,500,0.5,alt,1.0,18,pillai,False
mixed_data,500,0.5,alt,1.0,19,pillai,False
mixed_data,500,0.5,alt,1.0,20,pillai,False
mixed_data,500,0.5,alt,1.0,21,pillai,False
mixed_data,500,0.5,alt,1.0,22,pillai,False
mixed_data,500,0.5,alt,1.0,23,pillai,False
mixed_data,500,0.5,alt,1.0,24,pillai,False
mixed_data,500,0.5,alt,1.0,25,pillai,False
mixed_data,500,0.5,alt,1.0,26,pillai,False
mixed_data,500,0.5,alt,1.0,27,pillai,False
mixed_data,500,0.5,alt,1.0,28,pillai,False
mixed_data,500,0.5,alt,1.0,29,pillai,False
mixed_data,500,0.5,alt,1.0,30,pillai,False
mixed_data,500,0.5,alt,1.0,31,pillai,False
mixed_data,500,0.5,alt,1.0,32,pillai,True
mixed_data,500,0.5,alt,1.0,33,pillai,False
mixed_data,500,0.5,alt,1.0,34,pillai,False
mixed_data,500,0.5,alt,1.0,35,pillai,False
mixed_data,500,0.5,alt,1.0,36,pillai,False
mixed_data,500,0.5,alt,1.0,37,pillai,False
mixed_data,500,0.5,alt,1.0,38,pillai,False
mixed_data,500,0.5,alt,1.0,39,pillai,False
mixed_data,500,0.5,alt,1.0,40,pillai,False
mixed_data,500,0.5,alt,1.0,41,pillai,False
mixed_data,500,0.5,alt,1.0,42,pillai,False
mixed_data,500,0.5,alt,1.0,43,pillai,False
mixed_data,500,0.5,alt,1.0,44,pillai,False
mixed_data,500,0.5,alt,1.0,45,pillai,False
mixed_data,500,0.5,alt,1.0,46,pillai,False
mixed_data,500,0.5,alt,1.0,47,pillai,False
mixed_data,500,0.5,alt,1.0,48,pillai,False
mixed_data,500,0.5,alt,1.0,49,pillai,False
mixed_data,500,1.0,null,0.0,0,pillai,False
mixed_data,500,1.0,null,0.0,1,pillai,False
mixed_data,500,1.0,null,0.0,2,pillai,False
mixed_data,500,1.0,null,0.0,3,pillai,False
mixed_data,500,1.0,null,0.0,4,pillai,False
mixed_data,500,1.0,null,0.0,5,pillai,False
mixed_data,500,1.0,null,0.0,6,pillai,False
mixed_data,500,1.0,null,0.0,7,pillai,False
mixed_data,500,1.0,null,0.0,8,pillai,False
mixed_data,500,1.0,null,0.0,9,pillai,False
mixed_data,500,1.0,null,0.0,10,pillai,False
mixed_data,500,1.0,null,0.0,11,pillai,False
mixed_data,500,1.0,null,0.0,12,pillai,False
mixed_data,500,1.0,null,0.0,13,pillai,False
mixed_data,500,1.0,null,0.0,14,pillai,False
mixed_data,500,1.0,null,0.0,15,pillai,False
mixed_data,500,1.0,null,0.0,16,pillai,False
mixed_data,500,1.0,null,0.0,17,pillai,False
mixed_data,500,1.0,null,0.0,18,pillai,False
mixed_data,500,1.0,null,0.0,19,pillai,False
mixed_data,500,1.0,null,0.0,20,pillai,False
mixed_data,500,1.0,null,0.0,21,pillai,False
mixed_data,500,1.0,null,0.0,22,pillai,False
mixed_data,500,1.0,null,0.0,23,pillai,False
mixed_data,500,1.0,null,0.0,24,pillai,False
mixed_data,500,1.0,null,0.0,25,pillai,False
mixed_data,500,1.0,null,0.0,26,pillai,False
mixed_data,500,1.0,null,0.0,27,pillai,False
mixed_data,500,1.0,null,0.0,28,pillai,False
mixed_data,500,1.0,null,0.0,29,pillai,False
mixed_data,500,1.0,null,0.0,30,pillai,False
mixed_data,500,1.0,null,0.0,31,pillai,False
mixed_data,500,1.0,null,0.0,32,pillai,True
mixed_data,500,1.0,null,0.0,33,pillai,False
mixed_data,500,1.0,null,0.0,34,pillai,False
mixed_data,500,1.0,null,0.0,35,pillai,False
mixed_data,500,1.0,null,0.0,36,pillai,False
mixed_data,500,1.0,null,0.0,37,pillai,False
mixed_data,500,1.0,null,0.0,38,pillai,False
mixed_data,500,1.0,null,0.0,39,pillai,False
mixed_data,500,1.0,null,0.0,40,pillai,False
mixed_data,500,1.0,null,0.0,41,pillai,False
mixed_data,500,1.0,null,0.0,42,pillai,False
mixed_data,500,1.0,null,0.0,43,pillai,False
mixed_data,500,1.0,null,0.0,44,pillai,False
mixed_data,500,1.0,null,0.0,45,pillai,False
mixed_data,500,1.0,null,0.0,46,pillai,False
mixed_data,500,1.0,null,0.0,47,pillai,False
mixed_data,500,1.0,null,0.0,48,pillai,False
mixed_data,500,1.0,null,0.0,49,pillai,False
mixed_data,500,1.0,alt,1.0,0,pillai,False
mixed_data,500,1.0,alt,1.0,1,pillai,False
mixed_data,500,1.0,alt,1.0,2,pillai,False
mixed_data,500,1.0,alt,1.0,3,pillai,False
mixed_data,500,1.0,alt,1.0,4,pillai,False
mixed_data,500,1.0,alt,1.0,5,pillai,False
mixed_data,500,1.0,alt,1.0,6,pillai,False
mixed_data,500,1.0,alt,1.0,7,pillai,False
mixed_data,500,1.0,alt,1.0,8,pillai,False
mixed_data,500,1.0,alt,1.0,9,pillai,False
mixed_data,500,1.0,alt,1.0,10,pillai,False
mixed_data,500,1.0,alt,1.0,11,pillai,False
mixed_data,500,1.0,alt,1.0,12,pillai,False
mixed_data,500,1.0,alt,1.0,13,pillai,False
mixed_data,500,1.0,alt,1.0,14,pillai,False
mixed_data,500,1.0,alt,1.0,15,pillai,False
mixed_data,500,1.0,alt,1.0,16,pillai,False
mixed_data,500,1.0,alt,1.0,17,pillai,False
mixed_data,500,1.0,alt,1.0,18,pillai,False
mixed_data,500,1.0,alt,1.0,19,pillai,False
mixed_data,500,1.0,alt,1.0,20,pillai,False
mixed_data,500,1.0,alt,1.0,21,pillai,False
mixed_data,500,1.0,alt,1.0,22,pillai,False
mixed_data,500,1.0,alt,1.0,23,pillai,False
mixed_data,500,1.0,alt,1.0,24,pillai,False
mixed_data,500,1.0,alt,1.0,25,pillai,False
mixed_data,500,1.0,alt,1.0,26,pillai,False
mixed_data,500,1.0,alt,1.0,27,pillai,False
mixed_data,500,1.0,alt,1.0,28,pillai,False
mixed_data,500,1.0,alt,1.0,29,pillai,False
mixed_data,500,1.0,alt,1.0,30,pillai,False
mixed_data,500,1.0,alt,1.0,31,pillai,False
mixed_data,500,1.0,alt,1.0,32,pillai,True
mixed_data,500,1.0,alt,1.0,33,pillai,False
mixed_data,500,1.0,alt,1.0,34,pillai,False
mixed_data,500,1.0,alt,1.0,35,pillai,False
mixed_data,500,1.0,alt,1.0,36,pillai,False
mixed_data,500,1.0,alt,1.0,37,pillai,False
mixed_data,500,1.0,alt,1.0,38,pillai,False
mixed_data,500,1.0,alt,1.0,39,pillai,False
mixed_data,500,1.0,alt,1.0,40,pillai,False
mixed_data,500,1.0,alt,1.0,41,pillai,False
mixed_data,500,1.0,alt,1.0,42,pillai,False
mixed_data,500,1.0,alt,1.0,43,pillai,False
mixed_data,500,1.0,alt,1.0,44,pillai,False
mixed_data,500,1.0,alt,1.0,45,pillai,False
mixed_data,500,1.0,alt,1.0,46,pillai,False
mixed_data,500,1.0,alt,1.0,47,pillai,False
mixed_data,500,1.0,alt,1.0,48,pillai,False
mixed_data,500,1.0,alt,1.0,49,pillai,False
mixed_data,1000,0.5,null,0.0,0,pillai,False
mixed_data,1000,0.5,null,0.0,1,pillai,False
mixed_data,1000,0.5,null,0.0,2,pillai,False
mixed_data,1000,0.5,null,0.0,3,pillai,False
mixed_data,1000,0.5,null,0.0,4,pillai,False
mixed_data,1000,0.5,null,0.0,5,pillai,False
mixed_data,1000,0.5,null,0.0,6,pillai,False
mixed_data,1000,0.5,null,0.0,7,pillai,False
mixed_data,1000,0.5,null,0.0,8,pillai,False
mixed_data,1000,0.5,null,0.0,9,pillai,True
mixed_data,1000,0.5,null,0.0,10,pillai,False
mixed_data,1000,0.5,null,0.0,11,pillai,False
mixed_data,1000,0.5,null,0.0,12,pillai,False
mixed_data,1000,0.5,null,0.0,13,pillai,False
mixed_data,1000,0.5,null,0.0,14,pillai,False
mixed_data,1000,0.5,null,0.0,15,pillai,False
mixed_data,1000,0.5,null,0.0,16,pillai,False
mixed_data,1000,0.5,null,0.0,17,pillai,False
mixed_data,1000,0.5,null,0.0,18,pillai,False
mixed_data,1000,0.5,null,0.0,19,pillai,False
mixed_data,1000,0.5,null,0.0,20,pillai,False
mixed_data,1000,0.5,null,0.0,21,pillai,False
mixed_data,1000,0.5,null,0.0,22,pillai,False
mixed_data,1000,0.5,null,0.0,23,pillai,False
mixed_data,1000,0.5,null,0.0,24,pillai,False
mixed_data,1000,0.5,null,0.0,25,pillai,False
mixed_data,1000,0.5,null,0.0,26,pillai,False
mixed_data,1000,0.5,null,0.0,27,pillai,False
mixed_data,1000,0.5,null,0.0,28,pillai,False
mixed_data,1000,0.5,null,0.0,29,pillai,False
mixed_data,1000,0.5,null,0.0,30,pillai,False
mixed_data,1000,0.5,null,0.0,31,pillai,False
mixed_data,1000,0.5,null,0.0,32,pillai,True
mixed_data,1000,0.5,null,0.0,33,pillai,False
mixed_data,1000,0.5,null,0.0,34,pillai,False
mixed_data,1000,0.5,null,0.0,35,pillai,False
mixed_data,1000,0.5,null,0.0,36,pillai,False
mixed_data,1000,0.5,null,0.0,37,pillai,False
mixed_data,1000,0.5,null,0.0,38,pillai,False
mixed_data,1000,0.5,null,0.0,39,pillai,False
mixed_data,1000,0.5,null,0.0,40,pillai,False
mixed_data,1000,0.5,null,0.0,41,pillai,False
mixed_data,1000,0.5,null,0.0,42,pillai,False
mixed_data,1000,0.5,null,0.0,43,pillai,False
mixed_data,1000,0.5,null,0.0,44,pillai,False
mixed_data,1000,0.5,null,0.0,45,pillai,False
mixed_data,1000,0.5,null,0.0,46,pillai,False
mixed_data,1000,0.5,null,0.0,47,pillai,False
mixed_data,1000,0.5,null,0.0,48,pillai,False
mixed_data,1000,0.5,null,0.0,49,pillai,False
mixed_data,1000,0.5,alt,1.0,0,pillai,False
mixed_data,1000,0.5,alt,1.0,1,pillai,False
mixed_data,1000,0.5,alt,1.0,2,pillai,False
mixed_data,1000,0.5,alt,1.0,3,pillai,False
mixed_data,1000,0.5,alt,1.0,4,pillai,False
mixed_data,1000,0.5,alt,1.0,5,pillai,False
mixed_data,1000,0.5,alt,1.0,6,pillai,False
mixed_data,1000,0.5,alt,1.0,7,pillai,False
mixed_data,1000,0.5,alt,1.0,8,pillai,False
mixed_data,1000,0.5,alt,1.0,9,pillai,True
mixed_data,1000,0.5,alt,1.0,10,pillai,False
mixed_data,1000,0.5,alt,1.0,11,pillai,False
mixed_data,1000,0.5,alt,1.0,12,pillai,False
mixed_data,1000,0.5,alt,1.0,13,pillai,False
mixed_data,1000,0.5,alt,1.0,14,pillai,False
mixed_data,1000,0.5,alt,1.0,15,pillai,False
mixed_data,1000,0.5,alt,1.0,16,pillai,False
mixed_data,1000,0.5,alt,1.0,17,pillai,False
mixed_data,1000,0.5,alt,1.0,18,pillai,False
mixed_data,1000,0.5,alt,1.0,19,pillai,False
mixed_data,1000,0.5,alt,1.0,20,pillai,False
mixed_data,1000,0.5,alt,1.0,21,pillai,False
mixed_data,1000,0.5,alt,1.0,22,pillai,False
mixed_data,1000,0.5,alt,1.0,23,pillai,False
mixed_data,1000,0.5,alt,1.0,24,pillai,False
mixed_data,1000,0.5,alt,1.0,25,pillai,False
mixed_data,1000,0.5,alt,1.0,26,pillai,False
mixed_data,1000,0.5,alt,1.0,27,pillai,False
mixed_data,1000,0.5,alt,1.0,28,pillai,False
mixed_data,1000,0.5,alt,1.0,29,pillai,False
mixed_data,1000,0.5,alt,1.0,30,pillai,False
mixed_data,1000,0.5,alt,1.0,31,pillai,False
mixed_data,1000,0.5,alt,1.0,32,pillai,True
mixed_data,1000,0.5,alt,1.0,33,pillai,False
mixed_data,1000,0.5,alt,1.0,34,pillai,False
mixed_data,1000,0.5,alt,1.0,35,pillai,False
mixed_data,1000,0.5,alt,1.0,36,pillai,False
mixed_data,1000,0.5,alt,1.0,37,pillai,False
mixed_data,1000,0.5,alt,1.0,38,pillai,False
mixed_data,1000,0.5,alt,1.0,39,pillai,False
mixed_data,1000,0.5,alt,1.0,40,pillai,False
mixed_data,1000,0.5,alt,1.0,41,pillai,False
mixed_data,1000,0.5,alt,1.0,42,pillai,False
mixed_data,1000,0.5,alt,1.0,43,pillai,False
mixed_data,1000,0.5,alt,1.0,44,pillai,False
mixed_data,1000,0.5,alt,1.0,45,pillai,False
mixed_data,1000,0.5,alt,1.0,46,pillai,False
mixed_data,1000,0.5,alt,1.0,47,pillai,False
mixed_data,1000,0.5,alt,1.0,48,pillai,False
mixed_data,1000,0.5,alt,1.0,49,pillai,False
mixed_data,1000,1.0,null,0.0,0,pillai,False
mixed_data,1000,1.0,null,0.0,1,pillai,False
mixed_data,1000,1.0,null,0.0,2,pillai,False
mixed_data,1000,1.0,null,0.0,3,pillai,False
mixed_data,1000,1.0,null,0.0,4,pillai,False
mixed_data,1000,1.0,null,0.0,5,pillai,False
mixed_data,1000,1.0,null,0.0,6,pillai,False
mixed_data,1000,1.0,null,0.0,7,pillai,False
mixed_data,1000,1.0,null,0.0,8,pillai,False
mixed_data,1000,1.0,null,0.0,9,pillai,True
mixed_data,1000,1.0,null,0.0,10,pillai,False
mixed_data,1000,1.0,null,0.0,11,pillai,False
mixed_data,1000,1.0,null,0.0,12,pillai,False
mixed_data,1000,1.0,null,0.0,13,pillai,False
mixed_data,1000,1.0,null,0.0,14,pillai,False
mixed_data,1000,1.0,null,0.0,15,pillai,False
mixed_data,1000,1.0,null,0.0,16,pillai,False
mixed_data,1000,1.0,null,0.0,17,pillai,False
mixed_data,1000,1.0,null,0.0,18,pillai,False
mixed_data,1000,1.0,null,0.0,19,pillai,False
mixed_data,1000,1.0,null,0.0,20,pillai,False
mixed_data,1000,1.0,null,0.0,21,pillai,False
mixed_data,1000,1.0,null,0.0,22,pillai,False
mixed_data,1000,1.0,null,0.0,23,pillai,False
mixed_data,1000,1.0,null,0.0,24,pillai,False
mixed_data,1000,1.0,null,0.0,25,pillai,False
mixed_data,1000,1.0,null,0.0,26,pillai,False
mixed_data,1000,1.0,null,0.0,27,pillai,False
mixed_data,1000,1.0,null,0.0,28,pillai,False
mixed_data,1000,1.0,null,0.0,29,pillai,False
mixed_data,1000,1.0,null,0.0,30,pillai,False
mixed_data,1000,1.0,null,0.0,31,pillai,False
mixed_data,1000,1.0,null,0.0,32,pillai,True
mixed_data,1000,1.0,null,0.0,33,pillai,False
mixed_data,1000,1.0,null,0.0,34,pillai,False
mixed_data,1000,1.0,null,0.0,35,pillai,False
mixed_data,1000,1.0,null,0.0,36,pillai,False
mixed_data,1000,1.0,null,0.0,37,pillai,False
mixed_data,1000,1.0,null,0.0,38,pillai,False
mixed_data,1000,1.0,null,0.0,39,pillai,False
mixed_data,1000,1.0,null,0.0,40,pillai,False
mixed_data,1000,1.0,null,0.0,41,pillai,False
mixed_data,1000,1.0,null,0.0,42,pillai,False
mixed_data,1000,1.0,null,0.0,43,pillai,False
mixed_data,1000,1.0,null,0.0,44,pillai,False
mixed_data,1000,1.0,null,0.0,45,pillai,False
mixed_data,1000,1.0,null,0.0,46,pillai,False
mixed_data,1000,1.0,null,0.0,47,pillai,False
mixed_data,1000,1.0,null,0.0,48,pillai,False
mixed_data,1000,1.0,null,0.0,49,pillai,False
mixed_data,1000,1.0,alt,1.0,0,pillai,False
mixed_data,1000,1.0,alt,1.0,1,pillai,False
mixed_data,1000,1.0,alt,1.0,2,pillai,False
mixed_data,1000,1.0,alt,1.0,3,pillai,False
mixed_data,1000,1.0,alt,1.0,4,pillai,False
mixed_data,1000,1.0,alt,1.0,5,pillai,False
mixed_data,1000,1.0,alt,1.0,6,pillai,False
mixed_data,1000,1.0,alt,1.0,7,pillai,False
mixed_data,1000,1.0,alt,1.0,8,pillai,False
mixed_data,1000,1.0,alt,1.0,9,pillai,True
mixed_data,1000,1.0,alt,1.0,10,pillai,False
mixed_data,1000,1.0,alt,1.0,11,pillai,False
mixed_data,1000,1.0,alt,1.0,12,pillai,False
mixed_data,1000,1.0,alt,1.0,13,pillai,False
mixed_data,1000,1.0,alt,1.0,14,pillai,False
mixed_data,1000,1.0,alt,1.0,15,pillai,False
mixed_data,1000,1.0,alt,1.0,16,pillai,False
mixed_data,1000,1.0,alt,1.0,17,pillai,False
mixed_data,1000,1.0,alt,1.0,18,pillai,False
mixed_data,1000,1.0,alt,1.0,19,pillai,False
mixed_data,1000,1.0,alt,1.0,20,pillai,False
mixed_data,1000,1.0,alt,1.0,21,pillai,False
mixed_data,1000,1.0,alt,1.0,22,pillai,False
mixed_data,1000,1.0,alt,1.0,23,pillai,False
mixed_data,1000,1.0,alt,1.0,24,pillai,False
mixed_data,1000,1.0,alt,1.0,25,pillai,False
mixed_data,1000,1.0,alt,1.0,26,pillai,False
mixed_data,1000,1.0,alt,1.0,27,pillai,False
mixed_data,1000,1.0,alt,1.0,28,pillai,False
mixed_data,1000,1.0,alt,1.0,29,pillai,False
mixed_data,1000,1.0,alt,1.0,30,pillai,False
mixed_data,1000,1.0,alt,1.0,31,pillai,False
mixed_data,1000,1.0,alt,1.0,32,pillai,True
mixed_data,1000,1.0,alt,1.0,33,pillai,False
mixed_data,1000,1.0,alt,1.0,34,pillai,False
mixed_data,1000,1.0,alt,1.0,35,pillai,False
mixed_data,1000,1.0,alt,1.0,36,pillai,False
mixed_data,1000,1.0,alt,1.0,37,pillai,False
mixed_data,1000,1.0,alt,1.0,38,pillai,False
mixed_data,1000,1.0,alt,1.0,39,pillai,False
mixed_data,1000,1.0,alt,1.0,40,pillai,False
mixed_data,1000,1.0,alt,1.0,41,pillai,False
mixed_data,1000,1.0,alt,1.0,42,pillai,False
mixed_data,1000,1.0,alt,1.0,43,pillai,False
mixed_data,1000,1.0,alt,1.0,44,pillai,False
mixed_data,1000,1.0,alt,1.0,45,pillai,False
mixed_data,1000,1.0,alt,1.0,46,pillai,False
mixed_data,1000,1.0,alt,1.0,47,pillai,False
mixed_data,1000,1.0,alt,1.0,48,pillai,False
mixed_data,1000,1.0,alt,1.0,49,pillai,False
